Name,Target_values,x2,x5,x6,x7,x8,x9,x10,x11,Csub-Csub,Csub-H,Csub-O,H-O,Set,Target_values_pred
4,1.026447198,112.101181,69.10329437,18.04229437,0,1,0,1,1,0,0,1,0,Validation,0.8560714385999997
9,1.047746118,110.5679703,78.03665161,8.735651611,1,0,1,1,2,1,0,0,0,Validation,1.0757945883124995
13,2.221390241,110.5127563,77.87947083,43.34847083,2,0,0,0,2,1,0,0,0,Validation,2.1766169485874998
14,2.138192104,110.3923798,78.41550446,42.81450446,2,0,0,0,2,1,0,0,0,Validation,2.1766169485874998
15,1.883806797,110.719635,89.83821106,42.27521106,2,0,0,0,2,0,1,0,0,Validation,1.9674554287000006
22,2.391560251,110.9408264,78.66916656,37.94816656,2,0,0,0,2,1,0,0,0,Validation,2.1855417592375006
27,1.694401925,110.9802704,77.10182953,51.03182953,1,0,0,0,1,1,0,0,0,Validation,1.8487572616750019
33,0.39762592,111.0383148,55.76971817,-71.26043939,0,2,1,3,3,0,0,1,0,Validation,0.37812570977500004
