Name,Target_values,x2,x5,x6,x7,x8,x9,x10,x11,Csub-Csub,Csub-H,Csub-O,H-O,Set,Target_values_pred
13,2.221390241,110.5127563,77.87947083,43.34847083,2,0,0,0,2,1,0,0,0,Validation,2.3752766886666667
14,2.138192104,110.3923798,78.41550446,42.81450446,2,0,0,0,2,1,0,0,0,Validation,2.2124697053333335
15,1.883806797,110.719635,89.83821106,42.27521106,2,0,0,0,2,0,1,0,0,Validation,1.9602686356666668
22,2.391560251,110.9408264,78.66916656,37.94816656,2,0,0,0,2,1,0,0,0,Validation,2.312908191
