Name,Target_values,x2,x5,x6,x7,x8,x9,x10,x11,Csub-Csub,Csub-H,Csub-O,H-O
1,1.854766065,110.9270401,89.87553406,49.77253406,1,0,0,0,1,FALSE,TRUE,FALSE,FALSE
2,2.034511341,110.6553116,78.65235138,55.53135138,1,0,0,0,1,TRUE,FALSE,FALSE,FALSE
..., , , , , , , , , , , , ,
36,0.321084552,110.7593079,59.81459808,-76.60640192,0,2,1,3,3,FALSE,FALSE,TRUE,FALSE
37,0.329517076,115.2292938,70.45233154,-65.96866846,0,2,1,3,3,FALSE,FALSE,TRUE,FALSE
