{"total energy": -27.21211421, "HOMO-LUMO gap/eV": 12.2646092, "electronic energy": -27.55680883, "dipole": [0.31714166, 0.50021577, -0.44105676], "partial charges": "NaN", "atomic dipole moments": [[0.01144688, 0.09689684, -0.02637669], [0.0837455, -0.06897338, 0.02020394], [-0.04813893, -0.03198235, 0.09361916], [0.04720889, 0.05150966, -0.09429613], [-0.01844766, -0.08713921, -0.07488367], [-0.04233186, -0.06668523, 0.07651309], [0.06653484, 0.05621897, 0.18178432], [0.03831836, 0.11094338, -0.20896992], [0.03756594, -0.02443187, 0.11834084], [0.06078089, -0.07741183, -0.0788366], [-0.12082384, -0.02963722, -0.00533571], [-0.05302154, 0.01885185, -0.10678502], [-0.06306219, 0.07127962, 0.07930141], [0.00172293, 0.11269569, -0.04576545], [0.05752781, -0.06920266, -0.08592416], [0.00634607, -0.11778111, 0.04602126], [-0.06295814, 0.06030383, 0.08584676], [-0.00773581, 0.11832531, -0.02447258], [0.04658336, 0.00080103, 0.1145755], [0.10276115, 0.061116, 0.00969698], [-0.03563826, 0.02062868, -0.11818302], [-0.1050557, -0.07153968, -0.02260886], [0.0838533, -0.04418872, -0.06666105], [0.06631816, 0.04321099, 0.00048826]], "atomic quadrupole moments": [[-0.09403625, 0.03895819, 0.2008071, -0.00612315, -0.08369921, -0.10677085], [0.0843738, 0.11130652, 0.10357002, -0.02303481, -0.08841094, -0.18794383], [0.15429449, 0.08352452, -0.18704114, 0.09361633, -0.03186182, 0.03274665], [0.12432299, 0.12331755, -0.1667996, 0.10819527, -0.010934, 0.04247661], [0.16523983, 0.03235178, -0.09052643, -0.14133154, 0.08239288, -0.0747134], [-0.08818854, -0.11565607, 0.15508536, -0.10207682, 0.01463234, -0.06689682], [-0.25446946, -0.07059455, -0.0472335, 0.21822828, -0.13209115, 0.30170297], [-0.06191827, 0.01506679, -0.07930419, 0.07216683, -0.05577508, 0.14122246], [-0.03358548, -0.00043881, -0.02663415, 0.04683218, -0.00692125, 0.06021963], [-0.01351977, -0.03352863, -1.723e-05, -0.05091698, 0.03591016, 0.01353699], [0.07800627, 0.02086142, -0.02693434, 0.00992827, -0.00870843, -0.05107194], [-0.0179027, 0.01652877, -0.0250809, 0.03207041, -0.01514667, 0.04298361], [-0.02003136, -0.00746996, 0.00452129, -0.03462879, 0.03492624, 0.01551007], [-0.02203718, 0.00666671, 0.05381734, 0.01352141, -0.02319853, -0.03178016], [0.00140735, -0.03090401, 0.00207282, -0.01441185, 0.03941655, -0.00348017], [-0.02229983, -0.00647007, 0.05372639, 0.01542984, -0.01013615, -0.03142656], [0.00773823, -0.02666102, -0.00775267, -0.02274602, 0.03962097, 1.444e-05], [-0.01645424, -0.01571897, 0.04563826, -0.01287645, -0.03435723, -0.02918402], [0.00511648, -0.00514596, -0.04745018, 0.02379759, -0.01948496, 0.0423337], [0.04883278, 0.0282602, -0.00693712, 0.0042561, 0.02474115, -0.04189566], [-0.017956, -0.018049, -0.02561426, 0.04020723, -0.0013759, 0.04357025], [0.04020025, 0.03090942, -0.01476854, 0.0043397, -0.01163906, -0.0254317], [0.00839855, -0.02179103, -0.03283245, -0.02812178, 0.00271365, 0.0244339], [0.07002506, 0.09926022, -0.02979555, 0.02967458, 0.00671105, -0.04022951]], "number of molecular orbitals": 48, "number of electrons": 50, "number of unpaired electrons": 0, "orbital energies/eV": [-18.53467333, -17.10887943, -16.81101742, -16.54332684, -16.18611436, -15.82961149, -15.35397356, -14.9932867, -14.68099811, -14.36312079, -14.19847893, -13.74324379, -13.59544096, -13.46154077, -13.03114622, -12.75944521, -12.69127836, -12.4011976, -12.05689211, -11.96365207, -11.7832133, -11.45388659, -11.37169058, -11.24774284, -11.03044415, 1.23416505, 1.95769387, 2.49062099, 2.59040542, 2.88967791, 3.23720764, 3.50375323, 3.63810856, 3.94709223, 4.16066205, 4.390568, 4.76680365, 4.98974288, 5.10499007, 5.80419904, 6.24809507, 6.51401311, 7.02533029, 7.30279195, 7.33571138, 7.74100965, 8.00336578, 8.28146929], "fractional occupation": [2.0, 2.0, 2.0, 2.0, 2.0, 2.0, 2.0, 2.0, 2.0, 2.0, 2.0, 2.0, 2.0, 2.0, 2.0, 2.0, 2.0, 2.0, 2.0, 2.0, 2.0, 2.0, 2.0, 2.0, 2.0, 0.0, 0.0, 0.0, 0.0, 0.0, 0.0, 0.0, 0.0, 0.0, 0.0, 0.0, 0.0, 0.0, 0.0, 0.0, 0.0, 0.0, 0.0, 0.0, 0.0, 0.0, 0.0, 0.0], "program call": "xtb /mnt/netapp1/Store_CSIC/home/csic/qoy/jar/test/QDESCP/mol_26_rdkit_conf_1/mol_26_rdkit_conf_1.xyz --pop --wbo --acc 0.2 --gfn 2 --chrg 0 --uhf 0 --etemp 300 --input /mnt/netapp1/Store_CSIC/home/csic/qoy/jar/test/QDESCP/mol_26_rdkit_conf_1/mol_26_rdkit_conf_1_xtb.inp", "method": "GFN2-xTB", "xtb version": "6.4.1 (unknown)", "Dipole module/D": 1.877, "Total charge": 0, "Transition dipole module/D": NaN, "HOMO": -11.0304, "LUMO": 1.2342, "HOMO occupancy": 2.0, "LUMO occupancy": 0, "mulliken charges": "NaN", "cm5 charges": "NaN", "FUKUI+": "NaN", "FUKUI-": "NaN", "FUKUIrad": "NaN", "s proportion": "NaN", "p proportion": "NaN", "d proportion": "NaN", "Fermi-level/eV": -4.8981, "Coordination numbers": "NaN", "Dispersion coefficient C6": "NaN", "Total dispersion C6": 3828.176894, "Total dispersion C8": 79167.938279, "Polarizability alpha": "NaN", "Total polarizability alpha": 91.478083,