{"total energy": -20.88685349, "HOMO-LUMO gap/eV": 11.92169715, "electronic energy": -21.13929703, "dipole": [0.6621449, -0.42108575, -0.10104687], "partial charges": "NaN", "atomic dipole moments": [[-0.09054891, 0.00013196, 0.05875981], [-0.00685042, -0.00928383, -0.1094472], [-0.01441532, 0.06940286, 0.06133816], [0.01487462, -0.08687949, 0.0684713], [-0.10381031, -0.0347812, -0.16547827], [0.21865587, -0.07954903, 0.05723597], [0.00615028, -0.10174492, -0.07445753], [0.0146282, 0.10389344, -0.07048347], [0.09901501, -0.00413726, 0.07606722], [0.00258991, 0.10255342, 0.0720106], [0.00785737, -0.09174418, 0.0796312], [0.00578164, -0.09887759, -0.07317254], [-0.00225942, 0.112881, 0.06053633], [0.09088808, 0.00618012, -0.08625458], [-0.10720013, -0.00529558, -0.07049302], [0.00103361, -0.0916596, 0.07270431], [-0.01736961, 0.10491316, 0.07390217], [0.01733816, -0.06761397, -0.03611807]], "atomic quadrupole moments": [[0.1317488, -0.00955717, -0.13034287, -0.15223662, 0.00294266, -0.00140593], [0.22169568, 0.02089696, -0.21772429, -0.01068099, 0.00531476, -0.00397139], [0.12686096, 0.01589202, -0.13255604, -0.00097937, -0.12997205, 0.00569508], [-0.09493815, -0.02371816, 0.09923837, 0.01045011, -0.16686731, -0.00430022], [0.32241998, 0.09918731, -0.32838436, 0.19769329, 0.04424503, 0.00596438], [0.10280332, 0.00636815, -0.07660885, 0.11517423, 0.03823614, -0.02619447], [-0.03504041, 0.01299768, 0.03999279, -0.00466248, 0.05942801, -0.00495239], [-0.03545644, -0.01138167, 0.04209938, -0.00787861, -0.05663578, -0.00664294], [0.03395104, -0.00130493, -0.05521099, 0.05354997, -0.00607308, 0.02125996], [-0.01571905, -0.00338938, 0.0404812, -0.00764196, 0.03809426, -0.02476215], [-0.00821947, 0.00155916, 0.02376363, -0.00189687, -0.04940537, -0.01554416], [-0.03022066, -0.00599284, 0.02811775, -0.00129292, 0.01872714, 0.00210291], [-0.05207918, -0.00152894, 0.0414233, 0.00227439, 0.05397168, 0.01065588], [0.03915985, -0.01208457, -0.03693987, -0.06210151, -0.00511458, -0.00221998], [0.05191264, 0.02165029, -0.03223339, 0.0495116, 0.00030534, -0.01967924], [-0.00410198, -0.00464804, 0.01555679, 0.02619063, -0.03810202, -0.01145481], [-0.01626284, -0.00757888, 0.03894364, -0.0011983, 0.03298707, -0.0226808], [-0.05466746, -0.02631632, 0.06972294, 0.00955875, 0.09941842, -0.01505549]], "number of molecular orbitals": 36, "number of electrons": 38, "number of unpaired electrons": 0, "orbital energies/eV": [-18.54174975, -17.23292724, -16.66621055, -16.26962389, -15.82783837, -15.31583766, -14.80440184, -14.31570455, -14.17718247, -13.79161621, -13.19926001, -12.89519234, -12.80435903, -12.44785698, -12.32286266, -11.82508018, -11.69223596, -11.63985605, -11.02058497, 0.90111218, 1.88187956, 2.31848548, 3.10240284, 3.25863711, 3.7662658, 3.96707312, 4.63190035, 4.85282391, 5.1856981, 5.41252482, 5.72866892, 6.30976504, 6.81843885, 7.15839009, 7.63590508, 7.85281316], "fractional occupation": [2.0, 2.0, 2.0, 2.0, 2.0, 2.0, 2.0, 2.0, 2.0, 2.0, 2.0, 2.0, 2.0, 2.0, 2.0, 2.0, 2.0, 2.0, 2.0, 0.0, 0.0, 0.0, 0.0, 0.0, 0.0, 0.0, 0.0, 0.0, 0.0, 0.0, 0.0, 0.0, 0.0, 0.0, 0.0, 0.0], "program call": "xtb /mnt/netapp1/Store_CSIC/home/csic/qoy/jar/test/QDESCP/mol_17_rdkit_conf_1/mol_17_rdkit_conf_1.xyz --pop --wbo --acc 0.2 --gfn 2 --chrg 0 --uhf 0 --etemp 300 --input /mnt/netapp1/Store_CSIC/home/csic/qoy/jar/test/QDESCP/mol_17_rdkit_conf_1/mol_17_rdkit_conf_1_xtb.inp", "method": "GFN2-xTB", "xtb version": "6.4.1 (unknown)", "Dipole module/D": 2.011, "Total charge": 0, "Transition dipole module/D": NaN, "HOMO": -11.0206, "LUMO": 0.9011, "HOMO occupancy": 2.0, "LUMO occupancy": 0, "mulliken charges": "NaN", "cm5 charges": "NaN", "FUKUI+": "NaN", "FUKUI-": "NaN", "FUKUIrad": "NaN", "s proportion": "NaN", "p proportion": "NaN", "d proportion": "NaN", "Fermi-level/eV": -5.0597, "Coordination numbers": "NaN", "Dispersion coefficient C6": "NaN", "Total dispersion C6": 2125.295954, "Total dispersion C8": 43660.325524, "Polarizability alpha": "NaN", "Total polarizability alpha": 68.073606, "Wiberg matrix": [[0.0, 1.02051295455787, 0.0, 0.0, 0.0, 0.0, 0.987405027666852, 0.98569115944386, 0.986775589899719, 0.0, 0.0, 0.0, 0.0, 0.0, 0.0, 0.0, 0.0, 0.0], [1.02051295455787, 0.0, 0.99442348565079, 0.0, 0.0, 0.0, 0.0, 0.0, 0.0, 0.977335337285075, 0.976991994295647, 0.0, 0.0, 0.0, 0.0, 0.0, 0.0, 0.0], [0.0, 0.99442348565079, 0.0, 1.00997171748138, 0.987212912120887, 0.0, 0.0, 0.0, 0.0, 0.0, 0.0, 0.966302015151543, 0.0, 0.0, 0.0, 0.0, 0.0, 0.0], [0.0, 0.0, 1.00997171748138, 0.0, 0.0, 0.0, 0.0, 0.0, 0.0, 0.0, 0.0, 0.0, 0.986957469288532, 0.984349569072574, 0.984342800157324, 0.0, 0.0, 0.0], [0.0, 0.0, 0.987212912120887, 0.0, 0.0, 0.995047346609601, 0.0, 0.0, 0.0, 0.0, 0.0, 0.0, 0.0, 0.0, 0.0, 0.972148702771785, 0.972757523148486, 0.0], [0.0, 0.0, 0.0, 0.0, 0.995047346609601, 0.0, 0.0, 0.0, 0.0, 0.0, 0.0, 0.0, 0.0, 0.0, 0.0, 0.0, 0.0, 0.904279578167952], [0.987405027666852, 0.0, 0.0, 0.0, 0.0, 0.0, 0.0, 0.0, 0.0, 0.0, 0.0, 0.0, 0.0, 0.0, 0.0, 0.0, 0.0, 0.0], [0.98569115944386, 0.0, 0.0, 0.0, 0.0, 0.0, 0.0, 0.0, 0.0, 0.0, 0.0, 0.0, 0.0, 0.0, 0.0, 0.0, 0.0, 0.0], [0.986775589899719, 0.0, 0.0, 0.0, 0.0, 0.0, 0.0, 0.0, 0.0, 0.0, 0.0, 0.0, 0.0, 0.0, 0.0, 0.0, 0.0, 0.0], [0.0, 0.977335337285075, 0.0, 0.0, 0.0, 0.0, 0.0, 0.0, 0.0, 0.0, 0.0, 0.0, 0.0, 0.0, 0.0, 0.0, 0.0, 0.0], [0.0, 0.976991994295647, 0.0, 0.0, 0.0, 0.0, 0.0, 0.0, 0.0, 0.0, 0.0, 0.0, 0.0, 0.0, 0.0, 0.0, 0.0, 0.0], [0.0, 0.0, 0.966302015151543, 0.0, 0.0, 0.0, 0.0, 0.0, 0.0, 0.0, 0.0, 0.0, 0.0, 0.0, 0.0, 0.0, 0.0, 0.0], [0.0, 0.0, 0.0, 0.986957469288532, 0.0, 0.0, 0.0, 0.0, 0.0, 0.0, 0.0, 0.0, 0.0, 0.0, 0.0, 0.0, 0.0, 0.0], [0.0, 0.0, 0.0, 0.984349569072574, 0.0, 0.0, 0.0, 0.0, 0.0, 0.0, 0.0, 0.0, 0.0, 0.0, 0.0, 0.0, 0.0, 0.0], [0.0, 0.0, 0.0, 0.984342800157324, 0.0, 0.0, 0.0, 0.0, 0.0, 0.0, 0.0, 0.0, 0.0, 0.0, 0.0, 0.0, 0.0, 0.0], [0.0, 0.0, 0.0, 0.0, 0.972148702771785, 0.0, 0.0, 0.0, 0.0, 0.0, 0.0, 0.0, 0.0, 0.0, 0.0, 0.0, 0.0, 0.0], [0.0, 0.0, 0.0, 0.0, 0.972757523148486, 0.0, 0.0, 0.0, 0.0, 0.0, 0.0, 0.0, 0.0, 0.0, 0.0, 0.0, 0.0, 0.0], [0.0, 0.0, 0.0, 0.0, 0.0, 0.904279578167952, 0.0, 0.0, 0.0, 0.0, 0.0, 0.0, 0.0, 0.0, 0.0, 0.0, 0.0, 0.0]], "Born radii": [], "Atomic SASAs": [], "Solvent H bonds": [], "Total SASA": NaN, "Total FOD": 0.0, "FOD": "NaN", "FOD s proportion": "NaN", "FOD p proportion": "NaN", "FOD d proportion": "NaN", "coordinates": [["2.22800", "-0.12920", "-0.08970"], ["0.94720", "-0.09930", "0.73220"], ["-0.33380", "-0.20290", "-0.11440"], ["-0.49410", "0.98530", "-1.06870"], ["-1.55450", "-0.31960", "0.81050"], ["-2.74240", "-0.54140", "0.06110"], ["2.25990", "-1.01150", "-0.73650"], ["2.32700", "0.76380", "-0.71350"], ["3.09800", "-0.16450", "0.57400"], ["0.92810", "0.81790", "1.33350"], ["0.97830", "-0.93840", "1.43860"], ["-0.28300", "-1.11090", "-0.72960"], ["-0.50860", "1.93310", "-0.52000"], ["0.32300", "1.02490", "-1.79530"], ["-1.42530", "0.91160", "-1.64000"], ["-1.43910", "-1.15440", "1.51000"], ["-1.69160", "0.59450", "1.39780"], ["-2.61700", "-1.35890", "-0.45020"]], "DBSTEP_Vbur": "NaN"}