{"total energy": -23.38734453, "HOMO-LUMO gap/eV": 3.53731688, "electronic energy": -23.73031418, "dipole": [-0.65625876, -0.65725898, 0.15320731], "partial charges": "NaN", "atomic dipole moments": [[0.00675776, -0.09540381, -0.14256097], [-0.13949115, 0.01072902, 0.02640756], [-0.00938958, 0.02594881, -0.00285052], [0.01974897, 0.0046246, -0.01135058], [0.23145257, -0.0315197, -0.0701724], [-0.14045443, -0.08744535, 0.11860701], [0.02027772, -0.02836866, 0.00993051], [-0.00608699, -0.01295442, 0.02381206], [-0.06861602, 0.06438147, -0.08792404], [-0.05701898, -0.11148007, 0.02979076], [-0.05469554, -0.09674749, 0.10085538], [0.0703285, -0.11922293, 0.06030796], [0.02118087, -0.06613799, 0.03977214], [0.06446032, 0.10419859, -0.09495083], [-0.06948194, 0.12404295, -0.04902226]], "atomic quadrupole moments": [[0.08280799, -0.02045249, -0.04603764, -0.04371715, 0.0042929, -0.03677035], [0.03043879, 0.0797164, -0.13638983, 0.07468607, 0.31849044, 0.10595104], [-0.15313571, 0.11766295, 0.004984, 0.14758789, 0.30757797, 0.14815171], [-0.14486728, 0.12195115, -0.02335964, 0.13890943, 0.28964239, 0.16822692], [0.20599344, 0.0420227, -0.2362774, 5.437e-05, 0.34339383, 0.03028396], [0.08894005, -0.01914959, -0.04418103, -0.05128254, -0.01459495, -0.04475902], [-0.16002776, 0.08553659, -0.03194582, 0.18716034, 0.30895305, 0.19197358], [-0.15200073, 0.10790967, -0.0664787, 0.16265372, 0.28444783, 0.21847942], [0.01799851, -0.04056072, -0.00087705, 0.01706087, -0.05507997, -0.01712146], [0.00848284, 0.02694937, 0.0298709, -0.0299274, -0.04966233, -0.03835374], [0.0277787, -0.01235411, -0.00044577, -0.02624724, -0.0422401, -0.02733293], [0.02809112, -0.02427798, 0.00036792, -0.01762698, -0.03682422, -0.02845903], [-0.00917891, -0.07447234, 0.05349671, 0.0227615, -0.07356929, -0.0443178], [0.02429744, -0.01279099, 0.00168913, -0.0238484, -0.03658622, -0.02598657], [0.02946376, -0.0204813, 0.00111399, -0.0212183, -0.03982675, -0.03057775]], "number of molecular orbitals": 39, "number of electrons": 42, "number of unpaired electrons": 0, "orbital energies/eV": [-19.03625732, -17.53290776, -17.25120153, -16.72898656, -16.49592844, -16.01996594, -15.60198226, -14.9913628, -14.51381169, -14.2850682, -13.92009703, -13.8648984, -13.14954766, -12.87746731, -12.82439817, -12.52890631, -12.11012756, -11.38157871, -11.25866781, -10.7390338, -9.51592228, -5.97860541, -5.30610732, -2.24044984, 0.93135531, 2.29217641, 3.21836481, 3.99118813, 4.12418654, 4.8499939, 5.41137115, 5.62724854, 6.06339184, 10.77562249, 11.06741627, 11.80751824, 12.61589103, 16.88713846, 17.65775408], "fractional occupation": [2.0, 2.0, 2.0, 2.0, 2.0, 2.0, 2.0, 2.0, 2.0, 2.0, 2.0, 2.0, 2.0, 2.0, 2.0, 2.0, 2.0, 2.0, 2.0, 2.0, 2.0, 0.0, 0.0, 0.0, 0.0, 0.0, 0.0, 0.0, 0.0, 0.0, 0.0, 0.0, 0.0, 0.0, 0.0, 0.0, 0.0, 0.0, 0.0], "program call": "xtb /mnt/netapp1/Store_CSIC/home/csic/qoy/jar/test/QDESCP/mol_64_rdkit_conf_1/mol_64_rdkit_conf_1.xyz --pop --wbo --acc 0.2 --gfn 2 --chrg 0 --uhf 0 --etemp 300 --input /mnt/netapp1/Store_CSIC/home/csic/qoy/jar/test/QDESCP/mol_64_rdkit_conf_1/mol_64_rdkit_conf_1_xtb.inp", "method": "GFN2-xTB", "xtb version": "6.4.1 (unknown)", "Dipole module/D": 2.393, "Total charge": 0, "Transition dipole module/D": NaN, "HOMO": -9.5159, "LUMO": -5.9786, "HOMO occupancy": 2.0, "LUMO occupancy": 0, "mulliken charges": "NaN", "cm5 charges": "NaN", "FUKUI+": "NaN", "FUKUI-": "NaN", "FUKUIrad": "NaN", "s proportion": "NaN", "p proportion": "NaN", "d proportion": "NaN", "Fermi-level/eV": -7.7473, "Coordination numbers": "NaN", "Dispersion coefficient C6": "NaN", "Total dispersion C6": 2621.565722, "Total dispersion C8": 62292.209943, "Polarizability alpha": "NaN", "Total polarizability alpha": 81.245882, "Wiberg matrix": [[0.0, 1.12317667147843, 0.0, 0.0, 0.0, 0.0, 0.0, 0.0, 0.957480409150285, 0.957577815480723, 0.0, 0.0, 0.0, 0.0, 0.0], [1.12317667147843, 0.0, 1.36307630863295, 0.0, 0.0, 0.0, 0.0, 1.35888960051313, 0.0, 0.0, 0.0, 0.0, 0.0, 0.0, 0.0], [0.0, 1.36307630863295, 0.0, 1.44500359515505, 0.0, 0.0, 0.10868124081563, 0.0, 0.0, 0.0, 0.969668120038632, 0.0, 0.0, 0.0, 0.0], [0.0, 0.0, 1.44500359515505, 0.0, 1.37584816970712, 0.0, 0.0, 0.106261321328693, 0.0, 0.0, 0.0, 0.967051658446926, 0.0, 0.0, 0.0], [0.0, 0.0, 0.0, 1.37584816970712, 0.0, 1.05607913237894, 1.36821476005039, 0.0, 0.0, 0.0, 0.0, 0.0, 0.0, 0.0, 0.0], [0.0, 0.0, 0.0, 0.0, 1.05607913237894, 0.0, 0.0, 0.0, 0.0, 0.0, 0.0, 0.0, 0.891975131613136, 0.0, 0.0], [0.0, 0.0, 0.10868124081563, 0.0, 1.36821476005039, 0.0, 0.0, 1.45533158322909, 0.0, 0.0, 0.0, 0.0, 0.0, 0.968765432462255, 0.0], [0.0, 1.35888960051313, 0.0, 0.106261321328693, 0.0, 0.0, 1.45533158322909, 0.0, 0.0, 0.0, 0.0, 0.0, 0.0, 0.0, 0.969221832717779], [0.957480409150285, 0.0, 0.0, 0.0, 0.0, 0.0, 0.0, 0.0, 0.0, 0.0, 0.0, 0.0, 0.0, 0.0, 0.0], [0.957577815480723, 0.0, 0.0, 0.0, 0.0, 0.0, 0.0, 0.0, 0.0, 0.0, 0.0, 0.0, 0.0, 0.0, 0.0], [0.0, 0.0, 0.969668120038632, 0.0, 0.0, 0.0, 0.0, 0.0, 0.0, 0.0, 0.0, 0.0, 0.0, 0.0, 0.0], [0.0, 0.0, 0.0, 0.967051658446926, 0.0, 0.0, 0.0, 0.0, 0.0, 0.0, 0.0, 0.0, 0.0, 0.0, 0.0], [0.0, 0.0, 0.0, 0.0, 0.0, 0.891975131613136, 0.0, 0.0, 0.0, 0.0, 0.0, 0.0, 0.0, 0.0, 0.0], [0.0, 0.0, 0.0, 0.0, 0.0, 0.0, 0.968765432462255, 0.0, 0.0, 0.0, 0.0, 0.0, 0.0, 0.0, 0.0], [0.0, 0.0, 0.0, 0.0, 0.0, 0.0, 0.0, 0.969221832717779, 0.0, 0.0, 0.0, 0.0, 0.0, 0.0, 0.0]], "Born radii": [], "Atomic SASAs": [], "Solvent H bonds": [], "Total SASA": NaN, "Total FOD": 0.0727, "FOD": "NaN", "FOD s proportion": "NaN", "FOD p proportion": "NaN", "FOD d proportion": "NaN", "coordinates": [["-2.41850", "0.42170", "0.77820"], ["-1.12990", "0.18160", "0.28720"], ["-0.36750", "-0.87380", "0.79780"], ["0.96180", "-1.05380", "0.40320"], ["1.54090", "-0.14580", "-0.47540"], ["2.83360", "-0.27840", "-0.88660"], ["0.81780", "0.94120", "-0.94800"], ["-0.50930", "1.11490", "-0.54800"], ["-2.99280", "0.98520", "0.15910"], ["-2.89930", "-0.41380", "1.09560"], ["-0.80540", "-1.56750", "1.51040"], ["1.52390", "-1.89230", "0.80070"], ["3.21230", "-1.06640", "-0.46410"], ["1.28700", "1.66000", "-1.61300"], ["-1.05460", "1.98720", "-0.89720"]], "DBSTEP_Vbur": "NaN"}