{"total energy": -13.81704272, "HOMO-LUMO gap/eV": 3.96345783, "electronic energy": -14.01812757, "dipole": [0.00070289, -0.32671799, -0.03448928], "partial charges": "NaN", "atomic dipole moments": [[0.02201749, -0.02674633, 0.0013491], [-0.0219092, -0.02594532, -0.0068962], [-0.07947193, 0.13215666, -0.00097993], [0.00069278, -0.31355058, -0.03309658], [0.07890171, 0.12936871, 0.02857663], [-0.09339636, -0.13105368, -0.03152606], [0.09396534, -0.13435081, 0.00348667], [0.15018085, 0.04603435, 0.03320608], [-0.1503795, 0.05132974, -0.02290732]], "atomic quadrupole moments": [[-0.18853188, 0.05937398, -0.25285066, -0.11802326, -0.06545988, 0.44138254], [-0.188156, -0.03314192, -0.24957601, -0.12771831, -0.08257661, 0.43773201], [-0.0640711, -0.24202646, -0.22128808, -0.09706063, -0.10243568, 0.28535917], [0.09837648, -0.00683897, 0.12994105, 0.06394082, 0.03838148, -0.22831753], [-0.06617108, 0.25769744, -0.23890574, -0.0444827, -0.01000852, 0.30507682], [0.01461911, 0.00027877, 0.02898096, 0.01157271, 0.00805479, -0.04360007], [0.01463143, -0.00274833, 0.02908375, 0.01126078, 0.0075077, -0.04371518], [0.03339237, -0.01596701, 0.01614268, 0.01454855, 0.00428676, -0.04953505], [0.03328832, 0.01265041, 0.01512259, 0.01757283, 0.00957461, -0.04841091]], "number of molecular orbitals": 29, "number of electrons": 26, "number of unpaired electrons": 0, "orbital energies/eV": [-19.84470557, -17.31676805, -16.55981475, -15.42187288, -15.00284554, -14.47660905, -13.01599125, -12.85261663, -12.67936809, -12.59663965, -12.23492476, -10.77071284, -10.60820443, -6.64474661, -5.33747764, -4.71109319, -3.05000604, 0.03654539, 0.89159954, 1.06545063, 3.14147245, 3.95007281, 5.28995548, 5.68223806, 9.06510428, 10.73360099, 13.35206371, 14.34289176, 18.48794227], "fractional occupation": [2.0, 2.0, 2.0, 2.0, 2.0, 2.0, 2.0, 2.0, 2.0, 2.0, 2.0, 2.0, 2.0, 0.0, 0.0, 0.0, 0.0, 0.0, 0.0, 0.0, 0.0, 0.0, 0.0, 0.0, 0.0, 0.0, 0.0, 0.0, 0.0], "program call": "xtb /mnt/netapp1/Store_CSIC/home/csic/qoy/jar/test/QDESCP/mol_5_rdkit_conf_1/mol_5_rdkit_conf_1.xyz --pop --wbo --acc 0.2 --gfn 2 --chrg 0 --uhf 0 --etemp 300 --input /mnt/netapp1/Store_CSIC/home/csic/qoy/jar/test/QDESCP/mol_5_rdkit_conf_1/mol_5_rdkit_conf_1_xtb.inp", "method": "GFN2-xTB", "xtb version": "6.4.1 (unknown)", "Dipole module/D": 0.835, "Total charge": 0, "Transition dipole module/D": NaN, "HOMO": -10.6082, "LUMO": -6.6447, "HOMO occupancy": 2.0, "LUMO occupancy": 0, "mulliken charges": "NaN", "cm5 charges": "NaN", "FUKUI+": "NaN", "FUKUI-": "NaN", "FUKUIrad": "NaN", "s proportion": "NaN", "p proportion": "NaN", "d proportion": "NaN", "Fermi-level/eV": -8.6265, "Coordination numbers": "NaN", "Dispersion coefficient C6": "NaN", "Total dispersion C6": 1571.242001, "Total dispersion C8": 48618.480444, "Polarizability alpha": "NaN", "Total polarizability alpha": 65.064392, "Wiberg matrix": [[0.0, 1.28372680114767, 0.0, 0.0, 1.61382319757296, 0.966710236794275, 0.0, 0.0, 0.0], [1.28372680114767, 0.0, 1.6138298448892, 0.0, 0.0, 0.0, 0.966707552092688, 0.0, 0.0], [0.0, 1.6138298448892, 0.0, 1.20918870116006, 0.124134925332656, 0.0, 0.0, 0.971448411149645, 0.0], [0.0, 0.0, 1.20918870116006, 0.0, 1.20918115377546, 0.0, 0.0, 0.0, 0.0], [1.61382319757296, 0.0, 0.124134925332656, 1.20918115377546, 0.0, 0.0, 0.0, 0.0, 0.971453555120952], [0.966710236794275, 0.0, 0.0, 0.0, 0.0, 0.0, 0.0, 0.0, 0.0], [0.0, 0.966707552092688, 0.0, 0.0, 0.0, 0.0, 0.0, 0.0, 0.0], [0.0, 0.0, 0.971448411149645, 0.0, 0.0, 0.0, 0.0, 0.0, 0.0], [0.0, 0.0, 0.0, 0.0, 0.971453555120952, 0.0, 0.0, 0.0, 0.0]], "Born radii": [], "Atomic SASAs": [], "Solvent H bonds": [], "Total SASA": NaN, "Total FOD": 0.054, "FOD": "NaN", "FOD s proportion": "NaN", "FOD p proportion": "NaN", "FOD d proportion": "NaN", "coordinates": [["-0.69890", "-0.69310", "0.28700"], ["0.70190", "-0.71770", "0.54850"], ["1.20680", "0.54350", "0.77740"], ["-0.00370", "1.74940", "0.67690"], ["-1.20920", "0.58600", "0.32620"], ["-1.30190", "-1.56870", "0.08040"], ["1.30870", "-1.61460", "0.56790"], ["2.22890", "0.81830", "0.99930"], ["-2.23250", "0.89680", "0.16620"]], "DBSTEP_Vbur": "NaN"}