{"total energy": -39.10550095, "HOMO-LUMO gap/eV": 3.61546101, "electronic energy": -39.62860591, "dipole": [0.06360162, 1.03222939, 0.28149072], "partial charges": "NaN", "atomic dipole moments": [[-0.12462079, -0.0491772, 0.00156298], [-0.06862852, 0.19793257, 0.06247201], [-0.08190031, -0.2229522, -0.05131508], [0.25157771, 0.0092699, -0.02764625], [0.0249193, -0.03964171, -0.01377291], [-0.02003547, -0.02505065, -0.00440266], [-0.16677802, -0.00152956, 0.019492], [0.01992611, -0.01740725, -0.00987129], [0.04490031, 0.0232402, 0.00624527], [-0.04180786, 0.17543245, 0.05641715], [0.0836452, -0.00955251, -0.02679955], [-0.00204377, 0.04829937, 0.01343424], [0.01281787, 0.02364758, 0.00474415], [0.07559735, -0.09719514, -0.0357434], [0.04018381, 0.04583666, 0.11301479], [0.01686804, 0.09876953, -0.08028617], [-0.03208459, -0.03440004, -0.11413124], [-0.0080543, -0.0889732, 0.08517865], [0.07369542, 0.13252758, 0.02732105], [-0.06237156, 0.12918375, 0.04273912], [-0.05293909, 0.11775671, 0.03775835], [-0.07115971, -0.10938616, 0.03428825], [-0.00432475, 0.07677357, 0.10399061], [-0.05270127, 0.05908593, -0.1097676], [-0.06413489, -0.14023546, -0.03039279], [0.06483419, -0.13291755, -0.04401468]], "atomic quadrupole moments": [[0.24634449, 0.10117799, -0.10365715, -0.01945297, -0.00095486, -0.14268733], [0.19168717, -0.19523313, 0.1332135, -0.1229992, 0.16545418, -0.32490068], [0.05026597, -0.06559197, 0.04239616, -0.03727473, 0.04985473, -0.09266213], [0.1426547, -0.0187422, -0.39452504, 0.01431082, -0.18860273, 0.25187034], [-0.21418671, -0.05990876, -0.19559723, 0.06491487, -0.17312045, 0.40978394], [-0.21029475, -0.01317893, -0.19091743, 0.07626892, -0.17595086, 0.40121219], [0.02025146, 0.00483906, -0.3116447, 0.03943085, -0.17958612, 0.29139324], [0.03011286, 0.02626414, -0.03850861, 0.00341621, -0.01640201, 0.00839575], [-0.20882936, -0.02697769, -0.2320232, 0.08162492, -0.21654248, 0.44085256], [-0.10115423, -0.02516439, -0.06510511, 0.03084705, -0.07437085, 0.16625934], [0.18468955, -0.09113833, -0.04833776, -0.05723809, 0.05551956, -0.13635178], [-0.22152384, -0.02559196, -0.22777352, 0.08108088, -0.19799953, 0.44929735], [-0.20267224, -0.01700171, -0.19797612, 0.07446325, -0.17674172, 0.40064836], [0.00068885, -0.05094287, 0.04125833, -0.02044427, 0.03200412, -0.04194718], [-0.02921375, 0.01754981, -0.03800187, 0.02148302, 0.02918658, 0.06721561], [-0.03249396, 0.00915201, 0.01708646, 0.00477106, -0.06427444, 0.0154075], [-0.00164397, -0.00426269, -0.02350142, 0.01773804, 0.02047405, 0.02514539], [-0.00910135, -0.00255157, 0.00727933, -0.01460654, -0.03250346, 0.00182202], [0.0331369, 0.00437417, 0.02120136, -0.01013221, 0.02211782, -0.05433825], [0.03964158, -0.00297153, 0.01922475, -0.01354367, 0.02389581, -0.05886633], [0.02690139, -0.00117227, 0.03085844, -0.01119751, 0.02731698, -0.05775983], [-0.00062685, 0.04626587, 0.04577968, -0.01839718, -0.01298654, -0.04515283], [-0.02821719, 0.00834287, 0.00765236, -0.00287014, 0.07208052, 0.02056482], [-0.02427644, -0.01935042, -0.01627822, 0.03527005, -0.0477609, 0.04055466], [0.04848046, 0.00356129, 0.00678168, -0.01213917, 0.01820782, -0.05526214], [0.05377863, -0.00100235, 0.00754727, -0.01497248, 0.02089443, -0.0613259]], "number of molecular orbitals": 65, "number of electrons": 70, "number of unpaired electrons": 0, "orbital energies/eV": [-19.29446349, -18.91920032, -18.05441843, -17.92737321, -17.69577793, -17.27365874, -16.88601471, -16.6508318, -16.41106119, -16.25302695, -15.83693617, -15.40084131, -15.12873198, -15.06304611, -14.94935225, -14.78267597, -14.7329176, -14.24315848, -13.56437923, -13.55174219, -13.41015258, -13.22792573, -13.19137874, -13.0618334, -12.91259811, -12.80903775, -12.76420361, -12.53799765, -12.33671328, -12.23491073, -11.55534449, -11.43931232, -10.96405682, -10.65607015, -9.96460114, -6.34914013, -6.21226177, -5.11167606, -2.41342219, -0.15038397, 0.54243036, 2.36042604, 2.73557289, 3.0297521, 3.67804101, 3.86555213, 3.91808023, 4.05090366, 4.37100645, 4.56683753, 4.64662541, 4.97784386, 5.42096559, 5.72262462, 5.92359972, 6.53448992, 7.044356, 7.83001044, 10.36353161, 10.7520796, 11.55813702, 12.64793202, 16.38613213, 16.50741181, 17.73761998], "fractional occupation": [2.0, 2.0, 2.0, 2.0, 2.0, 2.0, 2.0, 2.0, 2.0, 2.0, 2.0, 2.0, 2.0, 2.0, 2.0, 2.0, 2.0, 2.0, 2.0, 2.0, 2.0, 2.0, 2.0, 2.0, 2.0, 2.0, 2.0, 2.0, 2.0, 2.0, 2.0, 2.0, 2.0, 2.0, 2.0, 0.0, 0.0, 0.0, 0.0, 0.0, 0.0, 0.0, 0.0, 0.0, 0.0, 0.0, 0.0, 0.0, 0.0, 0.0, 0.0, 0.0, 0.0, 0.0, 0.0, 0.0, 0.0, 0.0, 0.0, 0.0, 0.0, 0.0, 0.0, 0.0, 0.0], "program call": "xtb /mnt/netapp1/Store_CSIC/home/csic/qoy/jar/test/QDESCP/mol_24_rdkit_conf_1/mol_24_rdkit_conf_1.xyz --pop --wbo --acc 0.2 --gfn 2 --chrg 0 --uhf 0 --etemp 300 --input /mnt/netapp1/Store_CSIC/home/csic/qoy/jar/test/QDESCP/mol_24_rdkit_conf_1/mol_24_rdkit_conf_1_xtb.inp", "method": "GFN2-xTB", "xtb version": "6.4.1 (unknown)", "Dipole module/D": 2.724, "Total charge": 0, "Transition dipole module/D": NaN, "HOMO": -9.9646, "LUMO": -6.3491, "HOMO occupancy": 2.0, "LUMO occupancy": 0, "mulliken charges": "NaN", "cm5 charges": "NaN", "FUKUI+": "NaN", "FUKUI-": "NaN", "FUKUIrad": "NaN", "s proportion": "NaN", "p proportion": "NaN", "d proportion": "NaN", "Fermi-level/eV": -8.1569, "Coordination numbers": "NaN", "Dispersion coefficient C6": "NaN", "Total dispersion C6": 7014.091917, "Total dispersion C8": 161818.623934, "Polarizability alpha": "NaN", "Total polarizability alpha": 129.757778,