{"total energy": -27.21725065, "HOMO-LUMO gap/eV": 12.0090083, "electronic energy": -27.56197553, "dipole": [-0.19693752, -0.63335123, 0.45342499], "partial charges": "NaN", "atomic dipole moments": [[0.09269335, 0.01304196, -0.03427789], [-0.02791981, -0.08221971, 0.07306614], [0.02986172, 0.07372698, -0.07552679], [-0.04267678, 0.08585613, 0.06069545], [0.05812132, -0.0821638, -0.05441934], [-0.02790589, -0.0877097, -0.15426036], [-0.06738941, 0.07073978, -0.03465454], [-0.03577886, -0.11771721, 0.19880818], [-0.0041742, 0.01103269, 0.12550374], [-0.04543619, -0.1129258, -0.03146135], [-0.07659269, 0.08612571, -0.04826247], [-0.00500016, -0.00535913, -0.12388402], [0.03249567, 0.11619561, 0.02911249], [0.00505523, 0.00806275, 0.12435345], [-0.04085298, -0.11306243, -0.02014488], [0.05837512, -0.09790001, 0.04058809], [-0.00780945, -0.01595635, -0.12295446], [-0.06190734, 0.09678548, -0.0496742], [-0.00179739, 0.01767745, 0.1235957], [0.04614549, 0.11154521, 0.03359211], [0.11904524, 0.01787775, -0.04035512], [-0.02148031, -0.11682621, -0.04207996], [-0.00051895, -0.00063585, 0.12897177], [-0.01561858, -0.07428206, -0.01613459]], "atomic quadrupole moments": [[0.18761162, 0.03743214, -0.10696642, -0.11256898, -0.02442575, -0.0806452], [0.19925327, -0.08285295, -0.06496368, -0.04368635, -0.11523144, -0.13428958], [0.18610214, -0.1107324, -0.06180787, -0.05201103, -0.09464561, -0.12429427], [0.12254494, 0.11653065, 0.02729661, -0.08946897, 0.06200102, -0.14984155], [0.13754891, 0.125313, 0.0066814, -0.08799417, 0.07357207, -0.14423031], [-0.07613124, -0.11054528, -0.25189014, -0.02579019, -0.02436002, 0.32802138], [-0.00198082, -0.13705101, 0.05465502, 0.08390367, -0.10092904, -0.0526742], [-0.10747731, 0.01260666, -0.05745665, -0.00706324, -0.00054839, 0.16493397], [-0.029254, 0.00803076, -0.04951934, 0.00768069, 0.01166187, 0.07877333], [-0.02603481, 0.0308526, 0.06055448, -0.00179402, 0.03632123, -0.03451967], [0.00737231, -0.04760333, 0.01791407, 0.02168885, -0.04476479, -0.02528638], [-0.01912035, -0.00630043, -0.03507189, 0.0008335, 0.01711006, 0.05419224], [-0.00557563, 0.02342266, 0.03461284, 0.01169421, 0.02762594, -0.02903721], [-0.02174359, -0.00929316, -0.03041841, 0.00965703, 0.02292898, 0.052162], [-0.00046567, 0.0225187, 0.03945158, 0.0111861, 0.02642542, -0.03898591], [0.01430421, -0.02771189, 0.0155735, 0.02352586, -0.03304187, -0.02987771], [-0.02736837, 0.01269585, -0.03039683, 0.00793322, -0.00676474, 0.0577652], [0.00681174, -0.01986938, 0.01971424, 0.02814041, -0.03117627, -0.02652598], [-0.03019457, 0.01455518, -0.03485895, 0.00168533, -0.0006071, 0.06505352], [9.701e-05, 0.00987693, 0.01924445, 0.0006077, 0.01272714, -0.01934146], [0.06222907, 0.02473664, -0.02141158, -0.03502555, -0.01682191, -0.04081749], [-0.01761091, 0.04137356, 0.05372438, 0.02376005, 0.03822177, -0.03611346], [-0.04271538, -0.00970418, -0.04228573, -0.00942004, 0.00429972, 0.08500111], [-0.08353419, 0.04698971, 0.10938998, 0.01296654, 0.05570312, -0.02585578]], "number of molecular orbitals": 48, "number of electrons": 50, "number of unpaired electrons": 0, "orbital energies/eV": [-18.46327643, -17.1477796, -16.93239994, -16.57473706, -16.23092247, -15.94752616, -15.41940368, -15.06742813, -14.70047907, -14.29238526, -14.10076054, -13.83166447, -13.63252799, -13.37492675, -13.10571444, -12.85071654, -12.58863557, -12.49451965, -12.30859496, -12.04648168, -11.90930939, -11.72588739, -11.54640436, -11.31081276, -10.9765225, 1.0324858, 1.74046903, 2.27512969, 2.43632761, 2.89770356, 3.41102073, 3.55966484, 3.67295611, 3.84362496, 4.29409375, 4.31665588, 4.60079052, 5.11777565, 5.481299, 5.53322542, 6.27706773, 6.49811989, 6.79533532, 7.03846356, 7.16640796, 7.44738938, 8.10009567, 8.26493254], "fractional occupation": [2.0, 2.0, 2.0, 2.0, 2.0, 2.0, 2.0, 2.0, 2.0, 2.0, 2.0, 2.0, 2.0, 2.0, 2.0, 2.0, 2.0, 2.0, 2.0, 2.0, 2.0, 2.0, 2.0, 2.0, 2.0, 0.0, 0.0, 0.0, 0.0, 0.0, 0.0, 0.0, 0.0, 0.0, 0.0, 0.0, 0.0, 0.0, 0.0, 0.0, 0.0, 0.0, 0.0, 0.0, 0.0, 0.0, 0.0, 0.0], "program call": "xtb /mnt/netapp1/Store_CSIC/home/csic/qoy/jar/test/QDESCP/mol_46_rdkit_conf_1/mol_46_rdkit_conf_1.xyz --pop --wbo --acc 0.2 --gfn 2 --chrg 0 --uhf 0 --etemp 300 --input /mnt/netapp1/Store_CSIC/home/csic/qoy/jar/test/QDESCP/mol_46_rdkit_conf_1/mol_46_rdkit_conf_1_xtb.inp", "method": "GFN2-xTB", "xtb version": "6.4.1 (unknown)", "Dipole module/D": 2.042, "Total charge": 0, "Transition dipole module/D": NaN, "HOMO": -10.9765, "LUMO": 1.0325, "HOMO occupancy": 2.0, "LUMO occupancy": 0, "mulliken charges": "NaN", "cm5 charges": "NaN", "FUKUI+": "NaN", "FUKUI-": "NaN", "FUKUIrad": "NaN", "s proportion": "NaN", "p proportion": "NaN", "d proportion": "NaN", "Fermi-level/eV": -4.972, "Coordination numbers": "NaN", "Dispersion coefficient C6": "NaN", "Total dispersion C6": 3815.362721, "Total dispersion C8": 79053.871975, "Polarizability alpha": "NaN", "Total polarizability alpha": 91.290017,