{"total energy": -24.20112435, "HOMO-LUMO gap/eV": 6.8396188, "electronic energy": -24.62863807, "dipole": [-0.07804786, -0.16116825, 0.20442608], "partial charges": "NaN", "atomic dipole moments": [[0.02456436, -0.03475095, -0.09154043], [-0.00990812, 0.10732406, 0.02402495], [0.05827747, -0.00865888, 0.09191637], [0.01913373, -0.11060815, -0.014568], [-0.00938915, 0.11251823, 0.00780357], [-0.06508863, -0.04962333, -0.0332411], [-0.08842216, -0.24855798, 0.33286285], [0.07037928, 0.19262266, -0.26355355], [-0.02922318, -0.09678264, 0.07281378], [0.09367167, 0.06075276, 0.05762537], [-0.10137857, 0.07570287, -0.00418668], [-0.08847343, -0.07164193, -0.04090383], [0.09681615, -0.07655681, 0.00888643], [-0.10361992, 0.06101245, -0.02021211], [0.02289802, -0.04990061, -0.10898637], [-0.03206976, 0.06507614, 0.1011745], [-0.0014999, 0.08607251, -0.08917057], [0.02874935, -0.0691346, -0.1036847], [-4.502e-05, -0.08001637, 0.09327812], [-0.03207743, 0.06959524, 0.10645342], [0.10287488, -0.06628661, 0.03854143], [0.044624, 0.12457947, -0.16918283]], "atomic quadrupole moments": [[-0.10197787, -0.02407488, -0.06304892, -0.08586754, 0.09905542, 0.16502679], [-0.18295674, 0.00799159, -0.00678412, -0.09684506, -0.04651073, 0.18974086], [-0.04675813, 0.16858702, 0.09021494, 0.03119431, -0.09595568, -0.04345681], [0.19640395, 0.02656325, -0.00492572, 0.08990659, 0.03761319, -0.19147823], [0.19750114, 0.04986935, 0.01989463, 0.07399388, 0.02409845, -0.21739577], [0.02527361, 0.1631684, 0.03824967, 0.03448485, -0.02019839, -0.06352329], [0.42176443, -0.17261483, 0.00312676, 0.24687189, 0.66746132, -0.42489119], [0.49168707, -0.19897334, -0.0040094, 0.2841707, 0.77612999, -0.48767767], [-0.04863377, 0.02387321, 0.04482619, -0.01896695, -0.04659011, 0.00380758], [0.0401293, 0.05054623, -0.01679009, 0.02365552, 0.0276056, -0.0233392], [0.03004963, -0.0627979, -0.00285835, 0.01652019, -0.00587227, -0.02719128], [0.0202972, 0.04353435, -0.0181473, 0.02083775, 0.00879483, -0.0021499], [0.04039067, -0.03932302, -0.02713969, 0.00350118, -0.00942858, -0.01325098], [0.04120632, -0.02961374, 0.0104224, -0.00405017, -0.0076996, -0.05162872], [-0.03054416, 0.00069038, 0.00183177, -0.03658828, 0.03056736, 0.02871239], [-0.01239538, -0.00718255, -0.03379363, -0.01499233, 0.03047332, 0.04618901], [-0.01785658, 0.01246347, -0.00311978, -0.00269459, -0.04590955, 0.02097636], [-0.01262507, -0.00620103, -0.02480232, -0.01519826, 0.03335778, 0.03742739], [-0.00959213, 0.01079644, -0.01060456, -0.00216743, -0.04766661, 0.02019669], [-0.01745168, -0.01058681, 0.01038268, -0.02935407, 0.04096829, 0.007069], [0.04257939, -0.03008363, 0.00110892, 0.01090828, -0.01536083, -0.04368832], [0.01724801, -0.00723379, -0.00067214, 0.0096449, 0.02737807, -0.01657587]], "number of molecular orbitals": 46, "number of electrons": 46, "number of unpaired electrons": 0, "orbital energies/eV": [-16.99662552, -16.78547032, -16.38501606, -16.16962321, -15.74063509, -15.3829627, -14.80826425, -14.27236251, -13.95042362, -13.75997087, -13.58790491, -13.25089722, -13.09728398, -12.82781301, -12.56520063, -12.34162818, -12.0992512, -11.91690966, -11.52060511, -11.4566819, -11.35004755, -10.87875714, -10.79601693, -3.95639813, -3.84463833, 1.2477635, 2.05991313, 2.54969241, 3.05305253, 3.2271379, 3.52176397, 3.84112499, 3.88704236, 4.57825075, 4.9705421, 5.08078497, 5.24595516, 5.98647583, 6.59814457, 6.94236912, 7.29459081, 7.60600848, 7.67371845, 7.98347175, 8.85288371, 38.03228138], "fractional occupation": [2.0, 2.0, 2.0, 2.0, 2.0, 2.0, 2.0, 2.0, 2.0, 2.0, 2.0, 2.0, 2.0, 2.0, 2.0, 2.0, 2.0, 2.0, 2.0, 2.0, 2.0, 2.0, 2.0, 0.0, 0.0, 0.0, 0.0, 0.0, 0.0, 0.0, 0.0, 0.0, 0.0, 0.0, 0.0, 0.0, 0.0, 0.0, 0.0, 0.0, 0.0, 0.0, 0.0, 0.0, 0.0, 0.0], "program call": "xtb /mnt/netapp1/Store_CSIC/home/csic/qoy/jar/test/QDESCP/mol_51_rdkit_conf_2/mol_51_rdkit_conf_2.xyz --pop --wbo --acc 0.2 --gfn 2 --chrg 0 --uhf 0 --etemp 300 --input /mnt/netapp1/Store_CSIC/home/csic/qoy/jar/test/QDESCP/mol_51_rdkit_conf_2/mol_51_rdkit_conf_2_xtb.inp", "method": "GFN2-xTB", "xtb version": "6.4.1 (unknown)", "Dipole module/D": 0.691, "Total charge": 0, "Transition dipole module/D": NaN, "HOMO": -10.796, "LUMO": -3.9564, "HOMO occupancy": 2.0, "LUMO occupancy": 0, "mulliken charges": "NaN", "cm5 charges": "NaN", "FUKUI+": "NaN", "FUKUI-": "NaN", "FUKUIrad": "NaN", "s proportion": "NaN", "p proportion": "NaN", "d proportion": "NaN", "Fermi-level/eV": -7.3762, "Coordination numbers": "NaN", "Dispersion coefficient C6": "NaN", "Total dispersion C6": 3785.527612, "Total dispersion C8": 83349.694202, "Polarizability alpha": "NaN", "Total polarizability alpha": 93.060079, "Wiberg matrix": [[0.0, 1.02096360460213, 0.0, 0.0, 0.0, 0.0, 0.0, 0.0, 0.987425208449598, 0.986078294563933, 0.98747305268935, 0.0, 0.0, 0.0, 0.0, 0.0, 0.0, 0.0, 0.0, 0.0, 0.0, 0.0], [1.02096360460213, 0.0, 1.00749697861366, 0.0, 0.0, 0.0, 0.0, 0.0, 0.0, 0.0, 0.0, 0.977830301706728, 0.976347733276951, 0.0, 0.0, 0.0, 0.0, 0.0, 0.0, 0.0, 0.0, 0.0], [0.0, 1.00749697861366, 0.0, 1.00661817531032, 0.0, 0.0, 0.0, 0.0, 0.0, 0.0, 0.0, 0.0, 0.0, 0.977219504178461, 0.977609207395313, 0.0, 0.0, 0.0, 0.0, 0.0, 0.0, 0.0], [0.0, 0.0, 1.00661817531032, 0.0, 1.00875425530972, 0.0, 0.0, 0.0, 0.0, 0.0, 0.0, 0.0, 0.0, 0.0, 0.0, 0.975753761389322, 0.976286617223212, 0.0, 0.0, 0.0, 0.0, 0.0], [0.0, 0.0, 0.0, 1.00875425530972, 0.0, 0.989400382651254, 0.0, 0.0, 0.0, 0.0, 0.0, 0.0, 0.0, 0.0, 0.0, 0.0, 0.0, 0.977743958528273, 0.974511135827017, 0.0, 0.0, 0.0], [0.0, 0.0, 0.0, 0.0, 0.989400382651254, 0.0, 1.04495606760512, 0.0, 0.0, 0.0, 0.0, 0.0, 0.0, 0.0, 0.0, 0.0, 0.0, 0.0, 0.0, 0.957929455378904, 0.957248837207434, 0.0], [0.0, 0.0, 0.0, 0.0, 0.0, 1.04495606760512, 0.0, 2.90219831475837, 0.0, 0.0, 0.0, 0.0, 0.0, 0.0, 0.0, 0.0, 0.0, 0.0, 0.0, 0.0, 0.0, 0.0], [0.0, 0.0, 0.0, 0.0, 0.0, 0.0, 2.90219831475837, 0.0, 0.0, 0.0, 0.0, 0.0, 0.0, 0.0, 0.0, 0.0, 0.0, 0.0, 0.0, 0.0, 0.0, 0.970942519663757], [0.987425208449598, 0.0, 0.0, 0.0, 0.0, 0.0, 0.0, 0.0, 0.0, 0.0, 0.0, 0.0, 0.0, 0.0, 0.0, 0.0, 0.0, 0.0, 0.0, 0.0, 0.0, 0.0], [0.986078294563933, 0.0, 0.0, 0.0, 0.0, 0.0, 0.0, 0.0, 0.0, 0.0, 0.0, 0.0, 0.0, 0.0, 0.0, 0.0, 0.0, 0.0, 0.0, 0.0, 0.0, 0.0], [0.98747305268935, 0.0, 0.0, 0.0, 0.0, 0.0, 0.0, 0.0, 0.0, 0.0, 0.0, 0.0, 0.0, 0.0, 0.0, 0.0, 0.0, 0.0, 0.0, 0.0, 0.0, 0.0], [0.0, 0.977830301706728, 0.0, 0.0, 0.0, 0.0, 0.0, 0.0, 0.0, 0.0, 0.0, 0.0, 0.0, 0.0, 0.0, 0.0, 0.0, 0.0, 0.0, 0.0, 0.0, 0.0], [0.0, 0.976347733276951, 0.0, 0.0, 0.0, 0.0, 0.0, 0.0, 0.0, 0.0, 0.0, 0.0, 0.0, 0.0, 0.0, 0.0, 0.0, 0.0, 0.0, 0.0, 0.0, 0.0], [0.0, 0.0, 0.977219504178461, 0.0, 0.0, 0.0, 0.0, 0.0, 0.0, 0.0, 0.0, 0.0, 0.0, 0.0, 0.0, 0.0, 0.0, 0.0, 0.0, 0.0, 0.0, 0.0], [0.0, 0.0, 0.977609207395313, 0.0, 0.0, 0.0, 0.0, 0.0, 0.0, 0.0, 0.0, 0.0, 0.0, 0.0, 0.0, 0.0, 0.0, 0.0, 0.0, 0.0, 0.0, 0.0], [0.0, 0.0, 0.0, 0.975753761389322, 0.0, 0.0, 0.0, 0.0, 0.0, 0.0, 0.0, 0.0, 0.0, 0.0, 0.0, 0.0, 0.0, 0.0, 0.0, 0.0, 0.0, 0.0], [0.0, 0.0, 0.0, 0.976286617223212, 0.0, 0.0, 0.0, 0.0, 0.0, 0.0, 0.0, 0.0, 0.0, 0.0, 0.0, 0.0, 0.0, 0.0, 0.0, 0.0, 0.0, 0.0], [0.0, 0.0, 0.0, 0.0, 0.977743958528273, 0.0, 0.0, 0.0, 0.0, 0.0, 0.0, 0.0, 0.0, 0.0, 0.0, 0.0, 0.0, 0.0, 0.0, 0.0, 0.0, 0.0], [0.0, 0.0, 0.0, 0.0, 0.974511135827017, 0.0, 0.0, 0.0, 0.0, 0.0, 0.0, 0.0, 0.0, 0.0, 0.0, 0.0, 0.0, 0.0, 0.0, 0.0, 0.0, 0.0], [0.0, 0.0, 0.0, 0.0, 0.0, 0.957929455378904, 0.0, 0.0, 0.0, 0.0, 0.0, 0.0, 0.0, 0.0, 0.0, 0.0, 0.0, 0.0, 0.0, 0.0, 0.0, 0.0], [0.0, 0.0, 0.0, 0.0, 0.0, 0.957248837207434, 0.0, 0.0, 0.0, 0.0, 0.0, 0.0, 0.0, 0.0, 0.0, 0.0, 0.0, 0.0, 0.0, 0.0, 0.0, 0.0], [0.0, 0.0, 0.0, 0.0, 0.0, 0.0, 0.0, 0.970942519663757, 0.0, 0.0, 0.0, 0.0, 0.0, 0.0, 0.0, 0.0, 0.0, 0.0, 0.0, 0.0, 0.0, 0.0]], "Born radii": [], "Atomic SASAs": [], "Solvent H bonds": [], "Total SASA": NaN, "Total FOD": 0.0031, "FOD": "NaN", "FOD s proportion": "NaN", "FOD p proportion": "NaN", "FOD d proportion": "NaN",