{"total energy": -14.54702303, "HOMO-LUMO gap/eV": 6.95834804, "electronic energy": -14.6925511, "dipole": [-0.03348868, -0.27591438, -0.87790942], "partial charges": "NaN", "atomic dipole moments": [[0.09912655, -0.05690231, 0.05620871], [0.01923783, 0.13538663, 0.12308039], [-0.11243912, -0.02508521, 0.05430663], [-0.00552273, -0.04141532, -0.0779367], [-0.01381935, -0.04734961, -0.1176156], [-0.11218638, -0.02210633, 0.06043288], [0.00955051, 0.12917607, -0.01490881], [-0.01939721, -0.12823193, 0.01215667], [0.00134437, -0.04961846, -0.11748528], [0.0996168, -0.05396513, 0.06236379], [0.0291298, 0.12622429, -0.01474607]], "atomic quadrupole moments": [[0.09488346, -0.12260691, -0.07562191, 0.1336761, -0.06282933, -0.01926155], [-0.04198594, -0.0337189, -0.2497413, 0.02453936, 0.18319986, 0.29172723], [0.15425225, 0.05340219, -0.12991222, -0.14332466, -0.01944964, -0.02434003], [-0.26455196, 0.01327568, -0.15972062, 0.03876634, 0.29966693, 0.42427258], [-0.04007043, -0.00834544, -0.01978422, 0.00212553, 0.05305307, 0.05985466], [0.04000721, 0.01479833, -0.03660687, -0.04980654, -0.02336039, -0.00340035], [-0.02787928, 0.02495479, 0.07309454, 0.00645977, -0.00499831, -0.04521526], [-0.0111373, 0.00391082, 0.01389227, -0.00086405, -0.0051695, -0.00275497], [-0.0340678, 0.01171096, -0.0259492, 0.01185186, 0.051786, 0.060017], [0.02358812, -0.03301671, -0.02184518, 0.04130424, -0.03753309, -0.00174294], [-0.03289703, 0.00780913, 0.07837367, -0.00744275, -0.00306208, -0.04547664]], "number of molecular orbitals": 28, "number of electrons": 26, "number of unpaired electrons": 0, "orbital energies/eV": [-28.41756077, -17.45556833, -16.5425314, -15.67190662, -14.51553136, -14.13013726, -13.77349851, -13.03680222, -12.66222802, -12.5558512, -12.38791932, -11.09836486, -11.05714688, -4.09879884, 0.56787506, 0.67527575, 0.92464228, 0.92656063, 2.24415423, 2.89882106, 3.42989628, 3.75690116, 4.36544529, 4.82377888, 5.40713834, 6.07743453, 6.38215724, 7.1348211], "fractional occupation": [2.0, 2.0, 2.0, 2.0, 2.0, 2.0, 2.0, 2.0, 2.0, 2.0, 2.0, 2.0, 2.0, 0.0, 0.0, 0.0, 0.0, 0.0, 0.0, 0.0, 0.0, 0.0, 0.0, 0.0, 0.0, 0.0, 0.0, 0.0], "program call": "xtb /mnt/netapp1/Store_CSIC/home/csic/qoy/jar/test/QDESCP/mol_16_rdkit_conf_1/mol_16_rdkit_conf_1.xyz --pop --wbo --acc 0.2 --gfn 2 --chrg 0 --uhf 0 --etemp 300 --input /mnt/netapp1/Store_CSIC/home/csic/qoy/jar/test/QDESCP/mol_16_rdkit_conf_1/mol_16_rdkit_conf_1_xtb.inp", "method": "GFN2-xTB", "xtb version": "6.4.1 (unknown)", "Dipole module/D": 2.341, "Total charge": 0, "Transition dipole module/D": NaN, "HOMO": -11.0571, "LUMO": -4.0988, "HOMO occupancy": 2.0, "LUMO occupancy": 0, "mulliken charges": "NaN", "cm5 charges": "NaN", "FUKUI+": "NaN", "FUKUI-": "NaN", "FUKUIrad": "NaN", "s proportion": "NaN", "p proportion": "NaN", "d proportion": "NaN", "Fermi-level/eV": -7.578, "Coordination numbers": "NaN", "Dispersion coefficient C6": "NaN", "Total dispersion C6": 1209.289616, "Total dispersion C8": 31697.531744, "Polarizability alpha": "NaN", "Total polarizability alpha": 52.161938, "Wiberg matrix": [[0.0, 1.01771379073866, 0.0, 0.0, 0.97944706807089, 0.984852421492861, 0.984574370717402, 0.0, 0.0, 0.0, 0.0], [1.01771379073866, 0.0, 1.01771396874833, 0.926181575518536, 0.0, 0.0, 0.0, 0.971156191718763, 0.0, 0.0, 0.0], [0.0, 1.01771396874833, 0.0, 0.0, 0.0, 0.0, 0.0, 0.0, 0.979445531953734, 0.984853302105421, 0.984574560693091], [0.0, 0.926181575518536, 0.0, 0.0, 0.0, 0.0, 0.0, 0.0, 0.0, 0.0, 0.0], [0.97944706807089, 0.0, 0.0, 0.0, 0.0, 0.0, 0.0, 0.0, 0.0, 0.0, 0.0], [0.984852421492861, 0.0, 0.0, 0.0, 0.0, 0.0, 0.0, 0.0, 0.0, 0.0, 0.0], [0.984574370717402, 0.0, 0.0, 0.0, 0.0, 0.0, 0.0, 0.0, 0.0, 0.0, 0.0], [0.0, 0.971156191718763, 0.0, 0.0, 0.0, 0.0, 0.0, 0.0, 0.0, 0.0, 0.0], [0.0, 0.0, 0.979445531953734, 0.0, 0.0, 0.0, 0.0, 0.0, 0.0, 0.0, 0.0], [0.0, 0.0, 0.984853302105421, 0.0, 0.0, 0.0, 0.0, 0.0, 0.0, 0.0, 0.0], [0.0, 0.0, 0.984574560693091, 0.0, 0.0, 0.0, 0.0, 0.0, 0.0, 0.0, 0.0]], "Born radii": [], "Atomic SASAs": [], "Solvent H bonds": [], "Total SASA": NaN, "Total FOD": 0.0018, "FOD": "NaN", "FOD s proportion": "NaN", "FOD p proportion": "NaN", "FOD d proportion": "NaN", "coordinates": [["-1.22820", "0.28170", "-0.26690"], ["-0.05480", "-0.33500", "0.48040"], ["1.26130", "-0.09290", "-0.24410"], ["0.03370", "0.35340", "2.12680"], ["-1.31440", "-0.14790", "-1.27070"], ["-2.17120", "0.09170", "0.25710"], ["-1.11240", "1.36580", "-0.37490"], ["-0.21780", "-1.41150", "0.59470"], ["1.23510", "-0.53150", "-1.24740"], ["2.09710", "-0.55050", "0.29610"], ["1.47150", "0.97700", "-0.35130"]], "DBSTEP_Vbur": "NaN"}