{"total energy": -36.59968054, "HOMO-LUMO gap/eV": 4.7873288, "electronic energy": -37.03627155, "dipole": [-0.2726968, -0.50435775, -0.53972824], "partial charges": "NaN", "atomic dipole moments": [[-0.07895861, -0.04215367, 0.04251279], [0.0984668, -0.05554533, -0.01913086], [-0.09208971, 0.05194554, 0.03060316], [-0.02793478, 0.04053484, -0.1038619], [0.02011316, 0.08952263, 0.07041481], [-0.0572667, -0.08821141, -0.09061124], [-0.00097916, 0.07846487, 0.05997131], [-0.14971211, 0.01325776, -0.06458966], [-0.02827134, -0.1310032, -0.114233], [0.00756451, 0.18045703, 0.14188674], [0.19455909, -0.17318134, -0.03495696], [-0.02437355, 0.11902883, -0.02865951], [0.03095264, -0.05928018, -0.10650653], [0.09999743, -0.00090446, 0.07654433], [-0.02855796, 0.06767369, 0.1007806], [-0.09317016, 0.01157692, -0.08005717], [0.02281549, -0.06628049, -0.1016176], [0.10236703, -0.01201325, 0.06460628], [-0.00947064, 0.05502172, 0.11543205], [0.03431, -0.11165989, 0.02505933], [-0.04711024, -0.1065355, 0.03241835], [0.01523997, -0.0094949, -0.12572903], [-0.02169314, 0.00038262, 0.12507432], [0.0497294, 0.11582121, -0.02009108], [0.02689881, 0.00770143, -0.12953393], [-0.05400722, -0.11654333, 0.03360395], [0.04510917, 0.11627639, -0.03769876], [-0.10193705, -0.0246993, -0.0699824], [-0.03637424, -0.00811106, 0.12488951]], "atomic quadrupole moments": [[0.10637954, 0.11244658, -0.04654801, -0.12240952, -0.06921788, -0.05983153], [0.03375606, 0.04628148, 0.12500004, -0.11466673, -0.12902428, -0.1587561], [-0.01975037, 0.04626569, 0.1283441, -0.11228812, -0.14721077, -0.10859373], [0.19613909, 0.10726613, -0.14112612, 0.01298641, -0.07072598, -0.05501297], [0.15201217, -0.13705781, -0.02454898, 0.09029205, 0.07069383, -0.12746319], [0.17996085, -0.12135938, -0.05236477, 0.12750976, 0.09085807, -0.12759608], [0.15162179, -0.13080279, -0.02784366, 0.10962395, 0.11828322, -0.12377813], [-0.00220606, 0.17305927, -0.13119817, -0.1090015, -0.38008535, 0.13340424], [-0.06607059, 0.07229717, -0.00493904, -0.08434407, -0.13026942, 0.07100963], [0.03727086, -0.07115797, 0.01312323, 0.00342352, 0.03430649, -0.05039409], [0.16629343, -0.39301777, 0.0901424, -0.06551961, 0.10365004, -0.25643583], [-0.02382833, -0.02784877, 0.0687041, -0.00243281, -0.02877485, -0.04487577], [-0.030696, -0.00176677, -0.00697579, -0.02194338, 0.05809866, 0.03767178], [0.03003856, -0.00107593, -0.04962531, 0.05460816, -0.01206915, 0.01958675], [-0.03217717, 0.00216568, -0.00509995, -0.01715518, 0.03152349, 0.03727711], [0.02120805, 0.01062724, -0.02505323, 0.04252156, -0.00502878, 0.00384518], [-0.04443338, 0.00432399, 0.00205228, -0.00406995, 0.03011825, 0.04238111], [0.02559042, 0.01316258, -0.0235621, 0.04504513, -0.0117888, -0.00202832], [-0.00640338, -0.01094089, -0.00786741, -0.01459444, 0.04922714, 0.01427078], [0.00824938, -0.0092866, 0.05124742, 0.00424366, -0.0153549, -0.0594968], [0.00932283, 0.01797041, 0.02940821, -0.00745325, -0.03455182, -0.03873105], [-0.01323907, -0.00017878, -0.038648, -0.02014123, -0.01347641, 0.05188707], [-0.0174549, -0.00454774, -0.02904241, -0.0174435, -0.01521203, 0.0464973], [-0.00095503, 0.02802591, 0.02752193, -0.01021765, -0.03021324, -0.0265669], [-0.0053995, -9.507e-05, -0.05388788, -0.00829653, -0.00372643, 0.05928739], [0.00054184, 0.03406264, 0.03586348, 0.00973678, -0.02622699, -0.03640533], [0.0003584, 0.02176609, 0.04640549, -0.01962408, -0.01800249, -0.0467639], [0.03335281, 0.01530702, -0.02795288, 0.05652271, 0.02915256, -0.00539993], [-0.02618009, -0.02358867, -0.03007153, -0.01895888, -0.0073948, 0.05625162]], "number of molecular orbitals": 62, "number of electrons": 66, "number of unpaired electrons": 0, "orbital energies/eV": [-20.13465394, -19.35179278, -18.30754758, -17.26935729, -16.93743754, -16.6352715, -16.53779448, -16.22549979, -15.88901832, -15.65356548, -15.36508773, -15.19844363, -15.08458925, -14.89419049, -14.35280121, -14.00226369, -13.83224048, -13.6944816, -13.62323851, -13.31858103, -13.07731054, -12.94999711, -12.89996561, -12.58967257, -12.37962256, -12.22856639, -12.13245689, -11.94165791, -11.86350039, -11.5439826, -11.43069765, -11.29191519, -11.25038582, -6.46305702, 0.04498118, 1.94203001, 2.3012284, 2.46728531, 2.80216881, 3.0449592, 3.34810682, 3.48498348, 3.66126871, 3.7906148, 3.88242397, 4.07499928, 4.45161736, 4.7100739, 4.89277132, 5.05890147, 5.33241656, 5.42032228, 5.93973231, 6.21382246, 6.3207896, 6.67360321, 7.00144474, 7.3467429, 7.7381379, 8.18082076, 8.60499791, 16.15787103], "fractional occupation": [2.0, 2.0, 2.0, 2.0, 2.0, 2.0, 2.0, 2.0, 2.0, 2.0, 2.0, 2.0, 2.0, 2.0, 2.0, 2.0, 2.0, 2.0, 2.0, 2.0, 2.0, 2.0, 2.0, 2.0, 2.0, 2.0, 2.0, 2.0, 2.0, 2.0, 2.0, 2.0, 2.0, 0.0, 0.0, 0.0, 0.0, 0.0, 0.0, 0.0, 0.0, 0.0, 0.0, 0.0, 0.0, 0.0, 0.0, 0.0, 0.0, 0.0, 0.0, 0.0, 0.0, 0.0, 0.0, 0.0, 0.0, 0.0, 0.0, 0.0, 0.0, 0.0], "program call": "xtb /mnt/netapp1/Store_CSIC/home/csic/qoy/jar/test/QDESCP/mol_30_rdkit_conf_2/mol_30_rdkit_conf_2.xyz --pop --wbo --acc 0.2 --gfn 2 --chrg 0 --uhf 0 --etemp 300 --input /mnt/netapp1/Store_CSIC/home/csic/qoy/jar/test/QDESCP/mol_30_rdkit_conf_2/mol_30_rdkit_conf_2_xtb.inp", "method": "GFN2-xTB", "xtb version": "6.4.1 (unknown)", "Dipole module/D": 2.001, "Total charge": 0, "Transition dipole module/D": NaN, "HOMO": -11.2504, "LUMO": -6.4631, "HOMO occupancy": 2.0, "LUMO occupancy": 0, "mulliken charges": "NaN", "cm5 charges": "NaN", "FUKUI+": "NaN", "FUKUI-": "NaN", "FUKUIrad": "NaN", "s proportion": "NaN", "p proportion": "NaN", "d proportion": "NaN", "Fermi-level/eV": -8.8567, "Coordination numbers": "NaN", "Dispersion coefficient C6": "NaN", "Total dispersion C6": 6174.990154, "Total dispersion C8": 130783.178001, "Polarizability alpha": "NaN", "Total polarizability alpha": 116.39746,