{"total energy": -27.21265653, "HOMO-LUMO gap/eV": 12.26032616, "electronic energy": -27.55741578, "dipole": [0.39143139, -0.01257547, 0.70418809], "partial charges": "NaN", "atomic dipole moments": [[-0.05513634, 0.02463103, 0.08181673], [-0.04157883, -0.00456986, -0.10300421], [0.0435592, -0.10140753, -0.0147411], [-0.0527332, 0.09792078, 0.02816522], [0.06931135, 0.05585005, -0.0643905], [-0.08794843, -0.04875384, 0.06194257], [-0.00866638, -0.18928758, -0.06210077], [0.10922112, 0.0983296, 0.18952554], [-0.03559322, -0.10969993, -0.05144233], [0.11923404, -0.01388426, 0.03369886], [-0.0035203, 0.08971685, -0.08889454], [0.05010087, 0.09655902, 0.05320301], [0.0085989, -0.09005945, 0.0843998], [-0.05162961, 0.04245988, 0.10211012], [-0.0031918, 0.09609193, -0.07917062], [0.0456776, -0.03651661, -0.11095951], [0.01436971, -0.09747105, 0.07245993], [-0.04765875, -0.10756502, -0.02585148], [-0.04770347, 0.02896209, 0.11045275], [0.04948908, -0.03594554, -0.11223563], [0.04924626, 0.11047489, 0.02892672], [-0.02180001, 0.0970955, -0.07645437], [-0.05939251, 0.02104465, 0.10173681], [0.00090381, -0.04809829, 0.06196758]], "atomic quadrupole moments": [[-0.00106126, -0.04595498, -0.10792704, -0.14313134, 0.06862834, 0.1089883], [0.16425192, -0.10424831, -0.1790417, -0.06578705, 0.05320795, 0.01478978], [0.15538147, 0.03789232, 0.0049235, 0.12019137, 0.08098862, -0.16030497], [0.18243338, 0.05332676, 0.00573443, 0.07676713, 0.08031325, -0.18816782], [0.11683761, -0.0854881, -0.05432136, 0.06576678, -0.15527217, -0.06251625], [0.15515107, -0.0621459, -0.06575842, 0.08035205, -0.16027802, -0.08939265], [0.06915006, 0.20325923, 0.16719383, 0.13816659, 0.21223241, -0.2363439], [-0.05434549, 0.09462589, 0.08146193, 0.06624371, 0.06913134, -0.02711644], [-0.02094911, 0.04746798, 0.04233402, 0.0060264, 0.0371485, -0.0213849], [0.06865846, -0.01499056, -0.05130096, 0.03502994, 0.00450206, -0.0173575], [-0.04495937, -0.01843098, 0.03127083, 0.00143376, -0.05663362, 0.01368853], [0.00034936, 0.02551134, 0.0302901, 0.00123132, 0.03623828, -0.03063947], [-0.02277273, -0.00629588, 0.02719219, -0.01385245, -0.0441078, -0.00441945], [0.00300463, -0.00060771, -0.03776596, -0.03280407, 0.02399807, 0.03476133], [-0.02474925, 0.00918384, 0.00463943, 0.01065148, -0.04455968, 0.02010982], [-0.00829219, 0.00708524, -0.03476853, -0.02881445, 0.013998, 0.04306071], [-0.01695594, 0.002612, 0.01092872, 0.01836883, -0.04868532, 0.00602723], [-0.01126248, 0.02458454, 0.03540971, 0.02748725, 0.02345446, -0.02414723], [-0.02311873, -0.02245189, -0.01786086, -0.01914821, 0.02727013, 0.04097959], [-0.02499002, -0.02265783, -0.01697688, -0.02041822, 0.02058585, 0.0419669], [-0.01235203, 0.03096577, 0.03644159, 0.02983934, 0.02197701, -0.02408956], [-0.01677567, 0.00422715, 0.01117901, 0.0179126, -0.04296902, 0.00559666], [-0.0198096, 0.01964181, -0.01688062, -0.020365, 0.02067439, 0.03669022], [-0.09267114, 0.01522271, 0.05394361, 0.00942091, -0.08758509, 0.03872752]], "number of molecular orbitals": 48, "number of electrons": 50, "number of unpaired electrons": 0, "orbital energies/eV": [-18.54649026, -17.16067588, -16.94426835, -16.69157868, -16.20053286, -15.83997218, -15.37512083, -15.17464955, -14.96450153, -14.38551651, -14.10270072, -13.89625762, -13.71631286, -13.43079178, -13.16901198, -12.9326365, -12.66958466, -12.53372183, -12.23376997, -11.90550522, -11.80489424, -11.6761137, -11.46557823, -11.40728849, -11.10029936, 1.1600268, 1.75238112, 2.11862796, 2.66496014, 2.92760618, 3.19239151, 3.57506031, 3.76144578, 3.76914525, 4.08620633, 4.22552377, 4.4891518, 5.02241567, 5.20579779, 5.55374515, 6.03169205, 6.56327461, 6.63566752, 7.17778482, 7.40264177, 7.80584289, 8.02092721, 8.13295617], "fractional occupation": [2.0, 2.0, 2.0, 2.0, 2.0, 2.0, 2.0, 2.0, 2.0, 2.0, 2.0, 2.0, 2.0, 2.0, 2.0, 2.0, 2.0, 2.0, 2.0, 2.0, 2.0, 2.0, 2.0, 2.0, 2.0, 0.0, 0.0, 0.0, 0.0, 0.0, 0.0, 0.0, 0.0, 0.0, 0.0, 0.0, 0.0, 0.0, 0.0, 0.0, 0.0, 0.0, 0.0, 0.0, 0.0, 0.0, 0.0, 0.0], "program call": "xtb /mnt/netapp1/Store_CSIC/home/csic/qoy/jar/test/QDESCP/mol_26_rdkit_conf_2/mol_26_rdkit_conf_2.xyz --pop --wbo --acc 0.2 --gfn 2 --chrg 0 --uhf 0 --etemp 300 --input /mnt/netapp1/Store_CSIC/home/csic/qoy/jar/test/QDESCP/mol_26_rdkit_conf_2/mol_26_rdkit_conf_2_xtb.inp", "method": "GFN2-xTB", "xtb version": "6.4.1 (unknown)", "Dipole module/D": 2.048, "Total charge": 0, "Transition dipole module/D": NaN, "HOMO": -11.1003, "LUMO": 1.16, "HOMO occupancy": 2.0, "LUMO occupancy": 0, "mulliken charges": "NaN", "cm5 charges": "NaN", "FUKUI+": "NaN", "FUKUI-": "NaN", "FUKUIrad": "NaN", "s proportion": "NaN", "p proportion": "NaN", "d proportion": "NaN", "Fermi-level/eV": -4.9701, "Coordination numbers": "NaN", "Dispersion coefficient C6": "NaN", "Total dispersion C6": 3825.335916, "Total dispersion C8": 79144.112724, "Polarizability alpha": "NaN", "Total polarizability alpha": 91.438036,