{"total energy": -19.84737656, "HOMO-LUMO gap/eV": 3.61190862, "electronic energy": -20.09723926, "dipole": [-1.2284416, 0.41021693, 0.27565868], "partial charges": "NaN", "atomic dipole moments": [[0.0796631, -0.03814525, 0.0618605], [0.02902977, 0.08477188, -0.0797631], [0.01335778, -0.08564281, 0.08960177], [0.00055651, 0.0847468, -0.06236275], [0.00547996, -0.06389942, -0.02433841], [-0.12968735, 0.08311574, 0.03977611], [0.02247039, -0.02089359, -0.12296935], [-0.10869632, -0.0562594, 0.02876749], [-0.01591335, 0.124156, 0.01677], [-0.03243482, 0.01749603, 0.11814393], [0.00480456, -0.12331704, -0.01646371], [0.02932249, -0.01467709, -0.1222856], [-0.0084765, 0.12339941, 0.01247477], [-0.02593027, 0.01980213, 0.12703242], [0.01427653, -0.12969129, -0.0170799], [0.01111645, 0.13846305, 0.00837837]], "atomic quadrupole moments": [[0.08255049, -0.08978594, -0.07653378, 0.15260424, -0.0809453, -0.00601671], [0.21605139, 0.04207234, -0.12097537, 0.08119536, -0.11795713, -0.09507602], [0.22466045, 0.01944578, -0.11635868, 0.10853132, -0.11670753, -0.10830177], [0.23111683, 0.0294636, -0.12663596, 0.05771512, -0.10934432, -0.10448087], [-0.20245781, -0.00978722, -0.47625147, 0.26635284, -0.04461345, 0.67870928], [-0.12578982, -0.00156443, -0.1510259, 0.10711202, -0.0119506, 0.27681572], [-0.02741489, -0.01811321, -0.03956717, -0.02796658, 0.02047893, 0.06698206], [0.04807766, 0.04717631, -0.01581236, -0.02100686, -0.02679902, -0.0322653], [-0.04165615, -0.00640334, 0.07534213, 0.01164529, 0.02333725, -0.03368597], [-0.01488747, -0.00455499, -0.03284517, -0.01235634, 0.02389596, 0.04773264], [-0.01631269, -0.01142032, 0.04869581, 0.00274276, 0.02142282, -0.03238312], [-0.01186108, -0.00459072, -0.02915371, -0.01607729, 0.02604666, 0.04101478], [-0.02035964, -0.00822416, 0.04988516, 0.00147016, 0.02494814, -0.02952552], [-0.03149701, -0.01943894, -0.0240354, -0.02111321, 0.02145119, 0.05553241], [-0.02064371, -0.00750978, 0.05150447, 0.00803508, 0.01881973, -0.03086077], [0.05464955, -0.01183109, 0.00808784, -0.03449165, -0.00028656, -0.06273738]], "number of molecular orbitals": 34, "number of electrons": 36, "number of unpaired electrons": 0, "orbital energies/eV": [-19.39710476, -17.67764841, -17.13585502, -16.44182598, -16.04588529, -15.55406724, -15.08011683, -14.64353269, -14.40926444, -14.19248278, -13.63190839, -13.35067933, -13.12438119, -12.44418384, -12.37262225, -12.23076096, -11.88159223, -11.03515196, -7.42324335, 1.7063169, 2.27986584, 2.69657454, 3.16487004, 3.58894334, 3.92586572, 4.40233156, 4.62027332, 5.18021699, 5.62361013, 6.35332318, 6.75627911, 6.99835696, 7.79188895, 14.26932922], "fractional occupation": [2.0, 2.0, 2.0, 2.0, 2.0, 2.0, 2.0, 2.0, 2.0, 2.0, 2.0, 2.0, 2.0, 2.0, 2.0, 2.0, 2.0, 2.0, 0.0, 0.0, 0.0, 0.0, 0.0, 0.0, 0.0, 0.0, 0.0, 0.0, 0.0, 0.0, 0.0, 0.0, 0.0, 0.0], "program call": "xtb /mnt/netapp1/Store_CSIC/home/csic/qoy/jar/test/QDESCP/mol_36_rdkit_conf_1/mol_36_rdkit_conf_1.xyz --pop --wbo --acc 0.2 --gfn 2 --chrg 0 --uhf 0 --etemp 300 --input /mnt/netapp1/Store_CSIC/home/csic/qoy/jar/test/QDESCP/mol_36_rdkit_conf_1/mol_36_rdkit_conf_1_xtb.inp", "method": "GFN2-xTB", "xtb version": "6.4.1 (unknown)", "Dipole module/D": 3.366, "Total charge": 0, "Transition dipole module/D": NaN, "HOMO": -11.0352, "LUMO": -7.4232, "HOMO occupancy": 2.0, "LUMO occupancy": 0, "mulliken charges": "NaN", "cm5 charges": "NaN", "FUKUI+": "NaN", "FUKUI-": "NaN", "FUKUIrad": "NaN", "s proportion": "NaN", "p proportion": "NaN", "d proportion": "NaN", "Fermi-level/eV": -9.2292, "Coordination numbers": "NaN", "Dispersion coefficient C6": "NaN", "Total dispersion C6": 1899.897859, "Total dispersion C8": 40353.210963, "Polarizability alpha": "NaN", "Total polarizability alpha": 65.060616, "Wiberg matrix": [[0.0, 1.01973819802207, 0.0, 0.0, 0.0, 0.0, 0.987351833107194, 0.98652067461858, 0.987458213571552, 0.0, 0.0, 0.0, 0.0, 0.0, 0.0, 0.0], [1.01973819802207, 0.0, 1.00529702975391, 0.0, 0.0, 0.0, 0.0, 0.0, 0.0, 0.977533046302286, 0.977527927622919, 0.0, 0.0, 0.0, 0.0, 0.0], [0.0, 1.00529702975391, 0.0, 0.986577936522485, 0.0, 0.0, 0.0, 0.0, 0.0, 0.0, 0.0, 0.976938989560508, 0.975789067631592, 0.0, 0.0, 0.0], [0.0, 0.0, 0.986577936522485, 0.0, 1.01463518930212, 0.0, 0.0, 0.0, 0.0, 0.0, 0.0, 0.0, 0.0, 0.942689975946908, 0.971672377014208, 0.0], [0.0, 0.0, 0.0, 1.01463518930212, 0.0, 1.91663782537069, 0.0, 0.0, 0.0, 0.0, 0.0, 0.0, 0.0, 0.0, 0.0, 0.937489037257792], [0.0, 0.0, 0.0, 0.0, 1.91663782537069, 0.0, 0.0, 0.0, 0.0, 0.0, 0.0, 0.0, 0.0, 0.0, 0.0, 0.0], [0.987351833107194, 0.0, 0.0, 0.0, 0.0, 0.0, 0.0, 0.0, 0.0, 0.0, 0.0, 0.0, 0.0, 0.0, 0.0, 0.0], [0.98652067461858, 0.0, 0.0, 0.0, 0.0, 0.0, 0.0, 0.0, 0.0, 0.0, 0.0, 0.0, 0.0, 0.0, 0.0, 0.0], [0.987458213571552, 0.0, 0.0, 0.0, 0.0, 0.0, 0.0, 0.0, 0.0, 0.0, 0.0, 0.0, 0.0, 0.0, 0.0, 0.0], [0.0, 0.977533046302286, 0.0, 0.0, 0.0, 0.0, 0.0, 0.0, 0.0, 0.0, 0.0, 0.0, 0.0, 0.0, 0.0, 0.0], [0.0, 0.977527927622919, 0.0, 0.0, 0.0, 0.0, 0.0, 0.0, 0.0, 0.0, 0.0, 0.0, 0.0, 0.0, 0.0, 0.0], [0.0, 0.0, 0.976938989560508, 0.0, 0.0, 0.0, 0.0, 0.0, 0.0, 0.0, 0.0, 0.0, 0.0, 0.0, 0.0, 0.0], [0.0, 0.0, 0.975789067631592, 0.0, 0.0, 0.0, 0.0, 0.0, 0.0, 0.0, 0.0, 0.0, 0.0, 0.0, 0.0, 0.0], [0.0, 0.0, 0.0, 0.942689975946908, 0.0, 0.0, 0.0, 0.0, 0.0, 0.0, 0.0, 0.0, 0.0, 0.0, 0.0, 0.0], [0.0, 0.0, 0.0, 0.971672377014208, 0.0, 0.0, 0.0, 0.0, 0.0, 0.0, 0.0, 0.0, 0.0, 0.0, 0.0, 0.0], [0.0, 0.0, 0.0, 0.0, 0.937489037257792, 0.0, 0.0, 0.0, 0.0, 0.0, 0.0, 0.0, 0.0, 0.0, 0.0, 0.0]], "Born radii": [], "Atomic SASAs": [], "Solvent H bonds": [], "Total SASA": NaN, "Total FOD": 0.0656, "FOD": "NaN", "FOD s proportion": "NaN", "FOD p proportion": "NaN", "FOD d proportion": "NaN", "coordinates": [["-2.25620", "0.12260", "-0.60680"], ["-1.14210", "-0.42600", "0.27040"], ["0.19820", "0.23390", "-0.04850"], ["1.31240", "-0.31840", "0.83310"], ["2.62090", "0.34340", "0.49180"], ["3.64050", "-0.28140", "0.21710"], ["-2.04600", "-0.05700", "-1.66600"], ["-3.20570", "-0.36340", "-0.36170"], ["-2.37790", "1.20030", "-0.45820"], ["-1.39810", "-0.25910", "1.32320"], ["-1.06840", "-1.50960", "0.12210"], ["0.45040", "0.07300", "-1.10420"], ["0.11950", "1.31950", "0.09100"], ["1.10410", "-0.12360", "1.89030"], ["1.41680", "-1.39990", "0.69520"], ["2.63150", "1.44560", "0.54450"]], "DBSTEP_Vbur": "NaN"}