{"total energy": -19.85981707, "HOMO-LUMO gap/eV": 3.78258645, "electronic energy": -20.11269314, "dipole": [-0.34198556, -1.05550334, -0.81934682], "partial charges": "NaN", "atomic dipole moments": [[0.09359223, -0.00375071, 0.0613645], [0.00820101, 0.07238368, -0.10107819], [-0.00730377, -0.06966666, 0.09307784], [0.00520202, 0.01381098, 0.00762714], [-0.03089801, -0.12263265, -0.1038236], [-0.06189427, 0.05046534, 0.00064969], [-0.04744451, 0.1178933, -0.0077199], [-0.08862798, -0.07297515, 0.05258241], [0.01916248, -0.04270036, -0.11709262], [-0.02736523, 0.03522015, 0.11847755], [0.03441498, -0.11740838, 0.0111489], [0.03422388, -0.03416777, -0.11723461], [-0.03612549, 0.12364516, -0.01556508], [0.11021986, 0.02528937, 0.07021207], [0.03987199, -0.01311781, -0.12684335], [-0.05773768, -0.11161644, 0.0527282]], "atomic quadrupole moments": [[0.1402577, 0.00163215, -0.12720609, 0.16605434, -0.01290483, -0.01305161], [0.18136931, 0.13615654, -0.10185367, 0.05263148, -0.09582032, -0.07951564], [0.15291185, 0.13041168, -0.10626228, 0.07540083, -0.04656259, -0.04664957], [-0.04997587, 0.22646267, -0.11722086, -0.35033815, -0.33980102, 0.16719673], [-0.02775788, 0.10060404, -0.04304913, -0.15060088, -0.13866711, 0.07080701], [-0.00707932, -0.15321743, 0.10860373, -0.00388564, 0.05224644, -0.10152442], [-0.0293171, -0.03117221, 0.06999399, 0.01231351, 0.00253231, -0.04067689], [0.01677194, 0.04902222, -0.00551166, -0.02882741, -0.04085328, -0.01126028], [-0.02306951, -0.0175554, -0.03604892, -0.02349016, 0.0388818, 0.05911843], [-0.01298295, -0.00157966, -0.01860091, -0.01296788, 0.03684849, 0.03158386], [-0.0055423, -0.0261188, 0.04554412, 0.0006007, 0.00623785, -0.04000182], [-0.02835065, -0.01359159, -0.0101767, -0.01815743, 0.04069375, 0.03852735], [-0.01175589, -0.02922598, 0.04619642, 1.13e-05, 0.00470329, -0.03444052], [0.03629016, 0.01200789, -0.03063069, 0.05559818, 0.02006095, -0.00565947], [-0.02718048, -0.01235354, -0.0531365, -0.01724703, 0.02199066, 0.08031698], [-0.00615333, 0.05391507, 0.04081789, -0.0134723, -0.03407001, -0.03466456]], "number of molecular orbitals": 34, "number of electrons": 36, "number of unpaired electrons": 0, "orbital energies/eV": [-19.10517332, -17.51049047, -17.10320287, -16.65599535, -15.71620712, -15.41244458, -14.65842752, -14.50104572, -14.41963129, -13.84873817, -13.4290192, -13.09603699, -12.98050181, -12.70521445, -12.57864527, -12.26378844, -11.88288725, -10.74336486, -6.96077842, 1.76392257, 2.81613863, 3.06228368, 3.26030925, 3.86271057, 4.27777809, 4.4130629, 4.65797285, 5.22661327, 5.76303716, 6.09145311, 6.66093444, 6.97099336, 7.98359997, 14.98838788], "fractional occupation": [2.0, 2.0, 2.0, 2.0, 2.0, 2.0, 2.0, 2.0, 2.0, 2.0, 2.0, 2.0, 2.0, 2.0, 2.0, 2.0, 2.0, 2.0, 0.0, 0.0, 0.0, 0.0, 0.0, 0.0, 0.0, 0.0, 0.0, 0.0, 0.0, 0.0, 0.0, 0.0, 0.0, 0.0], "program call": "xtb /mnt/netapp1/Store_CSIC/home/csic/qoy/jar/test/QDESCP/mol_60_rdkit_conf_2/mol_60_rdkit_conf_2.xyz --pop --wbo --acc 0.2 --gfn 2 --chrg 0 --uhf 0 --etemp 300 --input /mnt/netapp1/Store_CSIC/home/csic/qoy/jar/test/QDESCP/mol_60_rdkit_conf_2/mol_60_rdkit_conf_2_xtb.inp", "method": "GFN2-xTB", "xtb version": "6.4.1 (unknown)", "Dipole module/D": 3.506, "Total charge": 0, "Transition dipole module/D": NaN, "HOMO": -10.7434, "LUMO": -6.9608, "HOMO occupancy": 2.0, "LUMO occupancy": 0, "mulliken charges": "NaN", "cm5 charges": "NaN", "FUKUI+": "NaN", "FUKUI-": "NaN", "FUKUIrad": "NaN", "s proportion": "NaN", "p proportion": "NaN", "d proportion": "NaN", "Fermi-level/eV": -8.8521, "Coordination numbers": "NaN", "Dispersion coefficient C6": "NaN", "Total dispersion C6": 1886.219021, "Total dispersion C8": 40240.006396, "Polarizability alpha": "NaN", "Total polarizability alpha": 64.787535, "Wiberg matrix": [[0.0, 1.01799348239095, 0.0, 0.0, 0.0, 0.0, 0.987063506767841, 0.985591012925559, 0.987305431147273, 0.0, 0.0, 0.0, 0.0, 0.0, 0.0, 0.0], [1.01799348239095, 0.0, 0.982839581161883, 0.0, 0.0, 0.0, 0.0, 0.0, 0.0, 0.977195324192936, 0.976308146447725, 0.0, 0.0, 0.0, 0.0, 0.0], [0.0, 0.982839581161883, 0.0, 0.990557901101244, 0.0, 0.0, 0.0, 0.0, 0.0, 0.0, 0.0, 0.965883762906447, 0.969979700514166, 0.0, 0.0, 0.0], [0.0, 0.0, 0.990557901101244, 0.0, 1.85669931374067, 1.01146727915229, 0.0, 0.0, 0.0, 0.0, 0.0, 0.0, 0.0, 0.0, 0.0, 0.0], [0.0, 0.0, 0.0, 1.85669931374067, 0.0, 0.0, 0.0, 0.0, 0.0, 0.0, 0.0, 0.0, 0.0, 0.0, 0.0, 0.0], [0.0, 0.0, 0.0, 1.01146727915229, 0.0, 0.0, 0.0, 0.0, 0.0, 0.0, 0.0, 0.0, 0.0, 0.982401365681467, 0.966386956430634, 0.955943386175541], [0.987063506767841, 0.0, 0.0, 0.0, 0.0, 0.0, 0.0, 0.0, 0.0, 0.0, 0.0, 0.0, 0.0, 0.0, 0.0, 0.0], [0.985591012925559, 0.0, 0.0, 0.0, 0.0, 0.0, 0.0, 0.0, 0.0, 0.0, 0.0, 0.0, 0.0, 0.0, 0.0, 0.0], [0.987305431147273, 0.0, 0.0, 0.0, 0.0, 0.0, 0.0, 0.0, 0.0, 0.0, 0.0, 0.0, 0.0, 0.0, 0.0, 0.0], [0.0, 0.977195324192936, 0.0, 0.0, 0.0, 0.0, 0.0, 0.0, 0.0, 0.0, 0.0, 0.0, 0.0, 0.0, 0.0, 0.0], [0.0, 0.976308146447725, 0.0, 0.0, 0.0, 0.0, 0.0, 0.0, 0.0, 0.0, 0.0, 0.0, 0.0, 0.0, 0.0, 0.0], [0.0, 0.0, 0.965883762906447, 0.0, 0.0, 0.0, 0.0, 0.0, 0.0, 0.0, 0.0, 0.0, 0.0, 0.0, 0.0, 0.0], [0.0, 0.0, 0.969979700514166, 0.0, 0.0, 0.0, 0.0, 0.0, 0.0, 0.0, 0.0, 0.0, 0.0, 0.0, 0.0, 0.0], [0.0, 0.0, 0.0, 0.0, 0.0, 0.982401365681467, 0.0, 0.0, 0.0, 0.0, 0.0, 0.0, 0.0, 0.0, 0.0, 0.0], [0.0, 0.0, 0.0, 0.0, 0.0, 0.966386956430634, 0.0, 0.0, 0.0, 0.0, 0.0, 0.0, 0.0, 0.0, 0.0, 0.0], [0.0, 0.0, 0.0, 0.0, 0.0, 0.955943386175541, 0.0, 0.0, 0.0, 0.0, 0.0, 0.0, 0.0, 0.0, 0.0, 0.0]], "Born radii": [], "Atomic SASAs": [], "Solvent H bonds": [], "Total SASA": NaN, "Total FOD": 0.0513, "FOD": "NaN", "FOD s proportion": "NaN", "FOD p proportion": "NaN", "FOD d proportion": "NaN", "coordinates": [["-2.26410", "-0.16650", "-0.44300"], ["-0.99160", "-0.20800", "0.38690"], ["0.10060", "0.66090", "-0.22290"], ["1.34040", "0.66270", "0.64530"], ["1.56990", "1.58200", "1.43110"], ["2.26260", "-0.52310", "0.53580"], ["-2.65670", "0.85320", "-0.50870"], ["-3.03390", "-0.79800", "0.01140"], ["-2.08160", "-0.53110", "-1.45890"], ["-1.21130", "0.12930", "1.40690"], ["-0.64820", "-1.24580", "0.46700"], ["0.37260", "0.31360", "-1.22570"], ["-0.24250", "1.69700", "-0.32660"], ["3.16650", "-0.33980", "1.12350"], ["2.55160", "-0.66950", "-0.50790"], ["1.76560", "-1.41700", "0.91900"]], "DBSTEP_Vbur": "NaN"}