{"total energy": -19.82645848, "HOMO-LUMO gap/eV": 5.18779336, "electronic energy": -20.08631089, "dipole": [0.415136, 0.03860437, -0.52507797], "partial charges": "NaN", "atomic dipole moments": [[0.16430961, -0.0785533, -0.15701154], [-0.04039912, 0.18783993, 0.04963897], [-0.03706601, -0.10745454, -0.03344721], [-0.00980426, 0.09727425, 0.03069722], [-0.14611069, -0.02959558, 0.06476065], [0.04621673, -0.00143219, -0.06040797], [0.01462241, 0.05322605, -0.05636722], [-0.04160601, -0.03164519, -0.10619591], [-0.01776706, -0.09798435, 0.08104093], [0.02729073, 0.05139023, 0.11267848], [0.01355388, 0.0991988, -0.07328162], [-0.01006329, -0.09707983, 0.07896372], [-0.03290149, -0.04933083, -0.1114401], [0.06480789, 0.04781256, 0.127411], [0.14088907, 0.05020383, 0.01758969], [-0.05120443, -0.0479541, -0.13519487]], "atomic quadrupole moments": [[0.00652726, -0.11805006, 0.05327947, -0.07445852, 0.04027884, -0.05980673], [0.18344619, -0.23484708, 0.12262089, -0.11846729, 0.1563947, -0.30606709], [0.24113106, -0.06119985, -0.0116675, -0.05928176, 0.06468056, -0.22946356], [0.17077787, -0.07001514, -0.00049418, -0.07279952, 0.06553023, -0.17028369], [-0.06292125, -0.18209378, 0.46662386, 0.12392443, -0.17345621, -0.40370261], [-0.21451322, -0.25402434, 0.50423143, 0.0945201, -0.18101523, -0.28971821], [-0.07427201, 0.00086804, 0.05816192, -0.03098603, -0.09455546, 0.01611009], [-0.0189123, -0.01481857, -0.01859907, 0.00853131, 0.02500893, 0.03751137], [-0.0199955, -0.00022937, 0.00707832, -0.00694618, -0.04144194, 0.01291718], [-0.02158772, 0.00117494, -0.03029544, 0.01830295, 0.01556917, 0.05188315], [-0.02609238, 0.00378864, 0.00477963, -0.00564506, -0.04825298, 0.02131275], [-0.0297991, 0.00230853, 0.00920633, -0.00935176, -0.0466443, 0.02059277], [-0.01594272, -0.00214556, -0.03390079, 0.01626198, 0.02380216, 0.04984351], [0.01786073, 0.02720277, -0.0526291, -0.02120914, 0.01669343, 0.03476837], [0.03787983, 0.03224776, -0.05258836, -0.01093644, 0.01515777, 0.01470853], [0.00950714, 0.02440998, -0.04731208, 0.00489487, 0.02406929, 0.03780494]], "number of molecular orbitals": 34, "number of electrons": 36, "number of unpaired electrons": 0, "orbital energies/eV": [-18.65477622, -17.29344655, -16.89043388, -16.3977306, -15.82225139, -15.23063638, -14.86311594, -14.42038171, -14.12984098, -13.7309573, -13.49723048, -12.78699189, -12.63395254, -12.42497027, -11.8401426, -11.7319061, -11.23108551, -10.89352386, -5.7057305, 0.95991873, 2.18147763, 2.82769453, 3.33436449, 3.68672205, 3.81072717, 4.40264884, 4.63547165, 4.95498546, 5.88479969, 6.14047116, 6.40844397, 7.59862334, 11.1150996, 15.37152026], "fractional occupation": [2.0, 2.0, 2.0, 2.0, 2.0, 2.0, 2.0, 2.0, 2.0, 2.0, 2.0, 2.0, 2.0, 2.0, 2.0, 2.0, 2.0, 2.0, 0.0, 0.0, 0.0, 0.0, 0.0, 0.0, 0.0, 0.0, 0.0, 0.0, 0.0, 0.0, 0.0, 0.0, 0.0, 0.0], "program call": "xtb /mnt/netapp1/Store_CSIC/home/csic/qoy/jar/test/QDESCP/mol_42_rdkit_conf_1/mol_42_rdkit_conf_1.xyz --pop --wbo --acc 0.2 --gfn 2 --chrg 0 --uhf 0 --etemp 300 --input /mnt/netapp1/Store_CSIC/home/csic/qoy/jar/test/QDESCP/mol_42_rdkit_conf_1/mol_42_rdkit_conf_1_xtb.inp", "method": "GFN2-xTB", "xtb version": "6.4.1 (unknown)", "Dipole module/D": 1.704, "Total charge": 0, "Transition dipole module/D": NaN, "HOMO": -10.8935, "LUMO": -5.7057, "HOMO occupancy": 2.0, "LUMO occupancy": 0, "mulliken charges": "NaN", "cm5 charges": "NaN", "FUKUI+": "NaN", "FUKUI-": "NaN", "FUKUIrad": "NaN", "s proportion": "NaN", "p proportion": "NaN", "d proportion": "NaN", "Fermi-level/eV": -8.2996, "Coordination numbers": "NaN", "Dispersion coefficient C6": "NaN", "Total dispersion C6": 1958.743518, "Total dispersion C8": 42139.672436, "Polarizability alpha": "NaN", "Total polarizability alpha": 67.313233, "Wiberg matrix": [[0.0, 0.993540386369818, 0.0, 0.0, 0.0, 0.0, 0.90371847469333, 0.0, 0.0, 0.0, 0.0, 0.0, 0.0, 0.0, 0.0, 0.0], [0.993540386369818, 0.0, 1.00048289942739, 0.0, 0.0, 0.0, 0.0, 0.972789489505859, 0.973086747525207, 0.0, 0.0, 0.0, 0.0, 0.0, 0.0, 0.0], [0.0, 1.00048289942739, 0.0, 0.992484506474009, 0.0, 0.0, 0.0, 0.0, 0.0, 0.97556831591958, 0.975475650314845, 0.0, 0.0, 0.0, 0.0, 0.0], [0.0, 0.0, 0.992484506474009, 0.0, 1.02595994930677, 0.0, 0.0, 0.0, 0.0, 0.0, 0.0, 0.961926194854021, 0.974496631974248, 0.0, 0.0, 0.0], [0.0, 0.0, 0.0, 1.02595994930677, 0.0, 1.976268282628, 0.0, 0.0, 0.0, 0.0, 0.0, 0.0, 0.0, 0.967523676674158, 0.0, 0.0], [0.0, 0.0, 0.0, 0.0, 1.976268282628, 0.0, 0.0, 0.0, 0.0, 0.0, 0.0, 0.0, 0.0, 0.0, 0.978072566667318, 0.976500132738337], [0.90371847469333, 0.0, 0.0, 0.0, 0.0, 0.0, 0.0, 0.0, 0.0, 0.0, 0.0, 0.0, 0.0, 0.0, 0.0, 0.0], [0.0, 0.972789489505859, 0.0, 0.0, 0.0, 0.0, 0.0, 0.0, 0.0, 0.0, 0.0, 0.0, 0.0, 0.0, 0.0, 0.0], [0.0, 0.973086747525207, 0.0, 0.0, 0.0, 0.0, 0.0, 0.0, 0.0, 0.0, 0.0, 0.0, 0.0, 0.0, 0.0, 0.0], [0.0, 0.0, 0.97556831591958, 0.0, 0.0, 0.0, 0.0, 0.0, 0.0, 0.0, 0.0, 0.0, 0.0, 0.0, 0.0, 0.0], [0.0, 0.0, 0.975475650314845, 0.0, 0.0, 0.0, 0.0, 0.0, 0.0, 0.0, 0.0, 0.0, 0.0, 0.0, 0.0, 0.0], [0.0, 0.0, 0.0, 0.961926194854021, 0.0, 0.0, 0.0, 0.0, 0.0, 0.0, 0.0, 0.0, 0.0, 0.0, 0.0, 0.0], [0.0, 0.0, 0.0, 0.974496631974248, 0.0, 0.0, 0.0, 0.0, 0.0, 0.0, 0.0, 0.0, 0.0, 0.0, 0.0, 0.0], [0.0, 0.0, 0.0, 0.0, 0.967523676674158, 0.0, 0.0, 0.0, 0.0, 0.0, 0.0, 0.0, 0.0, 0.0, 0.0, 0.0], [0.0, 0.0, 0.0, 0.0, 0.0, 0.978072566667318, 0.0, 0.0, 0.0, 0.0, 0.0, 0.0, 0.0, 0.0, 0.0, 0.0], [0.0, 0.0, 0.0, 0.0, 0.0, 0.976500132738337, 0.0, 0.0, 0.0, 0.0, 0.0, 0.0, 0.0, 0.0, 0.0, 0.0]], "Born radii": [], "Atomic SASAs": [], "Solvent H bonds": [], "Total SASA": NaN, "Total FOD": 0.0128, "FOD": "NaN", "FOD s proportion": "NaN", "FOD p proportion": "NaN", "FOD d proportion": "NaN", "coordinates": [["-2.87310", "1.00750", "0.91470"], ["-2.00680", "-0.05130", "0.52840"], ["-0.56250", "0.43080", "0.53760"], ["0.40140", "-0.69040", "0.15650"], ["1.82450", "-0.21150", "0.16290"], ["2.61680", "-0.19720", "-0.91620"], ["-2.74890", "1.73470", "0.28090"], ["-2.30530", "-0.39760", "-0.46630"], ["-2.14740", "-0.87520", "1.23490"], ["-0.31920", "0.82680", "1.53210"], ["-0.45740", "1.27740", "-0.15330"], ["0.31050", "-1.51810", "0.87010"], ["0.13260", "-1.08920", "-0.82940"], ["2.22480", "0.13230", "1.11510"], ["3.64140", "0.15600", "-0.84730"], ["2.26850", "-0.53500", "-1.88730"]], "DBSTEP_Vbur": "NaN"}