{"total energy": -19.86025771, "HOMO-LUMO gap/eV": 3.84990731, "electronic energy": -20.11216514, "dipole": [-0.00884552, -1.13279292, -0.6602309], "partial charges": "NaN", "atomic dipole moments": [[0.05437088, 0.01182605, -0.09332617], [0.04789924, -0.08911026, 0.07768343], [-0.00699231, 0.07312469, 0.04655183], [0.00173019, 0.01080171, 0.01249007], [0.00264626, -0.14172693, -0.07937761], [-0.06506298, 0.03962483, -0.02024424], [-0.04011183, -0.11714136, 0.01203107], [0.06578278, 0.03082217, 0.10720772], [-0.10183509, 0.07329503, -0.00285656], [0.02822335, 0.12559548, -0.01109495], [-0.07170609, -0.02442532, -0.09343636], [0.04319091, 0.00520016, -0.12301995], [-0.03530382, -0.12271444, 0.02898206], [-0.0451444, -0.11513836, 0.05302972], [0.06222718, -0.01376317, -0.11947468], [0.08836452, 0.05076387, 0.08594721]], "atomic quadrupole moments": [[-0.01686013, 0.01555035, -0.10293659, -0.16492692, -0.04612984, 0.11979672], [0.09375144, -0.14899134, -0.10993739, -0.14070882, -0.03017575, 0.01618595], [0.12173025, -0.09603083, -0.04289379, 0.11571666, 0.09361637, -0.07883646], [-0.0970129, 0.17674055, -0.14516004, -0.33955032, -0.3266812, 0.24217294], [-0.04621407, 0.07739365, -0.06062344, -0.14941396, -0.1374643, 0.1068375], [0.0614952, -0.16702791, 0.05820896, 0.02532476, 0.00895519, -0.11970416], [-0.04342522, 0.03235101, 0.07512335, -0.00921158, 0.00196533, -0.03169813], [0.01158936, 0.02566808, -0.03970176, 0.04880674, 0.01793368, 0.0281124], [0.0333879, -0.06362771, -0.00168886, 0.00029665, -0.01327906, -0.03169903], [-0.01052572, 0.02842759, 0.04095995, -0.0116951, 0.00474019, -0.03043424], [0.01444436, 0.01091865, -0.04066214, 0.02937228, 0.02948475, 0.02621778], [-0.00192052, -0.02222576, -0.04793813, -0.03335496, -0.00963672, 0.04985865], [0.00027055, 0.01471514, 0.05175382, -0.00168662, -0.02922875, -0.05202436], [-0.01948212, 0.04508092, 0.05605057, -0.00111873, -0.03695728, -0.03656845], [-0.01602551, -0.00965297, -0.05087245, -0.03806781, 0.02296088, 0.06689796], [0.01161564, 0.02444661, -0.01471599, 0.05207196, 0.03465736, 0.00310034]], "number of molecular orbitals": 34, "number of electrons": 36, "number of unpaired electrons": 0, "orbital energies/eV": [-19.08360907, -17.42761791, -17.08113821, -16.37711184, -15.63056923, -15.20216586, -14.74092588, -14.6643454, -13.99411311, -13.59639837, -13.42897501, -13.02579958, -12.94505454, -12.73751899, -12.14261796, -12.02195241, -11.75016736, -10.72291153, -6.87300422, 1.5472612, 2.67688886, 3.35348537, 3.59393866, 4.08456589, 4.20935109, 4.58395996, 4.90487279, 5.14644123, 5.67256877, 6.36226157, 6.80972862, 7.08338226, 7.93969689, 15.17174294], "fractional occupation": [2.0, 2.0, 2.0, 2.0, 2.0, 2.0, 2.0, 2.0, 2.0, 2.0, 2.0, 2.0, 2.0, 2.0, 2.0, 2.0, 2.0, 2.0, 0.0, 0.0, 0.0, 0.0, 0.0, 0.0, 0.0, 0.0, 0.0, 0.0, 0.0, 0.0, 0.0, 0.0, 0.0, 0.0], "program call": "xtb /mnt/netapp1/Store_CSIC/home/csic/qoy/jar/test/QDESCP/mol_60_rdkit_conf_1/mol_60_rdkit_conf_1.xyz --pop --wbo --acc 0.2 --gfn 2 --chrg 0 --uhf 0 --etemp 300 --input /mnt/netapp1/Store_CSIC/home/csic/qoy/jar/test/QDESCP/mol_60_rdkit_conf_1/mol_60_rdkit_conf_1_xtb.inp", "method": "GFN2-xTB", "xtb version": "6.4.1 (unknown)", "Dipole module/D": 3.333, "Total charge": 0, "Transition dipole module/D": NaN, "HOMO": -10.7229, "LUMO": -6.873, "HOMO occupancy": 2.0, "LUMO occupancy": 0, "mulliken charges": "NaN", "cm5 charges": "NaN", "FUKUI+": "NaN", "FUKUI-": "NaN", "FUKUIrad": "NaN", "s proportion": "NaN", "p proportion": "NaN", "d proportion": "NaN", "Fermi-level/eV": -8.798, "Coordination numbers": "NaN", "Dispersion coefficient C6": "NaN", "Total dispersion C6": 1886.343011, "Total dispersion C8": 40244.573037, "Polarizability alpha": "NaN", "Total polarizability alpha": 64.790495, "Wiberg matrix": [[0.0, 1.02121899562733, 0.0, 0.0, 0.0, 0.0, 0.987647711108592, 0.986677630102273, 0.987206966649098, 0.0, 0.0, 0.0, 0.0, 0.0, 0.0, 0.0], [1.02121899562733, 0.0, 1.00729320177415, 0.0, 0.0, 0.0, 0.0, 0.0, 0.0, 0.975474539679422, 0.97779133853415, 0.0, 0.0, 0.0, 0.0, 0.0], [0.0, 1.00729320177415, 0.0, 0.992347766719543, 0.0, 0.0, 0.0, 0.0, 0.0, 0.0, 0.0, 0.947192408715072, 0.957893993933286, 0.0, 0.0, 0.0], [0.0, 0.0, 0.992347766719543, 0.0, 1.85770097144412, 1.00795878899336, 0.0, 0.0, 0.0, 0.0, 0.0, 0.0, 0.0, 0.0, 0.0, 0.0], [0.0, 0.0, 0.0, 1.85770097144412, 0.0, 0.0, 0.0, 0.0, 0.0, 0.0, 0.0, 0.0, 0.0, 0.0, 0.0, 0.0], [0.0, 0.0, 0.0, 1.00795878899336, 0.0, 0.0, 0.0, 0.0, 0.0, 0.0, 0.0, 0.0, 0.0, 0.96423765250824, 0.962380779665282, 0.982898692240021], [0.987647711108592, 0.0, 0.0, 0.0, 0.0, 0.0, 0.0, 0.0, 0.0, 0.0, 0.0, 0.0, 0.0, 0.0, 0.0, 0.0], [0.986677630102273, 0.0, 0.0, 0.0, 0.0, 0.0, 0.0, 0.0, 0.0, 0.0, 0.0, 0.0, 0.0, 0.0, 0.0, 0.0], [0.987206966649098, 0.0, 0.0, 0.0, 0.0, 0.0, 0.0, 0.0, 0.0, 0.0, 0.0, 0.0, 0.0, 0.0, 0.0, 0.0], [0.0, 0.975474539679422, 0.0, 0.0, 0.0, 0.0, 0.0, 0.0, 0.0, 0.0, 0.0, 0.0, 0.0, 0.0, 0.0, 0.0], [0.0, 0.97779133853415, 0.0, 0.0, 0.0, 0.0, 0.0, 0.0, 0.0, 0.0, 0.0, 0.0, 0.0, 0.0, 0.0, 0.0], [0.0, 0.0, 0.947192408715072, 0.0, 0.0, 0.0, 0.0, 0.0, 0.0, 0.0, 0.0, 0.0, 0.0, 0.0, 0.0, 0.0], [0.0, 0.0, 0.957893993933286, 0.0, 0.0, 0.0, 0.0, 0.0, 0.0, 0.0, 0.0, 0.0, 0.0, 0.0, 0.0, 0.0], [0.0, 0.0, 0.0, 0.0, 0.0, 0.96423765250824, 0.0, 0.0, 0.0, 0.0, 0.0, 0.0, 0.0, 0.0, 0.0, 0.0], [0.0, 0.0, 0.0, 0.0, 0.0, 0.962380779665282, 0.0, 0.0, 0.0, 0.0, 0.0, 0.0, 0.0, 0.0, 0.0, 0.0], [0.0, 0.0, 0.0, 0.0, 0.0, 0.982898692240021, 0.0, 0.0, 0.0, 0.0, 0.0, 0.0, 0.0, 0.0, 0.0, 0.0]], "Born radii": [], "Atomic SASAs": [], "Solvent H bonds": [], "Total SASA": NaN, "Total FOD": 0.0487, "FOD": "NaN", "FOD s proportion": "NaN", "FOD p proportion": "NaN", "FOD d proportion": "NaN", "coordinates": [["-2.00690", "0.43860", "0.62810"], ["-1.19370", "0.63410", "-0.64400"], ["0.03720", "-0.26760", "-0.69790"], ["1.15270", "0.15850", "0.24220"], ["1.15140", "1.23480", "0.83750"], ["2.30210", "-0.80520", "0.38630"], ["-2.34080", "-0.59960", "0.72340"], ["-1.42750", "0.69540", "1.51970"], ["-2.89510", "1.07820", "0.60870"], ["-0.90460", "1.68750", "-0.73420"], ["-1.83560", "0.40390", "-1.50260"], ["0.45100", "-0.24810", "-1.71260"], ["-0.24310", "-1.30040", "-0.46350"], ["1.93490", "-1.75810", "0.77520"], ["2.78000", "-0.95240", "-0.58530"], ["3.03820", "-0.39970", "1.08590"]], "DBSTEP_Vbur": "NaN"}