{"total energy": -23.12216111, "HOMO-LUMO gap/eV": 4.22382642, "electronic energy": -23.47483547, "dipole": [0.72438372, 0.3174244, -0.00410972], "partial charges": "NaN", "atomic dipole moments": [[-0.06438502, -0.01129897, -0.00135495], [0.09020233, -0.02624136, 0.00616305], [0.01019156, -0.00991998, 0.00138218], [0.00107647, -0.00641754, 0.00070574], [0.00246869, -0.00660455, 0.00077691], [0.03966699, 0.00021097, 0.00150737], [0.13145894, -0.20353439, 0.02568721], [0.03724018, 0.19372877, -0.01818272], [0.05086373, -0.0627245, -0.09938412], [0.04261325, -0.04116433, 0.1135146], [0.04507805, 0.1229847, -0.01068603], [0.06374925, 0.13656491, -0.01133527], [-0.07908847, 0.12709808, -0.01594865], [-0.15048165, -0.00465726, -0.00537001], [-0.07736259, -0.13389832, 0.01056422], [0.07607607, 0.02105031, 0.00081177]], "atomic quadrupole moments": [[0.18382935, -0.01971009, -0.06796685, 0.0136532, -0.00574354, -0.1158625], [-0.04084306, -0.00333824, -0.3089599, -0.01511616, 0.06728677, 0.34980296], [-0.23625453, 0.00623303, -0.25776636, -0.02929489, 0.07722404, 0.49402089], [-0.25216027, 0.00214606, -0.23858183, -0.02935858, 0.07481593, 0.4907421], [-0.2669903, -0.00929385, -0.24822057, -0.0297313, 0.07780476, 0.51521087], [-0.21458306, -0.03227942, -0.24842645, -0.02328796, 0.0715786, 0.46300951], [-0.29480579, -0.30083522, -0.00047916, 0.00749642, 0.01841788, 0.29528495], [-0.0001892, -0.05444552, 0.06612143, 0.00813416, -0.01567516, -0.06593223], [-0.01625073, -0.01861203, -0.00442989, -0.03116358, 0.0608996, 0.02068062], [-0.02102613, -0.00798891, -0.02747534, 0.0296934, -0.05161675, 0.04850147], [-0.01845981, 0.01911932, 0.07140739, -0.00055335, -0.01197515, -0.05294758], [0.04303096, 0.00082716, 0.02451836, 0.00424426, -0.00940623, -0.06754932], [0.03578219, 0.00510078, 0.0326744, 0.00356512, -0.01014921, -0.06845658], [0.02971, 0.00037226, 0.03848032, 0.00380015, -0.01090821, -0.06819033], [0.02436809, -0.00310796, 0.03427161, 0.00357744, -0.00963104, -0.0586397], [0.13040697, 0.00814955, -0.04280456, 0.0076438, -0.00429754, -0.08760241]], "number of molecular orbitals": 40, "number of electrons": 42, "number of unpaired electrons": 0, "orbital energies/eV": [-19.18612315, -17.59127222, -17.13142537, -16.84260189, -16.26073902, -15.96357511, -15.67328727, -14.8606592, -14.38651785, -14.1755121, -13.76889778, -13.40478234, -13.34667108, -13.0950825, -12.8370726, -12.60029959, -12.26201529, -11.66445416, -11.46627377, -10.7172879, -10.24250644, -6.01868002, -5.73150855, -2.48250356, 1.75873727, 2.55592585, 3.03517027, 3.79012168, 4.21786771, 4.7865503, 5.2976795, 5.48025184, 5.71577674, 6.11279359, 10.51447487, 10.62406458, 11.84019278, 12.16232049, 16.61166664, 17.33737604], "fractional occupation": [2.0, 2.0, 2.0, 2.0, 2.0, 2.0, 2.0, 2.0, 2.0, 2.0, 2.0, 2.0, 2.0, 2.0, 2.0, 2.0, 2.0, 2.0, 2.0, 2.0, 2.0, 0.0, 0.0, 0.0, 0.0, 0.0, 0.0, 0.0, 0.0, 0.0, 0.0, 0.0, 0.0, 0.0, 0.0, 0.0, 0.0, 0.0, 0.0, 0.0], "program call": "xtb /mnt/netapp1/Store_CSIC/home/csic/qoy/jar/test/QDESCP/mol_56_rdkit_conf_1/mol_56_rdkit_conf_1.xyz --pop --wbo --acc 0.2 --gfn 2 --chrg 0 --uhf 0 --etemp 300 --input /mnt/netapp1/Store_CSIC/home/csic/qoy/jar/test/QDESCP/mol_56_rdkit_conf_1/mol_56_rdkit_conf_1_xtb.inp", "method": "GFN2-xTB", "xtb version": "6.4.1 (unknown)", "Dipole module/D": 2.01, "Total charge": 0, "Transition dipole module/D": NaN, "HOMO": -10.2425, "LUMO": -6.0187, "HOMO occupancy": 2.0, "LUMO occupancy": 0, "mulliken charges": "NaN", "cm5 charges": "NaN", "FUKUI+": "NaN", "FUKUI-": "NaN", "FUKUIrad": "NaN", "s proportion": "NaN", "p proportion": "NaN", "d proportion": "NaN", "Fermi-level/eV": -8.1306, "Coordination numbers": "NaN", "Dispersion coefficient C6": "NaN", "Total dispersion C6": 2810.782847, "Total dispersion C8": 66858.731932, "Polarizability alpha": "NaN", "Total polarizability alpha": 83.848419, "Wiberg matrix": [[0.0, 1.02318137976665, 0.0, 0.0, 0.0, 0.0, 0.0, 0.0, 0.972504404287469, 0.972505961350974, 0.983291580043498, 0.0, 0.0, 0.0, 0.0, 0.0], [1.02318137976665, 0.0, 1.41653798166517, 0.0, 0.103905545513705, 0.0, 1.35031676739564, 0.0, 0.0, 0.0, 0.0, 0.0, 0.0, 0.0, 0.0, 0.0], [0.0, 1.41653798166517, 0.0, 1.43862369700915, 0.0, 0.108611198615057, 0.0, 0.0, 0.0, 0.0, 0.0, 0.969750798285144, 0.0, 0.0, 0.0, 0.0], [0.0, 0.0, 1.43862369700915, 0.0, 1.43343324531222, 0.0, 0.0, 0.0, 0.0, 0.0, 0.0, 0.0, 0.971484985034214, 0.0, 0.0, 0.0], [0.0, 0.103905545513705, 0.0, 1.43343324531222, 0.0, 1.44759877150379, 0.0, 0.0, 0.0, 0.0, 0.0, 0.0, 0.0, 0.971392628003403, 0.0, 0.0], [0.0, 0.0, 0.108611198615057, 0.0, 1.44759877150379, 0.0, 1.37515725628055, 0.0, 0.0, 0.0, 0.0, 0.0, 0.0, 0.0, 0.968205519014685, 0.0], [0.0, 1.35031676739564, 0.0, 0.0, 0.0, 1.37515725628055, 0.0, 1.06568633756106, 0.0, 0.0, 0.0, 0.0, 0.0, 0.0, 0.0, 0.0], [0.0, 0.0, 0.0, 0.0, 0.0, 0.0, 1.06568633756106, 0.0, 0.0, 0.0, 0.0, 0.0, 0.0, 0.0, 0.0, 0.88486542260664], [0.972504404287469, 0.0, 0.0, 0.0, 0.0, 0.0, 0.0, 0.0, 0.0, 0.0, 0.0, 0.0, 0.0, 0.0, 0.0, 0.0], [0.972505961350974, 0.0, 0.0, 0.0, 0.0, 0.0, 0.0, 0.0, 0.0, 0.0, 0.0, 0.0, 0.0, 0.0, 0.0, 0.0], [0.983291580043498, 0.0, 0.0, 0.0, 0.0, 0.0, 0.0, 0.0, 0.0, 0.0, 0.0, 0.0, 0.0, 0.0, 0.0, 0.0], [0.0, 0.0, 0.969750798285144, 0.0, 0.0, 0.0, 0.0, 0.0, 0.0, 0.0, 0.0, 0.0, 0.0, 0.0, 0.0, 0.0], [0.0, 0.0, 0.0, 0.971484985034214, 0.0, 0.0, 0.0, 0.0, 0.0, 0.0, 0.0, 0.0, 0.0, 0.0, 0.0, 0.0], [0.0, 0.0, 0.0, 0.0, 0.971392628003403, 0.0, 0.0, 0.0, 0.0, 0.0, 0.0, 0.0, 0.0, 0.0, 0.0, 0.0], [0.0, 0.0, 0.0, 0.0, 0.0, 0.968205519014685, 0.0, 0.0, 0.0, 0.0, 0.0, 0.0, 0.0, 0.0, 0.0, 0.0], [0.0, 0.0, 0.0, 0.0, 0.0, 0.0, 0.0, 0.88486542260664, 0.0, 0.0, 0.0, 0.0, 0.0, 0.0, 0.0, 0.0]], "Born radii": [], "Atomic SASAs": [], "Solvent H bonds": [], "Total SASA": NaN, "Total FOD": 0.0436, "FOD": "NaN", "FOD s proportion": "NaN", "FOD p proportion": "NaN", "FOD d proportion": "NaN", "coordinates": [["2.11850", "0.24950", "0.05690"], ["0.62100", "0.16690", "0.00720"], ["-0.12930", "1.34430", "-0.14110"], ["-1.52490", "1.30310", "-0.19100"], ["-2.19040", "0.08390", "-0.09340"], ["-1.45980", "-1.09300", "0.05400"], ["-0.06740", "-1.04880", "0.10350"], ["0.56560", "-2.25080", "0.24980"], ["2.55690", "-0.32220", "-0.76740"], ["2.48800", "-0.14230", "1.01000"], ["2.47000", "1.28270", "-0.03400"], ["0.36900", "2.30840", "-0.21930"], ["-2.09160", "2.22350", "-0.30620"], ["-3.27560", "0.04840", "-0.13190"], ["-1.97360", "-2.04720", "0.13070"], ["1.52360", "-2.10680", "0.27230"]], "DBSTEP_Vbur": "NaN"}