{"total energy": -15.7685793, "HOMO-LUMO gap/eV": 5.20308768, "electronic energy": -16.02341562, "dipole": [-0.14346673, 0.06653901, -0.04592982], "partial charges": "NaN", "atomic dipole moments": [[0.05269027, 0.06535489, 0.05818404], [0.04219845, -0.04018468, -0.09472444], [-0.04987191, -0.07917693, 0.03571963], [-0.12722082, 0.07785033, -0.03840246], [0.06955152, -0.00535904, 0.04184061], [-0.11327536, -0.01523115, 0.05036957], [-0.01722117, 0.04311735, -0.11727806], [0.05198377, -0.11548583, -0.00632166], [-0.06421872, 0.10201739, 0.01292427], [0.00952674, -0.04665422, 0.11647746], [-0.01121878, 0.04890756, -0.11444887], [0.04596621, 0.09592183, 0.06375211], [-0.02559954, -0.11629656, -0.09191418], [0.08414261, -0.12342047, -0.01652329], [0.03986743, 0.11200261, 0.09493261]], "atomic quadrupole moments": [[-0.00964419, 0.11868222, 0.01451403, 0.09313778, 0.12824326, -0.00486985], [0.13036386, 0.1712039, -0.06689465, -0.0238666, 0.0970761, -0.06346921], [0.16367278, -0.05202248, -0.0238905, -0.09310508, -0.01911319, -0.13978228], [-0.10593119, 0.09336606, -0.0028392, -0.41157275, -0.29174136, 0.10877039], [-0.10191866, 0.20047014, -0.093183, -0.3728966, -0.2949331, 0.19510166], [0.05564911, 0.01526739, -0.04004667, -0.05008403, 0.00829964, -0.01560244], [-0.04860835, 0.00591126, -0.01157609, 0.01015744, -0.04439428, 0.06018444], [-0.00388595, -0.05500076, 0.04463767, 0.01029982, 0.00715709, -0.04075172], [0.00851881, -0.02703431, 0.04050644, 0.00362701, 0.00316812, -0.04902524], [-0.02038438, 0.00363342, -0.01003285, 0.02247111, -0.03733952, 0.03041722], [-0.02389111, -0.01011732, -0.0328232, 0.01637757, -0.02068703, 0.05671432], [0.00559543, 0.01989212, 4.835e-05, 0.02207102, 0.0478924, -0.00564378], [0.01708835, -0.01884486, 0.00406279, 0.04934575, 0.02431856, -0.02115114], [0.01268824, -0.03477991, 0.0157126, 0.03408273, 0.02566696, -0.02840084], [-0.00267475, -0.00903228, 0.01626924, 0.03467912, 0.03989198, -0.01359449]], "number of molecular orbitals": 30, "number of electrons": 30, "number of unpaired electrons": 0, "orbital energies/eV": [-16.91825398, -16.49631886, -15.93041807, -15.24398269, -14.61746032, -13.94969302, -13.6510199, -13.19969751, -13.09145571, -12.47164616, -12.18453545, -11.94415082, -11.64203073, -11.36135587, -10.72787727, -5.52478959, 2.66798862, 2.85511405, 3.32888934, 3.59075978, 4.01304861, 4.43620256, 4.96032432, 5.32457774, 5.71524424, 6.87902276, 7.01907604, 7.77011872, 11.35779073, 15.51071982], "fractional occupation": [2.0, 2.0, 2.0, 2.0, 2.0, 2.0, 2.0, 2.0, 2.0, 2.0, 2.0, 2.0, 2.0, 2.0, 2.0, 0.0, 0.0, 0.0, 0.0, 0.0, 0.0, 0.0, 0.0, 0.0, 0.0, 0.0, 0.0, 0.0, 0.0, 0.0], "program call": "xtb /mnt/netapp1/Store_CSIC/home/csic/qoy/jar/test/QDESCP/mol_13_rdkit_conf_2/mol_13_rdkit_conf_2.xyz --pop --wbo --acc 0.2 --gfn 2 --chrg 0 --uhf 0 --etemp 300 --input /mnt/netapp1/Store_CSIC/home/csic/qoy/jar/test/QDESCP/mol_13_rdkit_conf_2/mol_13_rdkit_conf_2_xtb.inp", "method": "GFN2-xTB", "xtb version": "6.4.1 (unknown)", "Dipole module/D": 0.419, "Total charge": 0, "Transition dipole module/D": NaN, "HOMO": -10.7279, "LUMO": -5.5248, "HOMO occupancy": 2.0, "LUMO occupancy": 0, "mulliken charges": "NaN", "cm5 charges": "NaN", "FUKUI+": "NaN", "FUKUI-": "NaN", "FUKUIrad": "NaN", "s proportion": "NaN", "p proportion": "NaN", "d proportion": "NaN", "Fermi-level/eV": -8.1263, "Coordination numbers": "NaN", "Dispersion coefficient C6": "NaN", "Total dispersion C6": 1664.179281, "Total dispersion C8": 35742.430027, "Polarizability alpha": "NaN", "Total polarizability alpha": 62.756215, "Wiberg matrix": [[0.0, 1.0209439501282, 0.0, 0.0, 0.0, 0.987271184958622, 0.987459717281631, 0.986896630552596, 0.0, 0.0, 0.0, 0.0, 0.0, 0.0, 0.0], [1.0209439501282, 0.0, 0.991488836864203, 0.0, 0.0, 0.0, 0.0, 0.0, 0.97750835412433, 0.978571028250334, 0.0, 0.0, 0.0, 0.0, 0.0], [0.0, 0.991488836864203, 0.0, 1.02697572074141, 0.0, 0.0, 0.0, 0.0, 0.0, 0.0, 0.963379306844034, 0.975121982551813, 0.0, 0.0, 0.0], [0.0, 0.0, 1.02697572074141, 0.0, 1.97673437775733, 0.0, 0.0, 0.0, 0.0, 0.0, 0.0, 0.0, 0.967027056566336, 0.0, 0.0], [0.0, 0.0, 0.0, 1.97673437775733, 0.0, 0.0, 0.0, 0.0, 0.0, 0.0, 0.0, 0.0, 0.0, 0.97842630662318, 0.976686079239245], [0.987271184958622, 0.0, 0.0, 0.0, 0.0, 0.0, 0.0, 0.0, 0.0, 0.0, 0.0, 0.0, 0.0, 0.0, 0.0], [0.987459717281631, 0.0, 0.0, 0.0, 0.0, 0.0, 0.0, 0.0, 0.0, 0.0, 0.0, 0.0, 0.0, 0.0, 0.0], [0.986896630552596, 0.0, 0.0, 0.0, 0.0, 0.0, 0.0, 0.0, 0.0, 0.0, 0.0, 0.0, 0.0, 0.0, 0.0], [0.0, 0.97750835412433, 0.0, 0.0, 0.0, 0.0, 0.0, 0.0, 0.0, 0.0, 0.0, 0.0, 0.0, 0.0, 0.0], [0.0, 0.978571028250334, 0.0, 0.0, 0.0, 0.0, 0.0, 0.0, 0.0, 0.0, 0.0, 0.0, 0.0, 0.0, 0.0], [0.0, 0.0, 0.963379306844034, 0.0, 0.0, 0.0, 0.0, 0.0, 0.0, 0.0, 0.0, 0.0, 0.0, 0.0, 0.0], [0.0, 0.0, 0.975121982551813, 0.0, 0.0, 0.0, 0.0, 0.0, 0.0, 0.0, 0.0, 0.0, 0.0, 0.0, 0.0], [0.0, 0.0, 0.0, 0.967027056566336, 0.0, 0.0, 0.0, 0.0, 0.0, 0.0, 0.0, 0.0, 0.0, 0.0, 0.0], [0.0, 0.0, 0.0, 0.0, 0.97842630662318, 0.0, 0.0, 0.0, 0.0, 0.0, 0.0, 0.0, 0.0, 0.0, 0.0], [0.0, 0.0, 0.0, 0.0, 0.976686079239245, 0.0, 0.0, 0.0, 0.0, 0.0, 0.0, 0.0, 0.0, 0.0, 0.0]], "Born radii": [], "Atomic SASAs": [], "Solvent H bonds": [], "Total SASA": NaN, "Total FOD": 0.0115, "FOD": "NaN", "FOD s proportion": "NaN", "FOD p proportion": "NaN", "FOD d proportion": "NaN", "coordinates": [["-1.85910", "-0.48760", "-0.47400"], ["-1.04470", "0.47820", "0.37530"], ["0.32220", "0.81830", "-0.22460"], ["1.26180", "-0.35350", "-0.26670"], ["2.38780", "-0.43750", "0.45310"], ["-2.85290", "-0.62580", "-0.03610"], ["-1.98810", "-0.10320", "-1.49080"], ["-1.38320", "-1.47100", "-0.53340"], ["-1.61610", "1.40780", "0.48530"], ["-0.92150", "0.06140", "1.38220"], ["0.19610", "1.20440", "-1.24320"], ["0.76450", "1.63320", "0.36230"], ["1.00910", "-1.16910", "-0.94080"], ["3.03340", "-1.30690", "0.37440"], ["2.69090", "0.35140", "1.13440"]], "DBSTEP_Vbur": "NaN"}