{"total energy": -36.60220959, "HOMO-LUMO gap/eV": 4.64707325, "electronic energy": -37.03934797, "dipole": [0.31231103, 0.78006091, -0.28710518], "partial charges": "NaN", "atomic dipole moments": [[-0.08811296, 0.00685583, 0.05004883], [0.00832589, -0.04498561, -0.10075889], [-0.01352491, 0.04626104, 0.10181095], [0.00353063, -0.05286481, -0.09777934], [0.04661858, 0.0956699, -0.05339297], [-0.08544945, -0.10045653, 0.02998732], [-0.01226324, 0.06970699, 0.09805344], [-0.07661286, 0.14875862, 0.01209997], [0.08908814, 0.12343856, -0.09233738], [-0.13689263, -0.13549489, 0.12776159], [0.21622267, -0.07620839, -0.12502746], [-0.00426597, 0.0624206, -0.10914603], [0.03029253, -0.11990715, -0.02405254], [0.09217718, 0.04938443, 0.0681952], [0.01368292, -0.05722914, 0.10865191], [-0.01996087, 0.11911963, 0.02622623], [0.02420427, -0.11910059, -0.02696969], [-0.00721742, 0.05877225, -0.10896019], [-0.02693439, 0.1191459, 0.02359107], [0.01054746, -0.05031544, 0.11117696], [0.02506085, -0.1215939, -0.01674616], [-0.09341559, 0.00037091, 0.08197952], [0.09064561, -0.00753374, -0.08141503], [-0.01881223, 0.12489338, 0.01878505], [0.01359085, -0.12650526, -0.01517867], [-0.0162, 0.03987073, -0.12069696], [-0.02588707, 0.12254267, -0.01466667], [0.02039243, -0.01980056, 0.12730893], [-0.09964426, -0.06678329, -0.05196293]], "atomic quadrupole moments": [[0.15281901, -0.01499872, -0.12350026, -0.14634119, 0.01806082, -0.02931875], [0.21720971, 0.07539439, -0.18138755, -0.02436062, 0.08772548, -0.03582216], [0.21157016, 0.07647978, -0.18482062, -0.01306779, 0.09676684, -0.02674954], [0.20753027, 0.09913691, -0.15284169, -0.01828447, 0.08710596, -0.05468858], [-0.00343304, 0.09165359, -0.08580607, 0.17512667, -0.06602027, 0.08923911], [0.04217793, 0.11477799, -0.09161973, 0.18369256, -0.06070101, 0.0494418], [0.2007847, 0.06567591, -0.13107296, -0.06368188, 0.05950085, -0.06971174], [-0.08888097, -0.02005724, -0.10453179, 0.38394334, 0.18030769, 0.19341276], [-0.017494, 0.04346031, -0.09057858, 0.13966336, 0.0512626, 0.10807258], [0.04369543, -0.03255498, -0.01625349, -0.07155994, 0.00744953, -0.02744194], [0.28077661, -0.18241767, -0.18342516, -0.34204117, 0.09016297, -0.09735145], [-0.03035357, -0.01680376, -0.01571891, 0.00845311, -0.05529805, 0.04607248], [-0.03456269, -0.01423979, 0.07593521, -0.01448967, 0.01675265, -0.04137252], [0.02629516, 0.03554006, -0.0312114, 0.04319875, 0.03602092, 0.00491624], [-0.017022, -1.348e-05, -0.00734602, 0.00585289, -0.04503962, 0.02436801], [-0.01323162, -0.01646819, 0.05205585, -0.0022394, 0.00855295, -0.03882423], [-0.01833046, -0.01377975, 0.05512407, -0.00085858, 0.00772576, -0.03679361], [-0.01830455, -0.00416085, -0.00709769, 0.01102146, -0.04311557, 0.02540224], [-0.01303551, -0.01539435, 0.05548787, -0.00484549, -0.0001565, -0.04245237], [-0.0090041, -0.00107452, -0.01912955, 0.0132499, -0.0448903, 0.02813365], [-0.02597681, -0.02937025, 0.04143378, 0.00304846, 0.02297265, -0.01545696], [0.03721274, -0.00905447, -0.04392516, -0.02956352, 0.00810674, 0.00671242], [0.0323973, -0.0133347, -0.04374683, -0.03093603, 0.00806088, 0.01134953], [-0.02308019, -0.02689528, 0.0421228, 0.00348365, 0.01891013, -0.01904261], [-0.01603344, -0.0189103, 0.0595637, -0.00013797, -0.00363065, -0.04353026], [-0.02487692, -0.00392062, -0.01403672, 0.00972245, -0.04492481, 0.03891364], [-0.03260524, -0.01770532, 0.07542177, -0.01098388, -0.0226671, -0.04281654], [-0.01122045, -0.01960094, -0.04272732, 0.00643144, -0.02210383, 0.05394777], [0.02748853, 0.03419138, -0.00629628, 0.01054017, 0.03737862, -0.02119226]], "number of molecular orbitals": 62, "number of electrons": 66, "number of unpaired electrons": 0, "orbital energies/eV": [-20.13888525, -19.34042935, -18.31907175, -17.27625098, -16.98602791, -16.73626918, -16.54928163, -16.31075183, -15.90359753, -15.8265978, -15.31807252, -15.22879035, -15.14429036, -14.96426289, -14.1942421, -14.11495939, -13.94322144, -13.71854121, -13.56623619, -13.39410297, -13.23647524, -12.99096481, -12.88299939, -12.71360786, -12.52777944, -12.2668514, -12.13788466, -12.04787892, -11.73253484, -11.68015753, -11.52774794, -11.46325794, -11.1599369, -6.51286365, 0.2726719, 1.53239675, 2.12096169, 2.74883748, 2.83544725, 3.11146573, 3.20152349, 3.42679338, 3.63762622, 3.97190027, 4.03937325, 4.37423441, 4.51938933, 4.6802839, 4.80813839, 4.94759509, 5.30698752, 5.35077213, 5.71121076, 5.9629072, 6.33783972, 6.71615922, 7.10621699, 7.27106304, 7.36710196, 8.0011589, 8.36210163, 16.01718995], "fractional occupation": [2.0, 2.0, 2.0, 2.0, 2.0, 2.0, 2.0, 2.0, 2.0, 2.0, 2.0, 2.0, 2.0, 2.0, 2.0, 2.0, 2.0, 2.0, 2.0, 2.0, 2.0, 2.0, 2.0, 2.0, 2.0, 2.0, 2.0, 2.0, 2.0, 2.0, 2.0, 2.0, 2.0, 0.0, 0.0, 0.0, 0.0, 0.0, 0.0, 0.0, 0.0, 0.0, 0.0, 0.0, 0.0, 0.0, 0.0, 0.0, 0.0, 0.0, 0.0, 0.0, 0.0, 0.0, 0.0, 0.0, 0.0, 0.0, 0.0, 0.0, 0.0, 0.0], "program call": "xtb /mnt/netapp1/Store_CSIC/home/csic/qoy/jar/test/QDESCP/mol_30_rdkit_conf_1/mol_30_rdkit_conf_1.xyz --pop --wbo --acc 0.2 --gfn 2 --chrg 0 --uhf 0 --etemp 300 --input /mnt/netapp1/Store_CSIC/home/csic/qoy/jar/test/QDESCP/mol_30_rdkit_conf_1/mol_30_rdkit_conf_1_xtb.inp", "method": "GFN2-xTB", "xtb version": "6.4.1 (unknown)", "Dipole module/D": 2.257, "Total charge": 0, "Transition dipole module/D": NaN, "HOMO": -11.1599, "LUMO": -6.5129, "HOMO occupancy": 2.0, "LUMO occupancy": 0, "mulliken charges": "NaN", "cm5 charges": "NaN", "FUKUI+": "NaN", "FUKUI-": "NaN", "FUKUIrad": "NaN", "s proportion": "NaN", "p proportion": "NaN", "d proportion": "NaN", "Fermi-level/eV": -8.8364, "Coordination numbers": "NaN", "Dispersion coefficient C6": "NaN", "Total dispersion C6": 6178.818089, "Total dispersion C8": 130813.603926, "Polarizability alpha": "NaN", "Total polarizability alpha": 116.437624,