{"total energy": -15.76964036, "HOMO-LUMO gap/eV": 5.20426691, "electronic energy": -16.02482175, "dipole": [-0.16738507, -0.03493107, 0.03523736], "partial charges": "NaN", "atomic dipole moments": [[0.08557652, 0.05378486, 0.01147049], [-0.00105151, -0.11276877, 0.0126891], [-0.02290427, 0.09590413, -0.01285704], [-0.14774425, -0.03586027, 0.03206498], [0.06616814, -0.0094107, -0.04176453], [-0.03197411, -0.05987998, 0.10603347], [0.01093429, -0.08546147, -0.09216289], [-0.09459037, 0.07622725, -0.03017026], [-0.02135426, 0.08689322, 0.08598639], [0.02079645, 0.06292836, -0.10617278], [0.013844, -0.09136542, -0.08629486], [-0.0228904, -0.06315619, 0.1051927], [0.00990505, 0.10324714, 0.10870856], [0.11788745, 0.08764759, 0.03158418], [0.00418721, -0.10259314, -0.11226032]], "atomic quadrupole moments": [[0.13912388, 0.15069761, -0.01555418, 0.03881699, 0.01716979, -0.1235697], [0.21106592, 0.00243683, -0.00015654, 0.09602227, -0.02482004, -0.21090938], [0.19410039, -0.02629195, -0.00989917, 0.0671372, -0.02922957, -0.18420123], [-0.14429581, -0.08754525, 0.15963575, 0.29249018, -0.39457006, -0.01533994], [-0.22015608, -0.19571414, 0.14923671, 0.23144677, -0.40457012, 0.07091937], [-0.03552451, 0.01931051, -0.0197587, -0.0108675, -0.04702182, 0.05528322], [-0.02838192, -0.00672972, 0.00864427, -0.02280476, 0.06162748, 0.01973765], [0.02803456, -0.05062391, 0.0185204, 0.02449773, -0.02032236, -0.04655496], [-0.01730761, -0.00669188, -0.0049314, -0.00405629, 0.04573594, 0.02223901], [-0.01124278, 0.00954756, -0.02592209, -0.01595884, -0.0315041, 0.03716486], [-0.01660608, -0.01206628, -0.00642656, -0.00796477, 0.04653415, 0.02303264], [-0.02318707, 0.00567568, -0.02162433, -0.02156079, -0.03296039, 0.0448114], [0.02623733, 0.01825804, -0.01831218, -0.03481763, 0.03936441, -0.00792515], [0.03389608, 0.03223076, -0.01640967, -0.01908694, 0.03700457, -0.01748641], [0.00472062, 0.01579307, -0.00645684, -0.01825012, 0.04999236, 0.00173622]], "number of molecular orbitals": 30, "number of electrons": 30, "number of unpaired electrons": 0, "orbital energies/eV": [-16.92900818, -16.54820633, -15.91340156, -15.18773954, -14.70978331, -14.00229391, -13.63011348, -13.15737425, -13.07506631, -12.5552648, -12.12189522, -11.96804513, -11.56553311, -11.51426536, -10.72552708, -5.52126016, 2.40116301, 3.04036718, 3.45096893, 3.90017863, 4.12946968, 4.56745183, 4.62543387, 5.19230981, 6.07426214, 6.36864297, 6.94281417, 7.84627309, 11.29487693, 15.54785803], "fractional occupation": [2.0, 2.0, 2.0, 2.0, 2.0, 2.0, 2.0, 2.0, 2.0, 2.0, 2.0, 2.0, 2.0, 2.0, 2.0, 0.0, 0.0, 0.0, 0.0, 0.0, 0.0, 0.0, 0.0, 0.0, 0.0, 0.0, 0.0, 0.0, 0.0, 0.0], "program call": "xtb /mnt/netapp1/Store_CSIC/home/csic/qoy/jar/test/QDESCP/mol_13_rdkit_conf_1/mol_13_rdkit_conf_1.xyz --pop --wbo --acc 0.2 --gfn 2 --chrg 0 --uhf 0 --etemp 300 --input /mnt/netapp1/Store_CSIC/home/csic/qoy/jar/test/QDESCP/mol_13_rdkit_conf_1/mol_13_rdkit_conf_1_xtb.inp", "method": "GFN2-xTB", "xtb version": "6.4.1 (unknown)", "Dipole module/D": 0.444, "Total charge": 0, "Transition dipole module/D": NaN, "HOMO": -10.7255, "LUMO": -5.5213, "HOMO occupancy": 2.0, "LUMO occupancy": 0, "mulliken charges": "NaN", "cm5 charges": "NaN", "FUKUI+": "NaN", "FUKUI-": "NaN", "FUKUIrad": "NaN", "s proportion": "NaN", "p proportion": "NaN", "d proportion": "NaN", "Fermi-level/eV": -8.1234, "Coordination numbers": "NaN", "Dispersion coefficient C6": "NaN", "Total dispersion C6": 1663.219028, "Total dispersion C8": 35734.274781, "Polarizability alpha": "NaN", "Total polarizability alpha": 62.736749, "Wiberg matrix": [[0.0, 1.0191716950346, 0.0, 0.0, 0.0, 0.987638733647103, 0.987618819946396, 0.986942442225225, 0.0, 0.0, 0.0, 0.0, 0.0, 0.0, 0.0], [1.0191716950346, 0.0, 0.993045464959306, 0.0, 0.0, 0.0, 0.0, 0.0, 0.978180258559748, 0.978707369298635, 0.0, 0.0, 0.0, 0.0, 0.0], [0.0, 0.993045464959306, 0.0, 1.02657238574155, 0.0, 0.0, 0.0, 0.0, 0.0, 0.0, 0.974836121436966, 0.961915864171617, 0.0, 0.0, 0.0], [0.0, 0.0, 1.02657238574155, 0.0, 1.97549232407536, 0.0, 0.0, 0.0, 0.0, 0.0, 0.0, 0.0, 0.967873705024157, 0.0, 0.0], [0.0, 0.0, 0.0, 1.97549232407536, 0.0, 0.0, 0.0, 0.0, 0.0, 0.0, 0.0, 0.0, 0.0, 0.978330984347323, 0.97672959454502], [0.987638733647103, 0.0, 0.0, 0.0, 0.0, 0.0, 0.0, 0.0, 0.0, 0.0, 0.0, 0.0, 0.0, 0.0, 0.0], [0.987618819946396, 0.0, 0.0, 0.0, 0.0, 0.0, 0.0, 0.0, 0.0, 0.0, 0.0, 0.0, 0.0, 0.0, 0.0], [0.986942442225225, 0.0, 0.0, 0.0, 0.0, 0.0, 0.0, 0.0, 0.0, 0.0, 0.0, 0.0, 0.0, 0.0, 0.0], [0.0, 0.978180258559748, 0.0, 0.0, 0.0, 0.0, 0.0, 0.0, 0.0, 0.0, 0.0, 0.0, 0.0, 0.0, 0.0], [0.0, 0.978707369298635, 0.0, 0.0, 0.0, 0.0, 0.0, 0.0, 0.0, 0.0, 0.0, 0.0, 0.0, 0.0, 0.0], [0.0, 0.0, 0.974836121436966, 0.0, 0.0, 0.0, 0.0, 0.0, 0.0, 0.0, 0.0, 0.0, 0.0, 0.0, 0.0], [0.0, 0.0, 0.961915864171617, 0.0, 0.0, 0.0, 0.0, 0.0, 0.0, 0.0, 0.0, 0.0, 0.0, 0.0, 0.0], [0.0, 0.0, 0.0, 0.967873705024157, 0.0, 0.0, 0.0, 0.0, 0.0, 0.0, 0.0, 0.0, 0.0, 0.0, 0.0], [0.0, 0.0, 0.0, 0.0, 0.978330984347323, 0.0, 0.0, 0.0, 0.0, 0.0, 0.0, 0.0, 0.0, 0.0, 0.0], [0.0, 0.0, 0.0, 0.0, 0.97672959454502, 0.0, 0.0, 0.0, 0.0, 0.0, 0.0, 0.0, 0.0, 0.0, 0.0]], "Born radii": [], "Atomic SASAs": [], "Solvent H bonds": [], "Total SASA": NaN, "Total FOD": 0.0113, "FOD": "NaN", "FOD s proportion": "NaN", "FOD p proportion": "NaN", "FOD d proportion": "NaN", "coordinates": [["-2.20140", "-0.35160", "-0.09510"], ["-0.92420", "0.45560", "0.07770"], ["0.25730", "-0.44070", "0.44930"], ["1.51390", "0.36110", "0.63200"], ["2.61630", "0.20920", "-0.11250"], ["-2.46330", "-0.87430", "0.83040"], ["-2.09100", "-1.09520", "-0.89090"], ["-3.03370", "0.30810", "-0.35980"], ["-1.08210", "1.21300", "0.85520"], ["-0.71020", "0.99180", "-0.85490"], ["0.39620", "-1.20740", "-0.32290"], ["0.04350", "-0.96860", "1.38640"], ["1.51450", "1.10070", "1.43030"], ["3.49770", "0.81610", "0.07050"], ["2.66670", "-0.51780", "-0.91710"]], "DBSTEP_Vbur": "NaN"}