{"total energy": -26.45435083, "HOMO-LUMO gap/eV": 4.81651733, "electronic energy": -26.7544967, "dipole": [-1.52091329, -0.35265994, 0.56098857], "partial charges": "NaN", "atomic dipole moments": [[0.02565588, -0.08022339, 0.04702069], [0.05154289, 0.09502166, 0.01581947], [0.0153938, 0.01958526, -0.1043186], [-0.03882713, -0.09844157, -0.02930585], [0.05870892, 0.08760508, 0.02965721], [0.00149094, -0.03459407, 0.11510686], [0.06635169, 0.03972396, -0.10968479], [-0.79191562, -0.20973334, 0.33650228], [0.09350899, 0.03508912, -0.08748836], [-0.02501582, 0.0964879, 0.09021054], [-0.11049434, -0.02576408, -0.06700829], [-0.10138115, -0.04226924, 0.06326497], [0.02705336, -0.09255975, -0.08844434], [-0.03693456, 0.08192114, 0.09200151], [0.02066888, -0.11067366, 0.06161286], [-0.01797253, 0.11888673, -0.05520515], [0.07622418, 0.01964346, 0.09860939], [0.01231905, -0.12037161, 0.05549362], [-0.0758292, -0.011935, -0.10434907], [0.03431559, -0.0723846, -0.10249372], [-0.00349867, 0.12786269, -0.04125519], [0.01605701, -0.12916311, 0.0403913], [-0.01064762, 0.08969463, 0.10108445]], "atomic quadrupole moments": [[-0.08503207, -0.07075986, 0.13424548, 0.05603208, -0.1426804, -0.04921341], [-0.01694689, -0.03065441, 0.0253403, 0.18426806, -0.10300407, -0.00839341], [0.17782254, 0.11975572, -0.16010038, 0.0399159, -0.01873141, -0.01772216], [0.07102612, 0.02416329, -0.04751638, -0.17772395, 0.10070453, -0.02350974], [0.10545965, 0.03312861, -0.05133186, -0.18360973, 0.09890294, -0.05412779], [0.22381787, 0.07539324, -0.213855, 0.05477762, -0.05990661, -0.00996287], [0.30052114, 0.10636006, -0.27134999, -0.07849311, -0.08909229, -0.02917115], [1.08293063, 0.49809767, -0.69213795, -0.79747473, -0.23112966, -0.39079269], [0.02711012, 0.01377656, -0.01873022, -0.04881127, -0.02330402, -0.00837991], [-0.04277418, -0.01395452, 0.02061348, -0.00806802, 0.04452152, 0.0221607], [0.03523918, 0.02060416, -0.02281172, 0.05055242, -0.0010519, -0.01242746], [0.02690831, 0.01165164, -0.02927674, -0.02334098, -0.02539909, 0.00236843], [-0.018322, -0.02911605, 0.00018371, -0.01481166, 0.02609033, 0.01813828], [0.00297011, -0.00983764, 0.00738865, -0.01389937, 0.04459468, -0.01035876], [-0.00488892, -0.00900384, 0.03591118, 0.01536875, -0.02975897, -0.03102226], [-0.02061267, -0.02184077, 0.01718796, 0.00146278, -0.03379995, 0.00342471], [0.02261004, 0.00125027, -0.04036663, 0.0307862, 0.00730898, 0.01775659], [-0.02049105, -0.01601974, 0.02475986, -0.00286105, -0.03305063, -0.00426881], [0.02003574, -0.00601761, -0.04019229, 0.02593053, 0.00950495, 0.02015655], [0.01874792, -0.00120136, -0.01769329, -0.00268295, 0.0418386, -0.00105463], [-0.00033211, -0.00671251, 0.03485302, 0.00783502, -0.01196387, -0.03452091], [0.00966902, 0.00439247, 0.0198464, -0.00876508, -0.01915489, -0.02951542], [0.01024368, 0.00271265, -0.01115739, -0.01870551, 0.0257687, 0.0009137]], "number of molecular orbitals": 52, "number of electrons": 50, "number of unpaired electrons": 0, "orbital energies/eV": [-19.99231073, -17.50255603, -17.11067023, -16.70108922, -16.35289634, -15.90174472, -15.60127516, -15.07444034, -14.45594888, -14.36785248, -14.17069968, -13.76541722, -13.637407, -13.48506149, -13.01368345, -12.94059234, -12.83011035, -12.39205786, -12.26154048, -12.17712164, -11.79126966, -11.73788389, -11.59436542, -11.01027851, -10.9879459, -6.17142857, 0.46119949, 0.52871095, 0.75352878, 1.21869748, 1.61674291, 1.83080785, 2.17210892, 2.41649354, 2.59235296, 2.7767135, 2.95224295, 3.10441731, 3.26451601, 3.48824051, 4.08954105, 4.27983844, 4.59552374, 4.78413123, 5.15392994, 5.89741575, 6.38913917, 6.6369792, 7.0495753, 7.14606505, 7.36191646, 10.55205684], "fractional occupation": [2.0, 2.0, 2.0, 2.0, 2.0, 2.0, 2.0, 2.0, 2.0, 2.0, 2.0, 2.0, 2.0, 2.0, 2.0, 2.0, 2.0, 2.0, 2.0, 2.0, 2.0, 2.0, 2.0, 2.0, 2.0, 0.0, 0.0, 0.0, 0.0, 0.0, 0.0, 0.0, 0.0, 0.0, 0.0, 0.0, 0.0, 0.0, 0.0, 0.0, 0.0, 0.0, 0.0, 0.0, 0.0, 0.0, 0.0, 0.0, 0.0, 0.0, 0.0, 0.0], "program call": "xtb /mnt/netapp1/Store_CSIC/home/csic/qoy/jar/test/QDESCP/mol_40_rdkit_conf_2/mol_40_rdkit_conf_2.xyz --pop --wbo --acc 0.2 --gfn 2 --chrg 0 --uhf 0 --etemp 300 --input /mnt/netapp1/Store_CSIC/home/csic/qoy/jar/test/QDESCP/mol_40_rdkit_conf_2/mol_40_rdkit_conf_2_xtb.inp", "method": "GFN2-xTB", "xtb version": "6.4.1 (unknown)", "Dipole module/D": 4.217, "Total charge": 0, "Transition dipole module/D": NaN, "HOMO": -10.9879, "LUMO": -6.1714, "HOMO occupancy": 2.0, "LUMO occupancy": 0, "mulliken charges": "NaN", "cm5 charges": "NaN", "FUKUI+": "NaN", "FUKUI-": "NaN", "FUKUIrad": "NaN", "s proportion": "NaN", "p proportion": "NaN", "d proportion": "NaN", "Fermi-level/eV": -8.5797, "Coordination numbers": "NaN", "Dispersion coefficient C6": "NaN", "Total dispersion C6": 5731.994985, "Total dispersion C8": 196916.157986, "Polarizability alpha": "NaN", "Total polarizability alpha": 117.376228,