{"total energy": -27.21465186, "HOMO-LUMO gap/eV": 11.74998289, "electronic energy": -27.55937698, "dipole": [0.41304354, -0.01180793, -0.55468166], "partial charges": "NaN", "atomic dipole moments": [[-0.02107624, 0.06620487, -0.07288719], [-0.04886018, -0.00119374, 0.09837401], [-0.01688441, -0.10833645, -0.00143528], [0.04245157, -0.01654149, -0.11457251], [-0.05580176, 0.01046221, 0.09168672], [0.04149192, -0.04041023, 0.16737258], [0.08429166, -0.0764846, -0.0378773], [0.07247333, 0.04239982, -0.22101993], [0.03338222, 0.05701623, 0.10837741], [-0.09405455, -0.07972603, 0.02335], [0.09666111, -0.06961392, -0.03644504], [0.10061897, 0.06068973, -0.02875025], [-0.02819268, -0.05920508, -0.10465258], [0.04061854, 0.07057462, 0.0909823], [-0.01550947, 0.08009552, -0.09028584], [0.01338994, -0.06774745, 0.10699184], [-0.07001204, 0.0948887, 0.03548181], [-0.01019694, 0.07046102, -0.10351719], [0.07189356, -0.09218812, -0.03053852], [-0.03988929, -0.07155654, -0.08112155], [-0.1124451, -0.05419041, 0.02233555], [-0.01422366, 0.08442326, -0.09506238], [0.01935057, 0.06314912, 0.11161668], [0.05221067, -0.05111058, -0.02637705]], "atomic quadrupole moments": [[-0.08978432, -0.05973585, 0.02748927, 0.04465889, -0.16348481, 0.06229506], [-0.04582101, -0.18030578, 0.06679098, -0.01191912, -0.09905963, -0.02096997], [0.16573729, -0.03248984, -0.01151068, -0.13343184, 0.01985752, -0.1542266], [0.08765659, 0.17926043, -0.07254889, 0.00681655, 0.10223605, -0.0151077], [0.1000292, 0.16802439, -0.08688048, -0.00395045, 0.07550812, -0.01314872], [-0.06028336, -0.09114357, -0.00892846, -0.04603414, -0.3005506, 0.06921182], [0.04959461, -0.16922277, 0.06639819, -0.04937566, 0.04539374, -0.1159928], [-0.07973798, -0.0381662, -0.01191353, -0.00790776, -0.11959266, 0.09165151], [-0.04566456, 0.01518388, 0.00461369, 0.024532, 0.04790142, 0.04105087], [0.04611759, 0.054486, -0.01042992, -0.00583968, -0.01819167, -0.03568768], [0.02825113, -0.05538275, -0.00682555, -0.03834801, 0.01040755, -0.02142558], [0.03505668, 0.03083149, 0.00781505, -0.00711557, -0.0144415, -0.04287173], [-0.01999241, 0.0105358, 0.00565786, 0.03870931, 0.03167898, 0.01433455], [0.0025983, 0.0132573, -0.03154459, 0.01745682, 0.04211972, 0.02894629], [-0.01050553, -0.02087121, -0.01761922, 0.00405681, -0.04590513, 0.02812475], [-0.02325395, -0.00200884, 0.01595324, 0.02101242, -0.0424283, 0.00730071], [0.01843882, -0.03562802, 0.02160955, -0.00453449, 0.01580108, -0.04004836], [-0.0308552, 2.868e-05, 0.01164345, 0.0174109, -0.04618495, 0.01921175], [0.01798182, -0.0377069, 0.0233877, 0.00207054, 0.02409663, -0.04136951], [-0.01185825, 0.00044352, -0.00731588, 0.0096353, 0.00793368, 0.01917413], [0.05101055, 0.04995402, -0.00189115, -0.0153912, 0.00417492, -0.0491194], [-0.04225684, -0.00893675, 0.00549917, -0.00447208, -0.06536555, 0.03675767], [-0.01763357, 0.01658438, -0.01796797, 0.03923724, 0.05146831, 0.03560154], [0.01146404, -0.11241049, 0.03323704, -0.02975351, 0.01514387, -0.04470108]], "number of molecular orbitals": 48, "number of electrons": 50, "number of unpaired electrons": 0, "orbital energies/eV": [-18.49759677, -17.12546134, -16.90169849, -16.51519261, -16.15895018, -15.71130525, -15.49740969, -15.12682645, -14.62468877, -14.31118794, -14.12913713, -13.75531284, -13.61173636, -13.16399126, -13.02823015, -12.69404332, -12.57624178, -12.41475993, -12.23819838, -12.10784266, -11.97881705, -11.57669977, -11.46175235, -11.35373613, -10.8880141, 0.8619688, 1.87862141, 2.39683075, 2.55046893, 2.96344875, 3.28354975, 3.61342609, 3.7055593, 3.88280008, 4.23456655, 4.4157583, 4.69547823, 5.22737912, 5.36932799, 5.6311477, 6.05766366, 6.48748602, 6.97127987, 7.25870692, 7.53325006, 7.58012941, 7.9353362, 8.18397401], "fractional occupation": [2.0, 2.0, 2.0, 2.0, 2.0, 2.0, 2.0, 2.0, 2.0, 2.0, 2.0, 2.0, 2.0, 2.0, 2.0, 2.0, 2.0, 2.0, 2.0, 2.0, 2.0, 2.0, 2.0, 2.0, 2.0, 0.0, 0.0, 0.0, 0.0, 0.0, 0.0, 0.0, 0.0, 0.0, 0.0, 0.0, 0.0, 0.0, 0.0, 0.0, 0.0, 0.0, 0.0, 0.0, 0.0, 0.0, 0.0, 0.0], "program call": "xtb /mnt/netapp1/Store_CSIC/home/csic/qoy/jar/test/QDESCP/mol_46_rdkit_conf_2/mol_46_rdkit_conf_2.xyz --pop --wbo --acc 0.2 --gfn 2 --chrg 0 --uhf 0 --etemp 300 --input /mnt/netapp1/Store_CSIC/home/csic/qoy/jar/test/QDESCP/mol_46_rdkit_conf_2/mol_46_rdkit_conf_2_xtb.inp", "method": "GFN2-xTB", "xtb version": "6.4.1 (unknown)", "Dipole module/D": 1.758, "Total charge": 0, "Transition dipole module/D": NaN, "HOMO": -10.888, "LUMO": 0.862, "HOMO occupancy": 2.0, "LUMO occupancy": 0, "mulliken charges": "NaN", "cm5 charges": "NaN", "FUKUI+": "NaN", "FUKUI-": "NaN", "FUKUIrad": "NaN", "s proportion": "NaN", "p proportion": "NaN", "d proportion": "NaN", "Fermi-level/eV": -5.013, "Coordination numbers": "NaN", "Dispersion coefficient C6": "NaN", "Total dispersion C6": 3822.613551, "Total dispersion C8": 79118.194255, "Polarizability alpha": "NaN", "Total polarizability alpha": 91.38977,