{"total energy": -28.54806172, "HOMO-LUMO gap/eV": 4.46200991, "electronic energy": -29.02818189, "dipole": [-0.00083508, 0.01119154, -0.057847], "partial charges": "NaN", "atomic dipole moments": [[0.03838043, -0.02339668, 0.09406373], [0.03287931, 0.01484412, -0.10196336], [-0.08933794, 0.01169175, 0.005109], [-0.00656926, -0.00162683, 0.00073282], [0.00591716, -0.00330013, 0.00019566], [0.08938126, -0.01229702, -0.0020747], [-0.03577988, 0.02400024, -0.09920351], [-0.03565039, -0.0134892, 0.09698819], [0.00653943, 0.00129112, 0.00109219], [-0.00587551, 0.00294975, 0.00156571], [0.04938528, 0.10690185, -0.04804008], [0.02127051, -0.09138125, -0.08591136], [-0.12349336, 0.01610774, 0.00743885], [-0.03027931, 0.08729045, 0.08324309], [-0.05682978, -0.09991108, 0.04749034], [-0.05097895, 0.13972437, 0.02578767], [0.08785132, 0.12110997, 0.02023725], [0.05868078, 0.07536485, 0.07968621], [0.03212487, -0.11182955, 0.04394664], [-0.05125748, -0.08163316, -0.08296427], [0.12356745, -0.01703087, -0.00248276], [-0.02312399, 0.11665679, -0.0451314], [0.05096831, -0.13901528, -0.02941534], [-0.0879013, -0.12040956, -0.02383351]], "atomic quadrupole moments": [[-0.06156515, -0.03192334, -0.10580324, 0.12072606, -0.0728244, 0.16736839], [0.102644, -0.05636526, -0.14863683, 0.09499274, -0.05414742, 0.04599283], [-0.07358213, -0.04155307, -0.33407014, -0.00103165, -0.14796397, 0.40765227], [-0.24451674, -0.0106106, -0.23724208, 0.00642438, -0.13849463, 0.48175881], [-0.24088793, 0.00038884, -0.24024958, 0.01435737, -0.14003255, 0.48113751], [-0.07364868, -0.04169022, -0.33399394, -0.00050162, -0.14798274, 0.40764263], [0.09672675, -0.01637416, -0.15919545, -0.110134, -0.02816798, 0.0624687], [-0.06835109, 0.01435292, -0.11812648, -0.11686688, -0.04271648, 0.18647757], [-0.2444355, -0.0115764, -0.23347757, 0.01075052, -0.14776225, 0.47791307], [-0.24105348, 0.00161628, -0.23713025, 0.00741663, -0.14788086, 0.47818374], [-0.01973524, 0.0528331, 0.04310791, -0.0072442, -0.02732235, -0.02337267], [-0.0425233, -0.02804193, 0.03620512, -0.01153157, 0.04982543, 0.00631818], [0.07780071, -0.01609959, -0.05238108, -0.0145478, -0.00365161, -0.02541964], [-0.02105897, -0.01367281, 0.02777046, 0.0034363, 0.0455917, -0.00671148], [-0.00952114, 0.0280799, 0.04325085, 0.00115047, -0.02377466, -0.0337297], [0.04002948, -0.00037018, 0.02469471, -0.00217485, 0.01815079, -0.06472419], [0.039567, -0.00225865, 0.02519717, -0.00139092, 0.01810432, -0.06476417], [-0.00931146, 0.02753949, 0.01651042, 0.00918714, 0.04307416, -0.00719896], [-0.02140133, -0.012366, 0.05435179, -0.00850047, -0.02077852, -0.03295046], [-0.01877637, 0.0473277, 0.01555148, 0.02678997, 0.04157711, 0.00322489], [0.07835201, -0.01986691, -0.05138015, 0.00467337, -0.00608126, -0.02697186], [-0.04216035, -0.03161434, 0.0661504, 0.00092559, -0.02488835, -0.02399005], [0.0400367, -0.00054287, 0.02486298, -0.00109577, 0.01777655, -0.06489969], [0.03952899, -0.00203836, 0.02523798, -0.00251439, 0.01802772, -0.06476696]], "number of molecular orbitals": 54, "number of electrons": 54, "number of unpaired electrons": 0, "orbital energies/eV": [-17.26590661, -16.93526468, -16.66650831, -16.38952683, -16.21185987, -15.68600981, -15.36454076, -15.25418417, -14.92430602, -14.04589744, -13.87008121, -13.60318388, -13.39787371, -13.25200811, -13.0802497, -12.86593615, -12.78591685, -12.70977078, -12.5769021, -12.10569042, -11.92326188, -11.89526434, -11.62835426, -11.19186328, -11.1915994, -10.68531865, -10.35356444, -5.89155453, -5.83418983, -2.54653408, 2.50359922, 2.68350798, 3.45369807, 3.71442997, 3.72527337, 3.89385579, 3.97646801, 4.43628424, 4.69308368, 4.84432418, 5.07571875, 5.1652541, 5.33397829, 5.35756634, 6.81769648, 6.91390741, 6.93117531, 7.29383296, 10.44470262, 10.994391, 11.72349739, 12.41654245, 16.71130583, 17.14133272], "fractional occupation": [2.0, 2.0, 2.0, 2.0, 2.0, 2.0, 2.0, 2.0, 2.0, 2.0, 2.0, 2.0, 2.0, 2.0, 2.0, 2.0, 2.0, 2.0, 2.0, 2.0, 2.0, 2.0, 2.0, 2.0, 2.0, 2.0, 2.0, 0.0, 0.0, 0.0, 0.0, 0.0, 0.0, 0.0, 0.0, 0.0, 0.0, 0.0, 0.0, 0.0, 0.0, 0.0, 0.0, 0.0, 0.0, 0.0, 0.0, 0.0, 0.0, 0.0, 0.0, 0.0, 0.0, 0.0], "program call": "xtb /mnt/netapp1/Store_CSIC/home/csic/qoy/jar/test/QDESCP/mol_31_rdkit_conf_1/mol_31_rdkit_conf_1.xyz --pop --wbo --acc 0.2 --gfn 2 --chrg 0 --uhf 0 --etemp 300 --input /mnt/netapp1/Store_CSIC/home/csic/qoy/jar/test/QDESCP/mol_31_rdkit_conf_1/mol_31_rdkit_conf_1_xtb.inp", "method": "GFN2-xTB", "xtb version": "6.4.1 (unknown)", "Dipole module/D": 0.15, "Total charge": 0, "Transition dipole module/D": NaN, "HOMO": -10.3536, "LUMO": -5.8916, "HOMO occupancy": 2.0, "LUMO occupancy": 0, "mulliken charges": "NaN", "cm5 charges": "NaN", "FUKUI+": "NaN", "FUKUI-": "NaN", "FUKUIrad": "NaN", "s proportion": "NaN", "p proportion": "NaN", "d proportion": "NaN", "Fermi-level/eV": -8.1226, "Coordination numbers": "NaN", "Dispersion coefficient C6": "NaN", "Total dispersion C6": 5353.645269, "Total dispersion C8": 123121.636405, "Polarizability alpha": "NaN", "Total polarizability alpha": 114.407505,