{"total energy": -26.45617552, "HOMO-LUMO gap/eV": 4.75428079, "electronic energy": -26.75627254, "dipole": [0.54311206, -0.23382793, -1.4458923], "partial charges": "NaN", "atomic dipole moments": [[-0.08778434, 0.0192301, -0.0371288], [0.01342625, -0.07599151, 0.07430742], [-0.01942434, 0.07346527, -0.07585326], [0.01448425, -0.07392301, 0.07155685], [-0.02753873, 0.07170688, -0.08808859], [0.03379827, 0.09199423, 0.05259978], [-2.929e-05, -0.05796571, 0.12517079], [0.23577829, -0.09696009, -0.83715136], [-0.00267974, 0.02327674, 0.13144646], [0.08832661, 0.07917898, -0.05694781], [0.03019358, -0.12710167, -0.02685995], [-0.02300101, 0.1253837, 0.0250732], [0.00873909, -0.02024804, -0.1279878], [0.02772626, -0.125513, -0.02511414], [-0.00477571, 0.02119829, 0.12951155], [-0.02264044, 0.12489656, 0.02522842], [0.0057877, -0.02146117, -0.12905747], [0.03027607, -0.12493502, -0.01470444], [-0.00687298, 0.02248906, 0.13193193], [-0.08116418, -0.09255623, 0.04442818], [0.01216661, -0.01748987, -0.13223584], [0.07838705, 0.10739713, -0.02924459], [-0.11281923, 0.01061316, -0.06778973]], "atomic quadrupole moments": [[0.1809658, -0.06276342, -0.10766665, 0.12556337, -0.04013285, -0.07329915], [0.22081615, 0.06480663, -0.10090078, 0.03436921, -0.12169499, -0.11991537], [0.22593921, 0.07090691, -0.09891946, 0.03292119, -0.12998699, -0.12701975], [0.21117801, 0.06797547, -0.09418412, 0.02736623, -0.13014875, -0.11699389], [0.21689949, 0.07812174, -0.10036955, 0.04072864, -0.10218433, -0.11652994], [0.06430164, -0.15322189, 0.04608856, 0.07936944, 0.04587005, -0.1103902], [-0.18416445, -0.11869303, -0.05660436, -0.14435957, 0.06957133, 0.24076881], [-0.62309737, -0.08500442, -0.71115082, -0.65293391, 0.21481232, 1.33424818], [-0.02504857, -0.0098707, -0.04012379, -0.00315947, 0.01573932, 0.06517236], [0.02282308, 0.04096932, -0.00258893, -0.02412085, -0.0351217, -0.02023415], [-0.02534035, -0.02022649, 0.05986162, 0.00782472, 0.02091707, -0.03452126], [-0.00811244, -0.01460107, 0.03828712, -0.00425867, 0.01713595, -0.03017469], [-0.0131772, 0.004316, -0.02998898, 2.778e-05, 0.01606552, 0.04316618], [-0.01217568, -0.01207683, 0.03960193, -0.00346906, 0.01674455, -0.02742625], [-0.01570635, 0.00273905, -0.0273441, -0.0033289, 0.01498795, 0.04305045], [-0.01132492, -0.01576222, 0.03921872, -0.00518042, 0.01586202, -0.0278938], [-0.01477071, 0.00329694, -0.02780154, -0.00127756, 0.01651402, 0.04257225], [0.00105268, -0.01446256, 0.03984196, -0.00542927, 0.01458424, -0.04089463], [-0.01034907, -0.00089881, -0.02197966, -0.0121245, 0.02459681, 0.03232872], [0.0112965, 0.01258266, 0.01477385, -0.02172031, -0.0147554, -0.02607036], [-0.01206279, -0.01378373, -0.03442232, -0.01147994, -0.00612631, 0.0464851], [-0.00149191, 0.02948059, -0.00117987, -0.02165794, 0.01341965, 0.00267178], [0.01842766, -0.01263082, -0.0396632, 0.01079848, 0.01349936, 0.02123555]], "number of molecular orbitals": 52, "number of electrons": 50, "number of unpaired electrons": 0, "orbital energies/eV": [-19.95636114, -17.46610107, -17.05134363, -16.74152851, -16.32696596, -15.76535114, -15.29074479, -15.16205542, -14.50593302, -14.37232111, -14.0977037, -13.74168725, -13.48805031, -13.40233427, -13.09526799, -12.73859527, -12.6759307, -12.39502843, -12.16254868, -11.94001586, -11.85451439, -11.64952796, -11.60911655, -11.00222113, -10.94316987, -6.18888908, 0.27178027, 0.47284169, 0.82915255, 1.16717072, 1.30748179, 1.98075942, 2.26499075, 2.34225992, 2.85970974, 3.03523739, 3.27434487, 3.39714838, 3.54069203, 3.81837207, 4.07657089, 4.16459345, 4.73899341, 5.02286509, 5.68791873, 5.86515696, 5.97154572, 6.56840185, 6.89153745, 7.02505463, 7.67865896, 10.68050044], "fractional occupation": [2.0, 2.0, 2.0, 2.0, 2.0, 2.0, 2.0, 2.0, 2.0, 2.0, 2.0, 2.0, 2.0, 2.0, 2.0, 2.0, 2.0, 2.0, 2.0, 2.0, 2.0, 2.0, 2.0, 2.0, 2.0, 0.0, 0.0, 0.0, 0.0, 0.0, 0.0, 0.0, 0.0, 0.0, 0.0, 0.0, 0.0, 0.0, 0.0, 0.0, 0.0, 0.0, 0.0, 0.0, 0.0, 0.0, 0.0, 0.0, 0.0, 0.0, 0.0, 0.0], "program call": "xtb /mnt/netapp1/Store_CSIC/home/csic/qoy/jar/test/QDESCP/mol_40_rdkit_conf_1/mol_40_rdkit_conf_1.xyz --pop --wbo --acc 0.2 --gfn 2 --chrg 0 --uhf 0 --etemp 300 --input /mnt/netapp1/Store_CSIC/home/csic/qoy/jar/test/QDESCP/mol_40_rdkit_conf_1/mol_40_rdkit_conf_1_xtb.inp", "method": "GFN2-xTB", "xtb version": "6.4.1 (unknown)", "Dipole module/D": 3.971, "Total charge": 0, "Transition dipole module/D": NaN, "HOMO": -10.9432, "LUMO": -6.1889, "HOMO occupancy": 2.0, "LUMO occupancy": 0, "mulliken charges": "NaN", "cm5 charges": "NaN", "FUKUI+": "NaN", "FUKUI-": "NaN", "FUKUIrad": "NaN", "s proportion": "NaN", "p proportion": "NaN", "d proportion": "NaN", "Fermi-level/eV": -8.566, "Coordination numbers": "NaN", "Dispersion coefficient C6": "NaN", "Total dispersion C6": 5731.674436, "Total dispersion C8": 196907.706381, "Polarizability alpha": "NaN", "Total polarizability alpha": 117.372481,