{"total energy": -20.77734275, "HOMO-LUMO gap/eV": 4.7702145, "electronic energy": -20.98470654, "dipole": [-0.6545836, -0.22311776, -0.73429075], "partial charges": "NaN", "atomic dipole moments": [[-0.0064367, -0.12287707, 0.0469329], [0.19514074, -0.07952538, -0.12087124], [0.09065643, 0.08121434, 0.06345575], [-0.03515105, 0.12754583, 0.17689628], [-0.17629203, 0.01760798, -0.05174379], [0.00660209, -0.09858293, -0.14654012], [-0.11290337, 0.05951873, 0.02388154], [0.02425151, 0.00863426, -0.12649551], [0.09473707, 0.07323738, 0.05048899], [-0.02208531, -0.00392565, 0.12886593], [0.00578384, -0.12172179, 0.03904803], [0.01287593, -0.01157168, -0.12809541], [-0.11898514, 0.04612536, 0.02527717], [0.1147228, -0.06711795, -0.04922354]], "atomic quadrupole moments": [[-0.11893501, -0.00898546, 0.21176307, 0.00916664, -0.12304709, -0.09282806], [0.30399142, -0.15449611, 0.01625059, -0.03952857, 0.06157013, -0.32024201], [0.07580406, 0.15731138, -0.00260579, 0.12680512, 0.08655538, -0.07319827], [0.05387006, -0.03659634, -0.01906196, -0.00994137, 0.01574261, -0.03480811], [-0.17654664, 0.27994062, 0.21351108, 0.05963731, -0.43376616, -0.03696445], [-0.10033837, 0.07454219, 0.11214097, -0.04478213, -0.14818998, -0.0118026], [0.06217458, -0.03996544, -0.01889852, -0.02966894, 0.00525962, -0.04327606], [-0.04900552, 0.00077957, -0.0307472, -0.01569977, 0.01399344, 0.07975272], [0.01865846, 0.0419097, -0.01095129, 0.04990327, 0.01993635, -0.00770717], [-0.00224912, -0.00204623, -0.00789785, 0.00584124, 0.00166001, 0.01014698], [-0.04333989, -0.00483433, 0.06062847, 0.01455525, -0.04506066, -0.01728858], [-0.0377997, 0.01125141, -0.03959534, -0.02173947, -0.00800552, 0.07739505], [0.05424071, -0.045327, -0.01524437, -0.02462557, 0.02138993, -0.03899634], [0.0143119, 0.00024954, -0.03728585, 0.04060074, 0.04899754, 0.02297395]], "number of molecular orbitals": 32, "number of electrons": 36, "number of unpaired electrons": 0, "orbital energies/eV": [-20.29021845, -19.61922433, -18.48265723, -17.07081435, -16.75500085, -16.43576149, -15.9251084, -15.69439612, -15.13002803, -14.24548015, -14.0353382, -13.6132011, -13.12520486, -13.10030084, -12.83626221, -12.30817183, -12.13294613, -11.69829016, -6.92807566, -0.2092448, 2.09875764, 2.70912053, 3.25851114, 3.89487785, 4.01911433, 4.80524413, 5.24669784, 5.57624757, 6.00471476, 6.25769825, 7.40822707, 15.30659077], "fractional occupation": [2.0, 2.0, 2.0, 2.0, 2.0, 2.0, 2.0, 2.0, 2.0, 2.0, 2.0, 2.0, 2.0, 2.0, 2.0, 2.0, 2.0, 2.0, 0.0, 0.0, 0.0, 0.0, 0.0, 0.0, 0.0, 0.0, 0.0, 0.0, 0.0, 0.0, 0.0, 0.0], "program call": "xtb /mnt/netapp1/Store_CSIC/home/csic/qoy/jar/test/QDESCP/mol_45_rdkit_conf_1/mol_45_rdkit_conf_1.xyz --pop --wbo --acc 0.2 --gfn 2 --chrg 0 --uhf 0 --etemp 300 --input /mnt/netapp1/Store_CSIC/home/csic/qoy/jar/test/QDESCP/mol_45_rdkit_conf_1/mol_45_rdkit_conf_1_xtb.inp", "method": "GFN2-xTB", "xtb version": "6.4.1 (unknown)", "Dipole module/D": 2.564, "Total charge": 0, "Transition dipole module/D": NaN, "HOMO": -11.6983, "LUMO": -6.9281, "HOMO occupancy": 2.0, "LUMO occupancy": 0, "mulliken charges": "NaN", "cm5 charges": "NaN", "FUKUI+": "NaN", "FUKUI-": "NaN", "FUKUIrad": "NaN", "s proportion": "NaN", "p proportion": "NaN", "d proportion": "NaN", "Fermi-level/eV": -9.3132, "Coordination numbers": "NaN", "Dispersion coefficient C6": "NaN", "Total dispersion C6": 1552.100946, "Total dispersion C8": 32781.732924, "Polarizability alpha": "NaN", "Total polarizability alpha": 58.275329, "Wiberg matrix": [[0.0, 1.00210022988986, 0.0, 0.0, 0.0, 0.0, 0.98349550128013, 0.984883649848544, 0.983849103859021, 0.0, 0.0, 0.0, 0.0, 0.0], [1.00210022988986, 0.0, 1.00616545578953, 0.919538853392145, 0.0, 0.0, 0.0, 0.0, 0.0, 0.960809110648292, 0.0, 0.0, 0.0, 0.0], [0.0, 1.00616545578953, 0.0, 0.0, 0.0, 0.0, 0.0, 0.0, 0.0, 0.0, 0.985014410514755, 0.984503796948998, 0.983674839028238, 0.0], [0.0, 0.919538853392145, 0.0, 0.0, 1.16880895695414, 0.195951846515374, 0.0, 0.0, 0.0, 0.0, 0.0, 0.0, 0.0, 0.0], [0.0, 0.0, 0.0, 1.16880895695414, 0.0, 1.79960897830802, 0.0, 0.0, 0.0, 0.0, 0.0, 0.0, 0.0, 0.923560397141747], [0.0, 0.0, 0.0, 0.195951846515374, 1.79960897830802, 0.0, 0.0, 0.0, 0.0, 0.0, 0.0, 0.0, 0.0, 0.0], [0.98349550128013, 0.0, 0.0, 0.0, 0.0, 0.0, 0.0, 0.0, 0.0, 0.0, 0.0, 0.0, 0.0, 0.0], [0.984883649848544, 0.0, 0.0, 0.0, 0.0, 0.0, 0.0, 0.0, 0.0, 0.0, 0.0, 0.0, 0.0, 0.0], [0.983849103859021, 0.0, 0.0, 0.0, 0.0, 0.0, 0.0, 0.0, 0.0, 0.0, 0.0, 0.0, 0.0, 0.0], [0.0, 0.960809110648292, 0.0, 0.0, 0.0, 0.0, 0.0, 0.0, 0.0, 0.0, 0.0, 0.0, 0.0, 0.0], [0.0, 0.0, 0.985014410514755, 0.0, 0.0, 0.0, 0.0, 0.0, 0.0, 0.0, 0.0, 0.0, 0.0, 0.0], [0.0, 0.0, 0.984503796948998, 0.0, 0.0, 0.0, 0.0, 0.0, 0.0, 0.0, 0.0, 0.0, 0.0, 0.0], [0.0, 0.0, 0.983674839028238, 0.0, 0.0, 0.0, 0.0, 0.0, 0.0, 0.0, 0.0, 0.0, 0.0, 0.0], [0.0, 0.0, 0.0, 0.0, 0.923560397141747, 0.0, 0.0, 0.0, 0.0, 0.0, 0.0, 0.0, 0.0, 0.0]], "Born radii": [], "Atomic SASAs": [], "Solvent H bonds": [], "Total SASA": NaN, "Total FOD": 0.0206, "FOD": "NaN", "FOD s proportion": "NaN", "FOD p proportion": "NaN", "FOD d proportion": "NaN", "coordinates": [["-0.28050", "1.34380", "-0.36300"], ["-0.24830", "-0.08800", "0.15960"], ["-1.35420", "-0.91980", "-0.47860"], ["1.00470", "-0.70310", "-0.19420"], ["2.04050", "-0.46500", "0.64770"], ["2.01960", "0.21120", "1.66290"], ["-1.24190", "1.82140", "-0.15050"], ["-0.10620", "1.36990", "-1.44440"], ["0.51100", "1.94490", "0.09640"], ["-0.38820", "-0.10080", "1.24750"], ["-1.31240", "-1.95200", "-0.11400"], ["-1.23450", "-0.96600", "-1.56680"], ["-2.34280", "-0.50970", "-0.25080"], ["2.93310", "-0.98710", "0.26960"]], "DBSTEP_Vbur": "NaN"}