{"total energy": -20.88603557, "HOMO-LUMO gap/eV": 12.07227528, "electronic energy": -21.13844685, "dipole": [0.77613419, -0.0699573, 0.09783592], "partial charges": "NaN", "atomic dipole moments": [[-0.05345505, 0.0605722, -0.05891672], [-0.01744271, -0.11052106, -0.00219639], [-0.05266325, 0.04838258, 0.0609119], [0.05211069, -0.07533462, 0.06248371], [-0.04598624, 0.16893856, 0.0918156], [0.21243674, -0.09985054, -0.04632814], [0.08830345, 0.06372376, 0.06124947], [0.05854602, -0.09127331, -0.06693695], [-0.07129461, -0.05320368, 0.0876299], [0.083185, 0.06244372, -0.06664069], [-0.05033669, 0.08902128, 0.07099349], [0.06026998, -0.07596165, -0.07537173], [-0.08110784, -0.05474649, -0.08079611], [0.08352513, 0.0598016, -0.07071713], [-0.06582313, 0.09153686, 0.06383559], [0.03969627, -0.08701631, 0.06910746], [-0.07980209, -0.05845007, -0.07914788], [0.05246468, 0.01536806, 0.05588754]], "atomic quadrupole moments": [[-0.02122585, -0.09879807, 0.02590318, 0.10871241, -0.12901923, -0.00467733], [-0.01146358, -0.01849487, -0.00408703, 0.2236449, -0.04829896, 0.01555061], [0.0255402, 0.09754521, -0.01757603, 0.0704858, -0.11084325, -0.00796417], [-0.03639337, -0.0855502, 0.03660473, 0.1003051, -0.14930373, -0.00021136], [-0.01163849, -0.12695511, -0.00264423, -0.30638046, 0.18499907, 0.01428272], [0.01755008, -0.08349428, -0.01598759, -0.06847613, 0.10455702, -0.00156249], [0.01149451, 0.04751386, 0.0057562, 0.04742957, 0.0214021, -0.0172507], [-0.02859949, -0.03964865, 0.01533102, -0.02585087, 0.04504311, 0.01326847], [0.02349327, 0.02622288, -0.02273891, -0.04947434, -0.0383789, -0.00075436], [0.01421301, 0.02395565, -0.02856862, -0.0232408, -0.02889537, 0.01435561], [0.00195981, -0.03869256, -0.01114738, -0.02189477, 0.02922275, 0.00918758], [-0.00063576, -0.01929471, 0.00524505, -0.01952532, 0.01963977, -0.00460929], [0.0022349, 0.03791303, 0.00250403, 0.05177241, 0.0313701, -0.00473893], [0.03412117, 0.033677, -0.01887898, -0.04516822, -0.03697901, -0.01524219], [-0.01833735, -0.0402013, 0.00352926, -0.03309906, 0.04239162, 0.01480808], [-0.00428246, -0.04496574, -0.00513973, 0.00847789, -0.01816858, 0.00942219], [0.01426914, 0.01558184, -0.03367735, 0.02934724, 0.02106078, 0.01940821], [0.007675, 0.01512768, -0.05060862, 0.08721541, 0.06638271, 0.04293363]], "number of molecular orbitals": 36, "number of electrons": 38, "number of unpaired electrons": 0, "orbital energies/eV": [-18.47746912, -17.2166905, -16.71756002, -16.33926441, -15.65637506, -15.40916932, -14.84498377, -14.44912668, -14.0794915, -13.56496261, -13.41497745, -13.17204067, -12.61205604, -12.43515157, -12.1928288, -12.0252967, -11.70537728, -11.635695, -10.95376685, 1.11850842, 2.00852233, 2.17781996, 2.48002801, 3.05420286, 3.70479578, 3.96229129, 4.77452441, 4.80536617, 5.26917758, 5.72508268, 5.84307082, 6.43013888, 6.9742048, 7.05516483, 7.48281527, 7.83115011], "fractional occupation": [2.0, 2.0, 2.0, 2.0, 2.0, 2.0, 2.0, 2.0, 2.0, 2.0, 2.0, 2.0, 2.0, 2.0, 2.0, 2.0, 2.0, 2.0, 2.0, 0.0, 0.0, 0.0, 0.0, 0.0, 0.0, 0.0, 0.0, 0.0, 0.0, 0.0, 0.0, 0.0, 0.0, 0.0, 0.0, 0.0], "program call": "xtb /mnt/netapp1/Store_CSIC/home/csic/qoy/jar/test/QDESCP/mol_17_rdkit_conf_2/mol_17_rdkit_conf_2.xyz --pop --wbo --acc 0.2 --gfn 2 --chrg 0 --uhf 0 --etemp 300 --input /mnt/netapp1/Store_CSIC/home/csic/qoy/jar/test/QDESCP/mol_17_rdkit_conf_2/mol_17_rdkit_conf_2_xtb.inp", "method": "GFN2-xTB", "xtb version": "6.4.1 (unknown)", "Dipole module/D": 1.996, "Total charge": 0, "Transition dipole module/D": NaN, "HOMO": -10.9538, "LUMO": 1.1185, "HOMO occupancy": 2.0, "LUMO occupancy": 0, "mulliken charges": "NaN", "cm5 charges": "NaN", "FUKUI+": "NaN", "FUKUI-": "NaN", "FUKUIrad": "NaN", "s proportion": "NaN", "p proportion": "NaN", "d proportion": "NaN", "Fermi-level/eV": -4.9176, "Coordination numbers": "NaN", "Dispersion coefficient C6": "NaN", "Total dispersion C6": 2126.384832, "Total dispersion C8": 43674.12062, "Polarizability alpha": "NaN", "Total polarizability alpha": 68.092973, "Wiberg matrix": [[0.0, 1.02020360150197, 0.0, 0.0, 0.0, 0.0, 0.986796509445464, 0.987312582642397, 0.985816586245085, 0.0, 0.0, 0.0, 0.0, 0.0, 0.0, 0.0, 0.0, 0.0], [1.02020360150197, 0.0, 0.995311500235804, 0.0, 0.0, 0.0, 0.0, 0.0, 0.0, 0.976733424459224, 0.974506448398947, 0.0, 0.0, 0.0, 0.0, 0.0, 0.0, 0.0], [0.0, 0.995311500235804, 0.0, 1.00812947169625, 0.986883354190321, 0.0, 0.0, 0.0, 0.0, 0.0, 0.0, 0.967551401431622, 0.0, 0.0, 0.0, 0.0, 0.0, 0.0], [0.0, 0.0, 1.00812947169625, 0.0, 0.0, 0.0, 0.0, 0.0, 0.0, 0.0, 0.0, 0.0, 0.986200440281046, 0.986946721234157, 0.985987757243382, 0.0, 0.0, 0.0], [0.0, 0.0, 0.986883354190321, 0.0, 0.0, 0.997195201502552, 0.0, 0.0, 0.0, 0.0, 0.0, 0.0, 0.0, 0.0, 0.0, 0.970946747704848, 0.972229054478831, 0.0], [0.0, 0.0, 0.0, 0.0, 0.997195201502552, 0.0, 0.0, 0.0, 0.0, 0.0, 0.0, 0.0, 0.0, 0.0, 0.0, 0.0, 0.0, 0.90133301705829], [0.986796509445464, 0.0, 0.0, 0.0, 0.0, 0.0, 0.0, 0.0, 0.0, 0.0, 0.0, 0.0, 0.0, 0.0, 0.0, 0.0, 0.0, 0.0], [0.987312582642397, 0.0, 0.0, 0.0, 0.0, 0.0, 0.0, 0.0, 0.0, 0.0, 0.0, 0.0, 0.0, 0.0, 0.0, 0.0, 0.0, 0.0], [0.985816586245085, 0.0, 0.0, 0.0, 0.0, 0.0, 0.0, 0.0, 0.0, 0.0, 0.0, 0.0, 0.0, 0.0, 0.0, 0.0, 0.0, 0.0], [0.0, 0.976733424459224, 0.0, 0.0, 0.0, 0.0, 0.0, 0.0, 0.0, 0.0, 0.0, 0.0, 0.0, 0.0, 0.0, 0.0, 0.0, 0.0], [0.0, 0.974506448398947, 0.0, 0.0, 0.0, 0.0, 0.0, 0.0, 0.0, 0.0, 0.0, 0.0, 0.0, 0.0, 0.0, 0.0, 0.0, 0.0], [0.0, 0.0, 0.967551401431622, 0.0, 0.0, 0.0, 0.0, 0.0, 0.0, 0.0, 0.0, 0.0, 0.0, 0.0, 0.0, 0.0, 0.0, 0.0], [0.0, 0.0, 0.0, 0.986200440281046, 0.0, 0.0, 0.0, 0.0, 0.0, 0.0, 0.0, 0.0, 0.0, 0.0, 0.0, 0.0, 0.0, 0.0], [0.0, 0.0, 0.0, 0.986946721234157, 0.0, 0.0, 0.0, 0.0, 0.0, 0.0, 0.0, 0.0, 0.0, 0.0, 0.0, 0.0, 0.0, 0.0], [0.0, 0.0, 0.0, 0.985987757243382, 0.0, 0.0, 0.0, 0.0, 0.0, 0.0, 0.0, 0.0, 0.0, 0.0, 0.0, 0.0, 0.0, 0.0], [0.0, 0.0, 0.0, 0.0, 0.970946747704848, 0.0, 0.0, 0.0, 0.0, 0.0, 0.0, 0.0, 0.0, 0.0, 0.0, 0.0, 0.0, 0.0], [0.0, 0.0, 0.0, 0.0, 0.972229054478831, 0.0, 0.0, 0.0, 0.0, 0.0, 0.0, 0.0, 0.0, 0.0, 0.0, 0.0, 0.0, 0.0], [0.0, 0.0, 0.0, 0.0, 0.0, 0.90133301705829, 0.0, 0.0, 0.0, 0.0, 0.0, 0.0, 0.0, 0.0, 0.0, 0.0, 0.0, 0.0]], "Born radii": [], "Atomic SASAs": [], "Solvent H bonds": [], "Total SASA": NaN, "Total FOD": 0.0, "FOD": "NaN", "FOD s proportion": "NaN", "FOD p proportion": "NaN", "FOD d proportion": "NaN", "coordinates": [["1.69050", "-0.37770", "1.15530"], ["0.90570", "0.56880", "0.25850"], ["-0.10650", "-0.14660", "-0.65670"], ["-0.77730", "0.88500", "-1.57090"], ["-1.16800", "-0.95440", "0.10380"], ["-1.93480", "-0.13630", "0.97600"], ["2.46620", "0.17490", "1.69540"], ["2.17980", "-1.16090", "0.56800"], ["1.04560", "-0.85260", "1.90030"], ["1.62210", "1.11700", "-0.36660"], ["0.40150", "1.31860", "0.87960"], ["0.44580", "-0.84690", "-1.29690"], ["-1.48050", "0.39890", "-2.25540"], ["-0.03080", "1.40750", "-2.17880"], ["-1.32790", "1.63630", "-0.99490"], ["-0.71770", "-1.76250", "0.68890"], ["-1.86140", "-1.42200", "-0.60370"], ["-1.35240", "0.15310", "1.69810"]], "DBSTEP_Vbur": "NaN"}