{"total energy": -44.14041627, "HOMO-LUMO gap/eV": 3.18115016, "electronic energy": -44.53956087, "dipole": [0.69495531, 0.03387376, 0.67144258], "partial charges": 0.36181014, "atomic dipole moments": [[0.12026885, 0.08954643, -0.02390231], [-0.10880908, 0.21406698, 0.1407403], [0.12307812, -0.04692525, -0.12422736], [0.05228735, -0.09715408, 0.2236488], [-0.06160967, -0.13862951, 0.40885938], [0.13567128, 0.09991326, -0.06196587], [-0.15535891, -0.23441248, -0.04582475], [0.11624204, -0.07526717, -0.06471111], [-0.31173337, -0.05617934, -0.38606717], [0.02041321, 0.01139747, 0.17431536], [-0.17339863, 0.39363311, -0.07743585], [-0.10451502, -0.05166207, 0.092414], [0.01009371, -0.09483217, -0.07650701], [0.02355116, -0.11220195, -0.05933032], [-0.11190392, 0.04874962, -0.04448308], [-0.02431877, -0.02250817, 0.12470966], [0.01515757, 0.02618726, -0.11600593], [0.09931783, -0.04180522, 0.05081967], [0.03651587, 0.05077295, -0.10302379], [0.09253826, -0.01996085, 0.07495756], [-0.10455726, 0.011663, -0.07570821], [0.04291064, 0.11761638, 0.03073751], [-0.0458254, -0.05718731, 0.10601676], [-0.06564089, -0.09471366, -0.04903865], [0.00257441, 0.10019977, -0.08546819], [-0.02155813, 0.03270564, -0.1211978], [0.12068653, -0.03630324, 0.00175932], [0.08369227, 0.09024986, -0.02900034], [-0.11422432, 0.05769579, -0.00884549], [0.02244108, -0.03204833, 0.1251776]], "atomic quadrupole moments": [[0.09518562, 0.21260636, 0.0495594, -0.04070487, -0.0242374, -0.14474502], [-0.151631, -0.00295065, 0.35435111, -0.12067199, 0.30151901, -0.20272011], [-0.04059225, 0.01189324, 0.09188431, -0.05741384, 0.05653513, -0.05129206], [0.13228354, 0.00121218, 0.6019675, 0.04029245, 0.72282313, -0.73425104], [-0.27769096, -0.09696639, -0.22166149, 0.21547654, -0.35459048, 0.49935245], [-0.03472082, 0.05376537, 0.06951939, -0.03972002, 0.07445305, -0.03479857], [-0.10097294, 0.15707936, 0.37685276, -0.03050952, 0.25713782, -0.27587981], [0.0684785, -0.16598642, -0.00048941, -0.13556375, 0.1132876, -0.06798909], [0.41419484, -0.27660668, -0.55043777, -0.03509857, 0.1736934, 0.13624293], [0.15878778, -0.23472902, -0.26188855, -0.10983093, 0.11291009, 0.10310076], [0.50972911, 0.02160488, 0.07040613, 0.01297105, -0.22184781, -0.58013524], [-0.07193607, 0.22630998, 0.21787705, -0.11853834, 0.00672841, -0.14594098], [-0.11403718, -0.00466155, 0.11488284, -0.03631913, 0.17734616, -0.00084566], [-0.03087555, -0.02222717, 0.04989241, -0.02098902, 0.05409455, -0.01901686], [0.03755637, -0.0357822, -0.01654983, 0.03747724, -0.0328555, -0.02100654], [-0.03106023, 0.00976985, -0.045829, -0.00391337, -0.01906623, 0.07688923], [-0.04011476, 0.00708367, 0.00459884, -0.00410811, 0.0010283, 0.03551592], [0.01168143, -0.01831322, 0.0100583, 0.03129513, 0.00103306, -0.02173973], [-0.03736949, 0.00876043, 0.01823524, -0.01608263, -0.01141011, 0.01913425], [-0.00059666, -0.01033465, 0.00311319, 0.03926653, 0.00876838, -0.00251653], [0.02562429, -0.01244313, -0.04911533, 0.05374397, -0.0029153, 0.02349104], [-0.01730838, 0.04521198, 0.06039595, 0.00524749, 0.02884823, -0.04308757], [-0.02787817, 0.00368166, -0.01282539, -0.02650229, -0.05433976, 0.04070356], [0.025809, 0.02232025, -0.00564045, -0.00843716, 0.04096059, -0.02016855], [-0.01655771, -0.01028531, 0.01727734, -0.02885127, -0.02505513, -0.00071963], [-0.03675701, 0.00763879, 0.00850418, 0.02941901, -0.02175154, 0.02825283], [0.05499499, -0.01776506, -0.00826491, 0.01187162, 0.00815294, -0.04673008], [0.01815548, 0.05524564, 0.01554907, -0.035195, -0.01704148, -0.03370456], [0.06536563, -0.03190839, -0.02823749, 0.01690232, 0.00750271, -0.03712814], [-0.04655338, -0.0111934, -0.0095767, 0.01675111, -0.0327932, 0.05613008]], "number of molecular orbitals": 89, "number of electrons": 80, "number of unpaired electrons": 0, "orbital energies/eV": [-20.43968825, -20.28010918, -20.02062522, -19.88296711, -19.01511296, -18.61919134, -17.8154683, -17.34705102, -17.25550898, -17.10498962, -16.74608305, -16.60410083, -16.14195603, -16.0425578, -15.89595929, -15.54663189, -15.50847802, -14.90466628, -14.84617305, -14.55185079, -14.40904576, -14.2283301, -13.91040809, -13.7315125, -13.69898975, -13.49299514, -13.31862688, -13.21207609, -13.16060884, -13.01382601, -12.90130243, -12.69049876, -12.54448634, -12.37805889, -12.2334677, -11.87973556, -11.08483463, -10.361138, -10.13308254, -10.07600767, -6.89485751, -6.31701845, -5.4907745, -4.51180117, -4.18970011, -3.81652452, -3.64392813, -1.07969643, -0.91865551, -0.78427327, -0.48719956, -0.24886468, -0.20685279, -0.00869253, 0.55629897, 0.66944439, 1.4295334, 2.25863993, 2.41667235, 2.59636885, 2.81148985, 2.85335868, 3.06615051, 3.24558194, 3.4488746, 3.66147155, 3.68524904, 3.81749941, 4.1838384, 4.28767986, 4.43142337, 4.46940134, 4.83401708, 5.11816289, 5.48657458, 5.93273555, 6.14798523, 6.18598194, 6.28848676, 6.52315658, 7.08160009, 7.30787242, 9.00254903, 10.70303733, 11.05166643, 12.21640381, 25.44036372, 26.44972531, 35.2615501], "fractional occupation": [2.0, 2.0, 2.0, 2.0, 2.0, 2.0, 2.0, 2.0, 2.0, 2.0, 2.0, 2.0, 2.0, 2.0, 2.0, 2.0, 2.0, 2.0, 2.0, 2.0, 2.0, 2.0, 2.0, 2.0, 2.0, 2.0, 2.0, 2.0, 2.0, 2.0, 2.0, 2.0, 2.0, 2.0, 2.0, 2.0, 2.0, 2.0, 2.0, 2.0, 0.0, 0.0, 0.0, 0.0, 0.0, 0.0, 0.0, 0.0, 0.0, 0.0, 0.0, 0.0, 0.0, 0.0, 0.0, 0.0, 0.0, 0.0, 0.0, 0.0, 0.0, 0.0, 0.0, 0.0, 0.0, 0.0, 0.0, 0.0, 0.0, 0.0, 0.0, 0.0, 0.0, 0.0, 0.0, 0.0, 0.0, 0.0, 0.0, 0.0, 0.0, 0.0, 0.0, 0.0, 0.0, 0.0, 0.0, 0.0, 0.0], "program call": "xtb /mnt/netapp1/Store_CSIC/home/csic/qoy/jar/test/QDESCP/mol_23_rdkit_conf_2/mol_23_rdkit_conf_2.xyz --pop --wbo --acc 0.2 --gfn 2 --chrg 0 --uhf 0 --etemp 300 --input /mnt/netapp1/Store_CSIC/home/csic/qoy/jar/test/QDESCP/mol_23_rdkit_conf_2/mol_23_rdkit_conf_2_xtb.inp", "method": "GFN2-xTB", "xtb version": "6.4.1 (unknown)", "Dipole module/D": 2.458, "Total charge": 0, "Transition dipole module/D": NaN, "HOMO": -10.076, "LUMO": -6.8949, "HOMO occupancy": 2.0, "LUMO occupancy": 0, "mulliken charges": 0.37458, "cm5 charges": 0.31502, "FUKUI+": -0.16, "FUKUI-": -0.106, "FUKUIrad": -0.133, "s proportion": 1.52, "p proportion": 2.024, "d proportion": 1.081, "Fermi-level/eV": -8.4854, "Coordination numbers": 3.899, "Dispersion coefficient C6": 145.155, "Total dispersion C6": 13102.576682, "Total dispersion C8": 414452.321566, "Polarizability alpha": 21.642, "Total polarizability alpha": 180.749115,