{"total energy": -44.13465476, "HOMO-LUMO gap/eV": 3.36521793, "electronic energy": -44.53401097, "dipole": [-0.20330952, 1.67407652, 0.33771695], "partial charges": 0.38793645, "atomic dipole moments": [[-0.10175382, -0.1007467, 0.00242541], [0.12147678, -0.15198757, -0.19164111], [-0.05321602, -0.01751257, 0.18469226], [-0.07854408, 0.15857707, 0.24925095], [-0.10099021, 0.2330495, 0.34280784], [-0.03082768, 0.07838594, -0.18420816], [0.21682304, -0.10943949, 0.13507908], [0.07574455, 0.12882109, -0.00055401], [-0.01647333, 0.07546209, -0.48469568], [-0.06455975, -0.01515311, 0.16427622], [-0.06513164, -0.07913262, -0.42201505], [-0.1247899, 0.06494078, 0.04480915], [-0.00703904, -0.10257532, 0.0662454], [0.11725325, -0.04463203, 0.02286189], [0.01227013, 0.05823055, -0.11444961], [-0.02860535, 0.08805828, 0.09006909], [-0.10937657, 0.0449284, -0.02909572], [-0.00740256, -0.06063163, 0.10720897], [0.03110501, 0.03960603, -0.11321772], [-0.05756608, 0.08787551, 0.05674678], [-0.11030896, 0.01945797, -0.063203], [0.06244222, -0.10092189, -0.05468192], [-0.02630057, -0.04239734, 0.1183554], [-0.01762665, 0.10567134, -0.06216676], [0.02453998, -0.102384, -0.07170989], [0.10719568, -0.00250149, 0.06816024], [0.00391523, -0.10557344, -0.0714573], [-0.09643333, 0.00489705, -0.08317515], [-0.00060521, 0.10832748, 0.07135326], [0.10530442, 0.0046251, -0.07095182]], "atomic quadrupole moments": [[0.05174349, 0.20597874, 0.09358111, 0.00911827, 0.02466187, -0.1453246], [-0.17277344, 0.00451003, 0.17217684, -0.14611916, 0.38077839, 0.0005966], [-0.09772049, -0.0251147, 0.07933817, -0.04089782, 0.05032464, 0.01838232], [0.56477542, 0.00852574, -0.07855868, 0.30563032, -0.44730793, -0.48621674], [-0.33603123, -0.06656554, -0.06355472, -0.08948827, 0.44320674, 0.39958595], [0.0891364, -0.00097243, -0.0829589, 0.01760411, -0.0416164, -0.0061775], [0.32303035, -0.00589357, -0.13446934, 0.32740041, -0.07275664, -0.188561], [0.01340807, 0.20231679, 0.13593377, 0.01965128, 0.00627699, -0.14934184], [0.40759632, 0.07328827, -0.59026574, 0.10563912, -0.18768751, 0.18266941], [0.31969006, 0.16706219, -0.37674831, -0.0219984, -0.02208961, 0.05705824], [0.48988263, 0.15995431, -0.68914804, 0.06300745, 0.07628101, 0.19926541], [0.0775201, -0.00520118, -0.10336312, -0.27911797, -0.13461011, 0.02584303], [-0.102571, 0.00313544, 0.10983479, -0.02372903, -0.18133933, -0.0072638], [0.05050945, -0.04286013, -0.00839308, 0.02549772, -0.02309293, -0.04211637], [-0.03227803, 0.00687112, -0.02339581, 0.00927939, -0.04906566, 0.05567384], [-0.03062087, -0.01663112, 0.01262394, -0.02995836, 0.0619323, 0.01799692], [0.02253983, -0.02474119, 0.00260699, 0.02516895, 0.01019102, -0.02514682], [-0.0426099, -0.00247793, 0.01641936, 0.00085499, -0.0030225, 0.02619055], [0.01291638, 0.00966602, -0.04051169, -0.0001426, -0.01267852, 0.0275953], [0.01107771, -0.01905021, 0.00171143, -0.00954324, 0.03870763, -0.01278914], [0.04866398, -0.01998399, -0.03168712, 0.05809198, -0.01857611, -0.01697686], [-0.00348351, -0.03696685, 0.01843078, -0.04095337, 0.03719326, -0.01494727], [-0.04523259, 0.0116915, -0.02624388, -0.0239189, -0.0188829, 0.07147647], [0.00086794, 0.00621358, 0.00607529, 0.01066439, -0.03709849, -0.00694323], [0.00444931, -0.00597713, 0.00026706, -0.01216119, 0.0331732, -0.00471636], [0.03543785, 0.01639401, -0.03577758, 0.0365207, -0.01400603, 0.00033974], [-0.03751765, 0.0166745, 0.01767114, -0.01680663, 0.03055134, 0.01984651], [0.03782134, 0.01346821, -0.03000482, 0.05637541, -0.00500035, -0.00781652], [-0.05153895, -0.00324901, 0.03193308, -0.00301219, 0.0481334, 0.01960587], [0.04881282, -0.01122032, -0.03867612, -0.05598476, -0.0063711, -0.0101367]], "number of molecular orbitals": 89, "number of electrons": 80, "number of unpaired electrons": 0, "orbital energies/eV": [-20.52426625, -20.24425521, -20.04082571, -19.80671719, -18.97052242, -18.48671281, -18.17711984, -17.35265518, -17.25817596, -17.08383998, -16.82999767, -16.69846324, -16.19036424, -16.08849939, -15.80600893, -15.62418373, -15.32548851, -14.86056021, -14.66704953, -14.52720869, -14.50227043, -14.36335508, -13.9480424, -13.85056408, -13.63616516, -13.5533246, -13.38407669, -13.22897716, -13.13447973, -13.00876687, -12.68092232, -12.6204344, -12.56723307, -12.44401627, -12.32936119, -12.03185418, -11.07964275, -10.19859918, -10.05865277, -10.05384107, -6.68862314, -6.34308929, -5.79491766, -4.54095845, -4.09245222, -3.90127249, -3.22017668, -0.93307586, -0.77388043, -0.7007577, -0.50453017, -0.26625165, 0.07611716, 0.56808681, 0.68140392, 0.75930985, 1.14428529, 1.83606681, 2.13711134, 2.52850743, 2.63014917, 2.86611993, 3.16127861, 3.2898002, 3.38059919, 3.60480206, 3.84389499, 3.89532387, 4.0459073, 4.35621978, 4.48615381, 4.60929795, 4.76673006, 4.93954416, 5.44886273, 6.00140967, 6.14802065, 6.23685146, 6.47125507, 6.72646381, 7.14282414, 7.27787886, 8.96504168, 10.37064463, 10.54842517, 12.39134069, 26.60940368, 27.94722269, 36.40713316], "fractional occupation": [2.0, 2.0, 2.0, 2.0, 2.0, 2.0, 2.0, 2.0, 2.0, 2.0, 2.0, 2.0, 2.0, 2.0, 2.0, 2.0, 2.0, 2.0, 2.0, 2.0, 2.0, 2.0, 2.0, 2.0, 2.0, 2.0, 2.0, 2.0, 2.0, 2.0, 2.0, 2.0, 2.0, 2.0, 2.0, 2.0, 2.0, 2.0, 2.0, 2.0, 0.0, 0.0, 0.0, 0.0, 0.0, 0.0, 0.0, 0.0, 0.0, 0.0, 0.0, 0.0, 0.0, 0.0, 0.0, 0.0, 0.0, 0.0, 0.0, 0.0, 0.0, 0.0, 0.0, 0.0, 0.0, 0.0, 0.0, 0.0, 0.0, 0.0, 0.0, 0.0, 0.0, 0.0, 0.0, 0.0, 0.0, 0.0, 0.0, 0.0, 0.0, 0.0, 0.0, 0.0, 0.0, 0.0, 0.0, 0.0, 0.0], "program call": "xtb /mnt/netapp1/Store_CSIC/home/csic/qoy/jar/test/QDESCP/mol_23_rdkit_conf_1/mol_23_rdkit_conf_1.xyz --pop --wbo --acc 0.2 --gfn 2 --chrg 0 --uhf 0 --etemp 300 --input /mnt/netapp1/Store_CSIC/home/csic/qoy/jar/test/QDESCP/mol_23_rdkit_conf_1/mol_23_rdkit_conf_1_xtb.inp", "method": "GFN2-xTB", "xtb version": "6.4.1 (unknown)", "Dipole module/D": 4.371, "Total charge": 0, "Transition dipole module/D": NaN, "HOMO": -10.0538, "LUMO": -6.6886, "HOMO occupancy": 2.0, "LUMO occupancy": 0, "mulliken charges": 0.37928, "cm5 charges": 0.31838, "FUKUI+": -0.144, "FUKUI-": -0.102, "FUKUIrad": -0.123, "s proportion": 1.518, "p proportion": 2.024, "d proportion": 1.079, "Fermi-level/eV": -8.3712, "Coordination numbers": 3.887, "Dispersion coefficient C6": 144.141, "Total dispersion C6": 13109.739928, "Total dispersion C8": 414155.231128, "Polarizability alpha": 21.567, "Total polarizability alpha": 180.753704,