{"total energy": -39.10510345, "HOMO-LUMO gap/eV": 3.60650771, "electronic energy": -39.62867969, "dipole": [0.03501633, -0.21637975, 0.99079146], "partial charges": "NaN", "atomic dipole moments": [[0.03988673, 0.098979, 0.06257076], [0.1366241, -0.14531463, 0.1085063], [0.06657105, 0.05287553, -0.22415308], [-0.24804367, 0.03944832, 0.02713522], [-0.01035885, 0.00129943, 0.02735795], [0.00655383, -0.01054346, 0.04912127], [0.16644955, -0.02634703, -0.00978861], [-0.02023288, 0.00956373, -0.01668584], [-0.04337788, -0.00323309, 0.02613613], [0.05069266, -0.04702466, 0.17591955], [-0.08279992, 0.02940106, -0.00622001], [0.01904336, 0.00228294, -0.02572451], [-0.02698392, 0.00966315, -0.03910375], [0.08992451, -0.06973724, -0.05850514], [-0.08217136, 0.04192861, -0.08816265], [-0.05955407, -0.08703726, 0.07483105], [-0.09306747, 0.05642464, 0.05092041], [0.04983263, 0.09469717, -0.06900375], [-0.06980753, 0.03475502, -0.13207762], [0.05611332, 0.01817632, -0.14567157], [0.05883494, -0.03217115, 0.11664546], [0.0054675, -0.09893862, 0.08308571], [0.0628729, -0.04401297, -0.11096268], [0.06014423, 0.11116207, 0.04838707], [0.06884831, -0.03689619, 0.12782985], [-0.06606393, -0.01619408, 0.13824039]], "atomic quadrupole moments": [[-0.07269551, 0.09775323, 0.07864218, 0.09037324, 0.16147515, -0.00594667], [-0.00032186, -0.08281536, -0.09713557, 0.34085257, -0.04370963, 0.09745743], [0.05879965, -0.04600453, -0.078477, 0.06626074, -0.04339136, 0.01967735], [0.13529363, 0.0303071, 0.27773559, -0.01769937, 0.1376568, -0.41302923], [-0.19355174, 0.10281386, 0.4191175, 0.01638698, 0.12220888, -0.22556576], [-0.21155924, 0.12008602, 0.4644222, 0.02430062, 0.14166624, -0.25286296], [0.02230418, 0.05809923, 0.3077384, -0.02378916, 0.13647564, -0.33004258], [0.02680873, 0.00176473, 0.01029236, -0.02991686, 0.01422837, -0.03710109], [-0.19801443, 0.11906618, 0.45740952, 0.02526587, 0.16565221, -0.25939509], [-0.09507316, 0.04630674, 0.17142584, 0.02683767, 0.05585156, -0.07635268], [0.19044828, -0.06702554, -0.13845534, 0.07836935, -0.04935635, -0.05199295], [-0.20294936, 0.10820627, 0.41454507, 0.01224644, 0.13087892, -0.21159572], [-0.19955234, 0.10111196, 0.42056354, 0.05912006, 0.12748411, -0.2210112], [0.04321028, -0.0333811, -0.017679, -0.04564377, 0.02692536, -0.02553128], [0.00299908, -0.03227899, -0.01684368, 0.06168153, -0.02878493, 0.01384461], [-0.02197207, 0.03530914, 0.00387645, -0.04334423, -0.0363835, 0.01809562], [0.02777351, -0.02422921, -0.0274714, -0.0225842, 0.02544744, -0.00030211], [0.01410457, 0.0274417, -0.0231054, -0.0172291, -0.02159775, 0.00900083], [0.05201585, -0.02004893, -0.06204897, -0.00019232, -0.01566415, 0.01003312], [0.04702628, -0.01730335, -0.05646713, -0.00547489, -0.01271798, 0.00944085], [0.02613491, -0.01567412, -0.05983751, 0.00152385, -0.0206921, 0.03370261], [-0.02954385, -0.00617815, 0.01148826, -0.008133, -0.07171907, 0.01805559], [-0.00758108, -0.02166544, -0.04139075, -0.04113101, 0.0217751, 0.04897183], [-0.01907313, 0.04164719, 0.04350617, 0.01861643, 0.04053763, -0.02443304], [0.03874932, -0.01804205, -0.06033193, 0.00191818, -0.017839, 0.02158261], [0.0317611, -0.01507466, -0.05585459, -0.00486743, -0.01627473, 0.02409349]], "number of molecular orbitals": 65, "number of electrons": 70, "number of unpaired electrons": 0, "orbital energies/eV": [-19.29711903, -18.91967529, -18.05376705, -17.91798348, -17.69240511, -17.2819527, -16.89169807, -16.68931675, -16.44006086, -16.27183411, -15.77359531, -15.54806494, -15.13056018, -15.00181627, -14.79409573, -14.7730556, -14.5837686, -14.41571539, -13.7249164, -13.56036277, -13.40774533, -13.20938108, -13.162605, -13.06768094, -12.93492854, -12.85692025, -12.71939795, -12.5584702, -12.43497351, -12.06259812, -11.55038071, -11.44581479, -10.95855159, -10.6561738, -9.95376462, -6.34725691, -6.21186529, -5.10933168, -2.41449771, -0.15522791, 0.52679656, 2.34696334, 2.65538594, 3.15463915, 3.34675604, 3.77988403, 3.96078832, 4.14657711, 4.30117783, 4.61789632, 4.83536515, 5.00520047, 5.33010496, 5.72783404, 5.97166483, 6.54710182, 7.19171847, 7.86823817, 10.3524003, 10.85666502, 11.5727155, 12.70194354, 16.37757874, 16.52385152, 17.79586109], "fractional occupation": [2.0, 2.0, 2.0, 2.0, 2.0, 2.0, 2.0, 2.0, 2.0, 2.0, 2.0, 2.0, 2.0, 2.0, 2.0, 2.0, 2.0, 2.0, 2.0, 2.0, 2.0, 2.0, 2.0, 2.0, 2.0, 2.0, 2.0, 2.0, 2.0, 2.0, 2.0, 2.0, 2.0, 2.0, 2.0, 0.0, 0.0, 0.0, 0.0, 0.0, 0.0, 0.0, 0.0, 0.0, 0.0, 0.0, 0.0, 0.0, 0.0, 0.0, 0.0, 0.0, 0.0, 0.0, 0.0, 0.0, 0.0, 0.0, 0.0, 0.0, 0.0, 0.0, 0.0, 0.0, 0.0], "program call": "xtb /mnt/netapp1/Store_CSIC/home/csic/qoy/jar/test/QDESCP/mol_24_rdkit_conf_2/mol_24_rdkit_conf_2.xyz --pop --wbo --acc 0.2 --gfn 2 --chrg 0 --uhf 0 --etemp 300 --input /mnt/netapp1/Store_CSIC/home/csic/qoy/jar/test/QDESCP/mol_24_rdkit_conf_2/mol_24_rdkit_conf_2_xtb.inp", "method": "GFN2-xTB", "xtb version": "6.4.1 (unknown)", "Dipole module/D": 2.579, "Total charge": 0, "Transition dipole module/D": NaN, "HOMO": -9.9538, "LUMO": -6.3473, "HOMO occupancy": 2.0, "LUMO occupancy": 0, "mulliken charges": "NaN", "cm5 charges": "NaN", "FUKUI+": "NaN", "FUKUI-": "NaN", "FUKUIrad": "NaN", "s proportion": "NaN", "p proportion": "NaN", "d proportion": "NaN", "Fermi-level/eV": -8.1505, "Coordination numbers": "NaN", "Dispersion coefficient C6": "NaN", "Total dispersion C6": 7012.477574, "Total dispersion C8": 161804.289687, "Polarizability alpha": "NaN", "Total polarizability alpha": 129.742985,