{"total energy": -19.82633305, "HOMO-LUMO gap/eV": 5.17979038, "electronic energy": -20.08617312, "dipole": [0.30591627, -0.27080774, 0.63424889], "partial charges": "NaN", "atomic dipole moments": [[0.17013708, -0.00509993, 0.16990127], [-0.10586165, -0.15250508, -0.07036873], [0.00530673, 0.11098744, 0.0404761], [-0.04608863, -0.08524605, -0.03386855], [-0.14716094, 0.05698337, 0.03972559], [0.06513063, 0.00726446, -0.03811492], [-0.011181, -0.05911171, 0.05068185], [-0.03389591, 0.0369722, 0.10690452], [0.02755627, 0.10335673, -0.07147384], [0.01445917, -0.04910938, -0.11712313], [-0.03147046, -0.10128132, 0.06245961], [0.02937359, 0.10391127, -0.06704375], [-0.015717, 0.04380033, 0.11552113], [-0.00659235, -0.12262754, 0.08674914], [0.10357276, -0.10848733, 0.0130595], [0.02175819, 0.12036226, -0.09119849]], "atomic quadrupole moments": [[0.08411147, 0.09039977, -0.04006301, 0.10255916, 0.01596584, -0.04404846], [0.31329765, 0.11742069, -0.05530087, 0.22546605, 0.12759936, -0.25799677], [0.2323685, -0.05627723, -0.01929096, 0.10963271, 0.041947, -0.21307754], [0.19966321, -0.01411095, -0.03503279, 0.08105045, 0.05042759, -0.16463042], [-0.12445447, 0.04754944, -0.00550049, 0.3591201, 0.34816347, 0.12995496], [-0.16863511, 0.17872581, -0.05503558, 0.32543342, 0.34948961, 0.22367069], [-0.05378191, 0.05432184, 0.05496792, -0.00844303, -0.0925524, -0.00118602], [-0.0085655, 0.00857876, -0.03321185, -0.00120981, 0.02171273, 0.04177735], [-0.0138218, 0.01359963, 0.00888566, -0.01052719, -0.03990416, 0.00493614], [-0.02069218, -0.00520087, -0.03080524, -0.01617312, 0.01326471, 0.05149743], [-0.0235047, 0.01453057, 0.01161659, -0.01537926, -0.04737269, 0.01188811], [-0.01165165, 0.01629087, 0.00762454, -0.01187862, -0.04681243, 0.00402711], [-0.02334299, -0.00291985, -0.03127857, -0.01905504, 0.02093641, 0.05462155], [0.02189739, -0.01458801, 0.00018036, -0.04396288, -0.03219619, -0.02207776], [0.02426195, -0.03214725, 0.00641997, -0.02983267, -0.0298134, -0.03068191], [0.00097193, -0.01095743, 0.01606499, -0.02739846, -0.04364696, -0.01703692]], "number of molecular orbitals": 34, "number of electrons": 36, "number of unpaired electrons": 0, "orbital energies/eV": [-18.65541027, -17.29154984, -16.88455277, -16.39693059, -15.81158828, -15.2098673, -14.93899869, -14.26787044, -14.13409693, -13.93142316, -13.27287586, -12.94855965, -12.73139296, -12.09202009, -11.97418102, -11.7719248, -11.21909382, -10.8791199, -5.69932952, 0.96589325, 2.21776345, 2.64878708, 3.51150013, 3.74983482, 3.8949193, 4.13520608, 4.70260532, 5.03679939, 5.85091278, 6.05097635, 6.50072144, 7.59162202, 11.12986077, 15.36644389], "fractional occupation": [2.0, 2.0, 2.0, 2.0, 2.0, 2.0, 2.0, 2.0, 2.0, 2.0, 2.0, 2.0, 2.0, 2.0, 2.0, 2.0, 2.0, 2.0, 0.0, 0.0, 0.0, 0.0, 0.0, 0.0, 0.0, 0.0, 0.0, 0.0, 0.0, 0.0, 0.0, 0.0, 0.0, 0.0], "program call": "xtb /mnt/netapp1/Store_CSIC/home/csic/qoy/jar/test/QDESCP/mol_42_rdkit_conf_2/mol_42_rdkit_conf_2.xyz --pop --wbo --acc 0.2 --gfn 2 --chrg 0 --uhf 0 --etemp 300 --input /mnt/netapp1/Store_CSIC/home/csic/qoy/jar/test/QDESCP/mol_42_rdkit_conf_2/mol_42_rdkit_conf_2_xtb.inp", "method": "GFN2-xTB", "xtb version": "6.4.1 (unknown)", "Dipole module/D": 1.918, "Total charge": 0, "Transition dipole module/D": NaN, "HOMO": -10.8791, "LUMO": -5.6993, "HOMO occupancy": 2.0, "LUMO occupancy": 0, "mulliken charges": "NaN", "cm5 charges": "NaN", "FUKUI+": "NaN", "FUKUI-": "NaN", "FUKUIrad": "NaN", "s proportion": "NaN", "p proportion": "NaN", "d proportion": "NaN", "Fermi-level/eV": -8.2892, "Coordination numbers": "NaN", "Dispersion coefficient C6": "NaN", "Total dispersion C6": 1958.848675, "Total dispersion C8": 42140.188533, "Polarizability alpha": "NaN", "Total polarizability alpha": 67.315085, "Wiberg matrix": [[0.0, 0.993588393948721, 0.0, 0.0, 0.0, 0.0, 0.903767321942752, 0.0, 0.0, 0.0, 0.0, 0.0, 0.0, 0.0, 0.0, 0.0], [0.993588393948721, 0.0, 1.00044144154773, 0.0, 0.0, 0.0, 0.0, 0.97265892446993, 0.973106021860601, 0.0, 0.0, 0.0, 0.0, 0.0, 0.0, 0.0], [0.0, 1.00044144154773, 0.0, 0.99241951187712, 0.0, 0.0, 0.0, 0.0, 0.0, 0.976085501012434, 0.974941547278142, 0.0, 0.0, 0.0, 0.0, 0.0], [0.0, 0.0, 0.99241951187712, 0.0, 1.02577837210027, 0.0, 0.0, 0.0, 0.0, 0.0, 0.0, 0.974485784826562, 0.962222713271483, 0.0, 0.0, 0.0], [0.0, 0.0, 0.0, 1.02577837210027, 0.0, 1.97646786617024, 0.0, 0.0, 0.0, 0.0, 0.0, 0.0, 0.0, 0.96766104421729, 0.0, 0.0], [0.0, 0.0, 0.0, 0.0, 1.97646786617024, 0.0, 0.0, 0.0, 0.0, 0.0, 0.0, 0.0, 0.0, 0.0, 0.978087346550725, 0.97646805136277], [0.903767321942752, 0.0, 0.0, 0.0, 0.0, 0.0, 0.0, 0.0, 0.0, 0.0, 0.0, 0.0, 0.0, 0.0, 0.0, 0.0], [0.0, 0.97265892446993, 0.0, 0.0, 0.0, 0.0, 0.0, 0.0, 0.0, 0.0, 0.0, 0.0, 0.0, 0.0, 0.0, 0.0], [0.0, 0.973106021860601, 0.0, 0.0, 0.0, 0.0, 0.0, 0.0, 0.0, 0.0, 0.0, 0.0, 0.0, 0.0, 0.0, 0.0], [0.0, 0.0, 0.976085501012434, 0.0, 0.0, 0.0, 0.0, 0.0, 0.0, 0.0, 0.0, 0.0, 0.0, 0.0, 0.0, 0.0], [0.0, 0.0, 0.974941547278142, 0.0, 0.0, 0.0, 0.0, 0.0, 0.0, 0.0, 0.0, 0.0, 0.0, 0.0, 0.0, 0.0], [0.0, 0.0, 0.0, 0.974485784826562, 0.0, 0.0, 0.0, 0.0, 0.0, 0.0, 0.0, 0.0, 0.0, 0.0, 0.0, 0.0], [0.0, 0.0, 0.0, 0.962222713271483, 0.0, 0.0, 0.0, 0.0, 0.0, 0.0, 0.0, 0.0, 0.0, 0.0, 0.0, 0.0], [0.0, 0.0, 0.0, 0.0, 0.96766104421729, 0.0, 0.0, 0.0, 0.0, 0.0, 0.0, 0.0, 0.0, 0.0, 0.0, 0.0], [0.0, 0.0, 0.0, 0.0, 0.0, 0.978087346550725, 0.0, 0.0, 0.0, 0.0, 0.0, 0.0, 0.0, 0.0, 0.0, 0.0], [0.0, 0.0, 0.0, 0.0, 0.0, 0.97646805136277, 0.0, 0.0, 0.0, 0.0, 0.0, 0.0, 0.0, 0.0, 0.0, 0.0]], "Born radii": [], "Atomic SASAs": [], "Solvent H bonds": [], "Total SASA": NaN, "Total FOD": 0.0128, "FOD": "NaN", "FOD s proportion": "NaN", "FOD p proportion": "NaN", "FOD d proportion": "NaN", "coordinates": [["-3.06100", "0.16350", "-0.62780"], ["-1.88420", "0.76510", "-0.10450"], ["-0.74070", "-0.24060", "-0.10730"], ["0.54790", "0.38050", "0.42700"], ["1.66960", "-0.61770", "0.44420"], ["2.79700", "-0.49060", "-0.26680"], ["-3.27220", "-0.60460", "-0.07020"], ["-2.09870", "1.12150", "0.90820"], ["-1.64350", "1.63120", "-0.72890"], ["-0.59150", "-0.61680", "-1.12770"], ["-1.02390", "-1.11460", "0.49350"], ["0.81630", "1.25370", "-0.18020"], ["0.39040", "0.74150", "1.45050"], ["1.54790", "-1.48790", "1.08640"], ["3.57700", "-1.24390", "-0.21050"], ["2.96950", "0.35980", "-0.91930"]], "DBSTEP_Vbur": "NaN"}