{"total energy": -24.20208266, "HOMO-LUMO gap/eV": 6.84299468, "electronic energy": -24.62980736, "dipole": [0.17162342, -0.16214724, 0.11227856], "partial charges": "NaN", "atomic dipole moments": [[-0.08365327, 0.01011645, 0.05479845], [0.02428007, -0.08878899, -0.05854836], [-0.02432488, 0.09165699, 0.06034522], [0.026364, -0.09356711, -0.04768498], [0.01741126, 0.04775976, -0.09914713], [0.02302022, 0.04401314, 0.07680922], [0.26483361, -0.27982579, 0.1798986], [-0.21060708, 0.21941021, -0.138774], [0.06953324, -0.0968848, 0.0396418], [0.06983601, 0.10303415, 0.00915858], [-0.02652767, -0.0175116, -0.12184706], [-0.06008374, 0.10096641, -0.03980112], [0.03336386, 0.023674, 0.11634673], [0.06324258, -0.09928967, 0.03812592], [-0.02790173, -0.02070053, -0.11944427], [-0.06610164, 0.10047165, -0.03930754], [0.02837941, 0.03005257, 0.11460996], [-0.09213429, 0.02137438, 0.08083843], [0.06298223, -0.09087043, 0.05310726], [0.09770402, -0.03566365, -0.08002446], [-0.05759772, -0.11218511, 0.02147407], [-0.13449251, 0.14154002, -0.08955715]], "atomic quadrupole moments": [[0.12682535, -0.02136169, -0.1066936, -0.16242208, 0.02323802, -0.02013176], [0.11963444, 0.11920652, -0.00095716, -0.1540609, 0.04677394, -0.11867728], [0.11291827, 0.12359138, 0.01756076, -0.14601993, 0.05541896, -0.13047902], [0.09575317, 0.12401266, 0.01631545, -0.15515257, 0.01884969, -0.11206862], [-0.0784486, 0.17343263, 0.0301425, 0.08972184, 0.06801555, 0.0483061], [-0.06611307, -0.00874691, -0.05299826, 0.12808053, 0.04489875, 0.11911134], [-0.09736243, 0.60471098, -0.14333458, -0.38010683, 0.40178185, 0.24069702], [-0.10674012, 0.69891491, -0.16826178, -0.44030731, 0.47146465, 0.2750019], [-0.01229026, -0.04956938, 0.03173645, 0.01145555, -0.04150374, -0.01944619], [-0.00326551, 0.05374927, 0.04673579, -0.00418507, 0.01792583, -0.04347027], [-0.01719516, 0.00157555, -0.04929222, 0.03275483, 0.01962367, 0.06648738], [0.00511734, -0.03005066, 0.01578428, 0.01520229, -0.03170688, -0.02090162], [-0.01555429, 0.00987715, -0.03572058, 0.01946328, 0.00283555, 0.05127487], [-0.00048797, -0.03076626, 0.0191887, 0.01716623, -0.03298295, -0.01870073], [-0.01389309, 0.00917203, -0.03297266, 0.02490103, 0.00574343, 0.04686576], [0.00632294, -0.03028924, 0.00515499, 0.01465673, -0.03968054, -0.01147794], [-0.01192771, 0.01744384, -0.03666193, 0.02285647, 0.00981477, 0.04858964], [0.03409924, -0.00448951, -0.02291723, -0.03415113, 0.02674849, -0.01118201], [0.00153833, -0.03367513, 0.02779665, 0.03259353, -0.00818442, -0.02933498], [0.03067524, -0.00290841, -0.04555874, -0.03720761, 0.00108719, 0.0148835], [-0.00442919, 0.04852819, 0.02299211, 0.00140702, -0.01699131, -0.01856292], [-0.00317346, 0.02436414, -0.00602378, -0.01569565, 0.01660003, 0.00919724]], "number of molecular orbitals": 46, "number of electrons": 46, "number of unpaired electrons": 0, "orbital energies/eV": [-17.0088253, -16.77212149, -16.42859842, -16.1533726, -15.7660972, -15.15032339, -15.03663704, -14.15505101, -14.06460339, -13.78194216, -13.50289367, -13.3386103, -13.02116604, -12.80399115, -12.58257906, -12.35883538, -12.06427243, -11.76176726, -11.63545542, -11.47979084, -11.40256416, -10.86642148, -10.7923699, -3.94937523, -3.83842176, 1.23556324, 1.85945586, 2.65849623, 3.0106904, 3.33999201, 3.65010217, 4.1120487, 4.2736249, 4.5463968, 4.74341897, 4.95262263, 5.23192123, 6.01748829, 6.52109075, 6.92767455, 7.13440206, 7.26292549, 7.60596887, 8.40034345, 8.73847164, 38.03913819], "fractional occupation": [2.0, 2.0, 2.0, 2.0, 2.0, 2.0, 2.0, 2.0, 2.0, 2.0, 2.0, 2.0, 2.0, 2.0, 2.0, 2.0, 2.0, 2.0, 2.0, 2.0, 2.0, 2.0, 2.0, 0.0, 0.0, 0.0, 0.0, 0.0, 0.0, 0.0, 0.0, 0.0, 0.0, 0.0, 0.0, 0.0, 0.0, 0.0, 0.0, 0.0, 0.0, 0.0, 0.0, 0.0, 0.0, 0.0], "program call": "xtb /mnt/netapp1/Store_CSIC/home/csic/qoy/jar/test/QDESCP/mol_51_rdkit_conf_1/mol_51_rdkit_conf_1.xyz --pop --wbo --acc 0.2 --gfn 2 --chrg 0 --uhf 0 --etemp 300 --input /mnt/netapp1/Store_CSIC/home/csic/qoy/jar/test/QDESCP/mol_51_rdkit_conf_1/mol_51_rdkit_conf_1_xtb.inp", "method": "GFN2-xTB", "xtb version": "6.4.1 (unknown)", "Dipole module/D": 0.665, "Total charge": 0, "Transition dipole module/D": NaN, "HOMO": -10.7924, "LUMO": -3.9494, "HOMO occupancy": 2.0, "LUMO occupancy": 0, "mulliken charges": "NaN", "cm5 charges": "NaN", "FUKUI+": "NaN", "FUKUI-": "NaN", "FUKUIrad": "NaN", "s proportion": "NaN", "p proportion": "NaN", "d proportion": "NaN", "Fermi-level/eV": -7.3709, "Coordination numbers": "NaN", "Dispersion coefficient C6": "NaN", "Total dispersion C6": 3784.962943, "Total dispersion C8": 83343.121364, "Polarizability alpha": "NaN", "Total polarizability alpha": 93.05111, "Wiberg matrix": [[0.0, 1.02018542646136, 0.0, 0.0, 0.0, 0.0, 0.0, 0.0, 0.987748042377907, 0.987393919648623, 0.987715016413729, 0.0, 0.0, 0.0, 0.0, 0.0, 0.0, 0.0, 0.0, 0.0, 0.0, 0.0], [1.02018542646136, 0.0, 1.0073441224037, 0.0, 0.0, 0.0, 0.0, 0.0, 0.0, 0.0, 0.0, 0.978201252792338, 0.978052618230177, 0.0, 0.0, 0.0, 0.0, 0.0, 0.0, 0.0, 0.0, 0.0], [0.0, 1.0073441224037, 0.0, 1.00838854987792, 0.0, 0.0, 0.0, 0.0, 0.0, 0.0, 0.0, 0.0, 0.0, 0.977232002630838, 0.975316113039338, 0.0, 0.0, 0.0, 0.0, 0.0, 0.0, 0.0], [0.0, 0.0, 1.00838854987792, 0.0, 1.00667297318037, 0.0, 0.0, 0.0, 0.0, 0.0, 0.0, 0.0, 0.0, 0.0, 0.0, 0.976899602419447, 0.976598027261238, 0.0, 0.0, 0.0, 0.0, 0.0], [0.0, 0.0, 0.0, 1.00667297318037, 0.0, 0.990721529722454, 0.0, 0.0, 0.0, 0.0, 0.0, 0.0, 0.0, 0.0, 0.0, 0.0, 0.0, 0.977960501652341, 0.976358222732784, 0.0, 0.0, 0.0], [0.0, 0.0, 0.0, 0.0, 0.990721529722454, 0.0, 1.0452083430347, 0.0, 0.0, 0.0, 0.0, 0.0, 0.0, 0.0, 0.0, 0.0, 0.0, 0.0, 0.0, 0.955475367878641, 0.956577106330831, 0.0], [0.0, 0.0, 0.0, 0.0, 0.0, 1.0452083430347, 0.0, 2.90220333539415, 0.0, 0.0, 0.0, 0.0, 0.0, 0.0, 0.0, 0.0, 0.0, 0.0, 0.0, 0.0, 0.0, 0.0], [0.0, 0.0, 0.0, 0.0, 0.0, 0.0, 2.90220333539415, 0.0, 0.0, 0.0, 0.0, 0.0, 0.0, 0.0, 0.0, 0.0, 0.0, 0.0, 0.0, 0.0, 0.0, 0.971024609426104], [0.987748042377907, 0.0, 0.0, 0.0, 0.0, 0.0, 0.0, 0.0, 0.0, 0.0, 0.0, 0.0, 0.0, 0.0, 0.0, 0.0, 0.0, 0.0, 0.0, 0.0, 0.0, 0.0], [0.987393919648623, 0.0, 0.0, 0.0, 0.0, 0.0, 0.0, 0.0, 0.0, 0.0, 0.0, 0.0, 0.0, 0.0, 0.0, 0.0, 0.0, 0.0, 0.0, 0.0, 0.0, 0.0], [0.987715016413729, 0.0, 0.0, 0.0, 0.0, 0.0, 0.0, 0.0, 0.0, 0.0, 0.0, 0.0, 0.0, 0.0, 0.0, 0.0, 0.0, 0.0, 0.0, 0.0, 0.0, 0.0], [0.0, 0.978201252792338, 0.0, 0.0, 0.0, 0.0, 0.0, 0.0, 0.0, 0.0, 0.0, 0.0, 0.0, 0.0, 0.0, 0.0, 0.0, 0.0, 0.0, 0.0, 0.0, 0.0], [0.0, 0.978052618230177, 0.0, 0.0, 0.0, 0.0, 0.0, 0.0, 0.0, 0.0, 0.0, 0.0, 0.0, 0.0, 0.0, 0.0, 0.0, 0.0, 0.0, 0.0, 0.0, 0.0], [0.0, 0.0, 0.977232002630838, 0.0, 0.0, 0.0, 0.0, 0.0, 0.0, 0.0, 0.0, 0.0, 0.0, 0.0, 0.0, 0.0, 0.0, 0.0, 0.0, 0.0, 0.0, 0.0], [0.0, 0.0, 0.975316113039338, 0.0, 0.0, 0.0, 0.0, 0.0, 0.0, 0.0, 0.0, 0.0, 0.0, 0.0, 0.0, 0.0, 0.0, 0.0, 0.0, 0.0, 0.0, 0.0], [0.0, 0.0, 0.0, 0.976899602419447, 0.0, 0.0, 0.0, 0.0, 0.0, 0.0, 0.0, 0.0, 0.0, 0.0, 0.0, 0.0, 0.0, 0.0, 0.0, 0.0, 0.0, 0.0], [0.0, 0.0, 0.0, 0.976598027261238, 0.0, 0.0, 0.0, 0.0, 0.0, 0.0, 0.0, 0.0, 0.0, 0.0, 0.0, 0.0, 0.0, 0.0, 0.0, 0.0, 0.0, 0.0], [0.0, 0.0, 0.0, 0.0, 0.977960501652341, 0.0, 0.0, 0.0, 0.0, 0.0, 0.0, 0.0, 0.0, 0.0, 0.0, 0.0, 0.0, 0.0, 0.0, 0.0, 0.0, 0.0], [0.0, 0.0, 0.0, 0.0, 0.976358222732784, 0.0, 0.0, 0.0, 0.0, 0.0, 0.0, 0.0, 0.0, 0.0, 0.0, 0.0, 0.0, 0.0, 0.0, 0.0, 0.0, 0.0], [0.0, 0.0, 0.0, 0.0, 0.0, 0.955475367878641, 0.0, 0.0, 0.0, 0.0, 0.0, 0.0, 0.0, 0.0, 0.0, 0.0, 0.0, 0.0, 0.0, 0.0, 0.0, 0.0], [0.0, 0.0, 0.0, 0.0, 0.0, 0.956577106330831, 0.0, 0.0, 0.0, 0.0, 0.0, 0.0, 0.0, 0.0, 0.0, 0.0, 0.0, 0.0, 0.0, 0.0, 0.0, 0.0], [0.0, 0.0, 0.0, 0.0, 0.0, 0.0, 0.0, 0.971024609426104, 0.0, 0.0, 0.0, 0.0, 0.0, 0.0, 0.0, 0.0, 0.0, 0.0, 0.0, 0.0, 0.0, 0.0]], "Born radii": [], "Atomic SASAs": [], "Solvent H bonds": [], "Total SASA": NaN, "Total FOD": 0.0031, "FOD": "NaN", "FOD s proportion": "NaN", "FOD p proportion": "NaN", "FOD d proportion": "NaN",