{"total energy": -20.39812851, "HOMO-LUMO gap/eV": 3.98425867, "electronic energy": -20.79299392, "dipole": [-1.54067672, 0.13457625, -0.63199307], "partial charges": "NaN", "atomic dipole moments": [[-0.03471215, 0.00303595, -0.01423981], [-0.27966098, 0.02441647, -0.11472022], [0.00403106, -0.00033934, 0.00162462], [0.00722763, -0.01618358, 0.0034751], [-0.00026374, -0.00387077, 6.6e-06], [0.00451678, -0.00036655, 0.00184476], [0.00041207, 0.00384225, 3.428e-05], [0.0098881, 0.01466786, 0.00360576], [0.07905419, 0.13096593, 0.0282444], [-0.06052146, 0.13828573, -0.02883664], [-0.14074588, 0.01228762, -0.05772535], [-0.0830829, -0.12573655, -0.03005375], [0.05564874, -0.14273832, 0.02697863]], "atomic quadrupole moments": [[-0.51179413, 0.0734057, 0.32203512, -0.34601162, 0.03021114, 0.18975901], [-0.78109287, 0.11581333, 0.53644977, -0.50622018, 0.04466996, 0.24464309], [-0.08279165, -0.01588379, -0.27950389, -0.21714645, 0.01553218, 0.36229554], [-0.16199075, -0.02026842, -0.26830005, -0.28893996, 0.01635823, 0.4302908], [-0.15251282, 0.00010146, -0.27408067, -0.28344125, 0.02466016, 0.42659348], [-0.1660989, -0.00738471, -0.26828968, -0.29352869, 0.02178218, 0.43438858], [-0.15558914, -0.0177735, -0.27096374, -0.28411755, 0.01732044, 0.42655287], [-0.15775968, 0.0039686, -0.27262229, -0.28797308, 0.02639451, 0.43038197], [0.02463792, -0.0040853, 0.0236541, 0.0358623, -0.00426312, -0.04829202], [0.02335543, 0.00837958, 0.02833589, 0.03636771, 0.00056038, -0.05169132], [0.01259792, 0.00231417, 0.04136398, 0.03248836, -0.0023314, -0.0539619], [0.020637, -0.00738417, 0.03111828, 0.0357413, -0.00594748, -0.05175528], [0.02592118, 0.00334046, 0.02234585, 0.03615545, -0.00121601, -0.04826703]], "number of molecular orbitals": 37, "number of electrons": 38, "number of unpaired electrons": 0, "orbital energies/eV": [-18.17624377, -17.60596359, -17.32391567, -17.28346779, -16.3457093, -16.17809869, -15.30284982, -14.42531903, -14.20962913, -13.88634567, -13.8003979, -13.58214947, -13.04527467, -12.89347391, -12.4978385, -12.07955918, -11.61220956, -11.51983807, -11.51387006, -7.52961139, -6.79762456, -5.84320893, -4.96222187, -2.67825743, 2.09358119, 2.55390381, 3.61516853, 3.89679681, 4.17945329, 4.63789174, 9.71548663, 10.01489896, 10.67935456, 11.15210851, 15.66186636, 16.43650881, 29.45922109], "fractional occupation": [2.0, 2.0, 2.0, 2.0, 2.0, 2.0, 2.0, 2.0, 2.0, 2.0, 2.0, 2.0, 2.0, 2.0, 2.0, 2.0, 2.0, 2.0, 2.0, 0.0, 0.0, 0.0, 0.0, 0.0, 0.0, 0.0, 0.0, 0.0, 0.0, 0.0, 0.0, 0.0, 0.0, 0.0, 0.0, 0.0, 0.0], "program call": "xtb /mnt/netapp1/Store_CSIC/home/csic/qoy/jar/test/QDESCP/mol_18_rdkit_conf_1/mol_18_rdkit_conf_1.xyz --pop --wbo --acc 0.2 --gfn 2 --chrg 0 --uhf 0 --etemp 300 --input /mnt/netapp1/Store_CSIC/home/csic/qoy/jar/test/QDESCP/mol_18_rdkit_conf_1/mol_18_rdkit_conf_1_xtb.inp", "method": "GFN2-xTB", "xtb version": "6.4.1 (unknown)", "Dipole module/D": 4.246, "Total charge": 0, "Transition dipole module/D": NaN, "HOMO": -11.5139, "LUMO": -7.5296, "HOMO occupancy": 2.0, "LUMO occupancy": 0, "mulliken charges": "NaN", "cm5 charges": "NaN", "FUKUI+": "NaN", "FUKUI-": "NaN", "FUKUIrad": "NaN", "s proportion": "NaN", "p proportion": "NaN", "d proportion": "NaN", "Fermi-level/eV": -9.5217, "Coordination numbers": "NaN", "Dispersion coefficient C6": "NaN", "Total dispersion C6": 2515.571142, "Total dispersion C8": 63231.38999, "Polarizability alpha": "NaN", "Total polarizability alpha": 80.590663, "Wiberg matrix": [[0.0, 2.81005828342537, 0.0, 0.0, 0.0, 0.0, 0.0, 0.0, 0.0, 0.0, 0.0, 0.0, 0.0], [2.81005828342537, 0.0, 1.08397715872291, 0.0, 0.0, 0.0, 0.0, 0.0, 0.0, 0.0, 0.0, 0.0, 0.0], [0.0, 1.08397715872291, 0.0, 1.36731415249668, 0.0, 0.0, 0.0, 1.36746428188082, 0.0, 0.0, 0.0, 0.0, 0.0], [0.0, 0.0, 1.36731415249668, 0.0, 1.44983427993061, 0.0, 0.108711724749903, 0.0, 0.970441870088474, 0.0, 0.0, 0.0, 0.0], [0.0, 0.0, 0.0, 1.44983427993061, 0.0, 1.43400606038344, 0.0, 0.108685489231904, 0.0, 0.970018340435396, 0.0, 0.0, 0.0], [0.0, 0.0, 0.0, 0.0, 1.43400606038344, 0.0, 1.43409487911836, 0.0, 0.0, 0.0, 0.970713714706462, 0.0, 0.0], [0.0, 0.0, 0.0, 0.108711724749903, 0.0, 1.43409487911836, 0.0, 1.44970254992882, 0.0, 0.0, 0.0, 0.97002696454825, 0.0], [0.0, 0.0, 1.36746428188082, 0.0, 0.108685489231904, 0.0, 1.44970254992882, 0.0, 0.0, 0.0, 0.0, 0.0, 0.970441736815969], [0.0, 0.0, 0.0, 0.970441870088474, 0.0, 0.0, 0.0, 0.0, 0.0, 0.0, 0.0, 0.0, 0.0], [0.0, 0.0, 0.0, 0.0, 0.970018340435396, 0.0, 0.0, 0.0, 0.0, 0.0, 0.0, 0.0, 0.0], [0.0, 0.0, 0.0, 0.0, 0.0, 0.970713714706462, 0.0, 0.0, 0.0, 0.0, 0.0, 0.0, 0.0], [0.0, 0.0, 0.0, 0.0, 0.0, 0.0, 0.97002696454825, 0.0, 0.0, 0.0, 0.0, 0.0, 0.0], [0.0, 0.0, 0.0, 0.0, 0.0, 0.0, 0.0, 0.970441736815969, 0.0, 0.0, 0.0, 0.0, 0.0]], "Born radii": [], "Atomic SASAs": [], "Solvent H bonds": [], "Total SASA": NaN, "Total FOD": 0.0765, "FOD": "NaN", "FOD s proportion": "NaN", "FOD p proportion": "NaN", "FOD d proportion": "NaN", "coordinates": [["3.37670", "-0.29500", "1.38510"], ["2.30630", "-0.20150", "0.94600"], ["0.98430", "-0.08600", "0.40370"], ["0.43970", "1.17650", "0.14380"], ["-0.84800", "1.28740", "-0.38440"], ["-1.59290", "0.13920", "-0.65340"], ["-1.05380", "-1.12120", "-0.39570"], ["0.23370", "-1.23530", "0.13250"], ["1.01260", "2.07860", "0.35000"], ["-1.27080", "2.26880", "-0.58630"], ["-2.59590", "0.22680", "-1.06480"], ["-1.63680", "-2.01470", "-0.60630"], ["0.64500", "-2.22340", "0.32990"]], "DBSTEP_Vbur": "NaN"}