{"total energy": -19.84673464, "HOMO-LUMO gap/eV": 3.62043513, "electronic energy": -20.09641882, "dipole": [-1.22923314, 0.51330894, -0.08223188], "partial charges": "NaN", "atomic dipole moments": [[0.0716686, -0.00816972, -0.07852395], [0.03695385, 0.05106408, 0.10185434], [-0.02230418, -0.10049583, 0.07027192], [0.03027428, 0.09172236, -0.04885744], [0.01084703, -0.06097497, -0.02849083], [-0.12859294, 0.09337076, 0.00411033], [-0.11253058, -0.03973115, -0.04072329], [0.02908314, -0.0720249, 0.09939779], [-0.01473872, 0.11944014, 0.03916881], [-0.04433599, 0.05882102, -0.09818335], [0.00840261, -0.11941688, -0.03592141], [0.06969816, 0.00164673, -0.10311954], [-0.00938978, 0.12117181, 0.02658223], [-0.06435508, 0.01160942, 0.11380489], [0.0101408, -0.12846558, -0.02748847], [0.01796294, 0.13496889, 0.02874693]], "atomic quadrupole moments": [[0.04531747, -0.01400284, -0.12462048, -0.16846132, 0.02542052, 0.07930301], [0.18544757, 0.10068076, -0.17532961, -0.08199977, 0.04750987, -0.01011796], [0.10035529, 0.02498378, -0.08325382, 0.18670329, -0.10285608, -0.01710147], [0.15951651, 0.02863451, -0.10075679, 0.14122143, -0.1167739, -0.05875971], [-0.27236874, 0.00129742, -0.44645651, -0.08739005, -0.19006603, 0.71882526], [-0.14620776, 0.00855951, -0.1421037, -0.04905212, -0.06346753, 0.28831146], [0.05206961, 0.03747535, -0.04004749, 0.03357371, 0.01853375, -0.01202212], [-0.0216886, -0.03515674, -0.00663254, 0.02466665, -0.05048024, 0.02832114], [-0.04437105, 0.00092457, 0.07457637, -0.01203413, 0.02735062, -0.03020532], [-0.0002439, -0.01420572, -0.01396372, 0.01422089, -0.0467103, 0.01420762], [-0.01679373, -0.01042695, 0.05340316, -0.01497083, 0.01163795, -0.03660943], [0.01703137, -0.01120124, -0.04468004, -0.02980206, 0.01170221, 0.02764867], [-0.02640788, -0.01901494, 0.04098809, 0.00728151, 0.0334202, -0.0145802], [-0.01022748, -0.02157742, -0.02247713, -0.04731433, 0.00844907, 0.03270461], [-0.02853999, -0.00786376, 0.04902647, 0.00978968, 0.02433619, -0.02048647], [0.06112031, -0.01633069, 0.01001751, 0.00952236, 0.0049676, -0.07113782]], "number of molecular orbitals": 34, "number of electrons": 36, "number of unpaired electrons": 0, "orbital energies/eV": [-19.37773746, -17.65582016, -17.11803933, -16.41977154, -16.11112348, -15.52520771, -15.04765661, -14.65927173, -14.41955823, -14.04501636, -13.70641607, -13.35727741, -13.1769019, -12.65918653, -12.26018229, -12.03620657, -11.95237352, -11.01853508, -7.39809995, 1.76950925, 2.41004104, 2.51985482, 3.2505333, 3.44022659, 3.54474219, 4.05356235, 4.7660202, 5.41541113, 5.73667312, 6.48323291, 6.82203788, 7.32372247, 7.56728811, 14.28586465], "fractional occupation": [2.0, 2.0, 2.0, 2.0, 2.0, 2.0, 2.0, 2.0, 2.0, 2.0, 2.0, 2.0, 2.0, 2.0, 2.0, 2.0, 2.0, 2.0, 0.0, 0.0, 0.0, 0.0, 0.0, 0.0, 0.0, 0.0, 0.0, 0.0, 0.0, 0.0, 0.0, 0.0, 0.0, 0.0], "program call": "xtb /mnt/netapp1/Store_CSIC/home/csic/qoy/jar/test/QDESCP/mol_36_rdkit_conf_2/mol_36_rdkit_conf_2.xyz --pop --wbo --acc 0.2 --gfn 2 --chrg 0 --uhf 0 --etemp 300 --input /mnt/netapp1/Store_CSIC/home/csic/qoy/jar/test/QDESCP/mol_36_rdkit_conf_2/mol_36_rdkit_conf_2_xtb.inp", "method": "GFN2-xTB", "xtb version": "6.4.1 (unknown)", "Dipole module/D": 3.392, "Total charge": 0, "Transition dipole module/D": NaN, "HOMO": -11.0185, "LUMO": -7.3981, "HOMO occupancy": 2.0, "LUMO occupancy": 0, "mulliken charges": "NaN", "cm5 charges": "NaN", "FUKUI+": "NaN", "FUKUI-": "NaN", "FUKUIrad": "NaN", "s proportion": "NaN", "p proportion": "NaN", "d proportion": "NaN", "Fermi-level/eV": -9.2083, "Coordination numbers": "NaN", "Dispersion coefficient C6": "NaN", "Total dispersion C6": 1900.119079, "Total dispersion C8": 40356.1386, "Polarizability alpha": "NaN", "Total polarizability alpha": 65.06548, "Wiberg matrix": [[0.0, 1.02138445827422, 0.0, 0.0, 0.0, 0.0, 0.986504603894619, 0.985693858458421, 0.987214250388142, 0.0, 0.0, 0.0, 0.0, 0.0, 0.0, 0.0], [1.02138445827422, 0.0, 1.00480269809437, 0.0, 0.0, 0.0, 0.0, 0.0, 0.0, 0.976003412012607, 0.977167021424987, 0.0, 0.0, 0.0, 0.0, 0.0], [0.0, 1.00480269809437, 0.0, 0.987261801781484, 0.0, 0.0, 0.0, 0.0, 0.0, 0.0, 0.0, 0.977335132639764, 0.97598738068687, 0.0, 0.0, 0.0], [0.0, 0.0, 0.987261801781484, 0.0, 1.01489379716975, 0.0, 0.0, 0.0, 0.0, 0.0, 0.0, 0.0, 0.0, 0.940524765561557, 0.971439082899959, 0.0], [0.0, 0.0, 0.0, 1.01489379716975, 0.0, 1.91511027168366, 0.0, 0.0, 0.0, 0.0, 0.0, 0.0, 0.0, 0.0, 0.0, 0.937660572900351], [0.0, 0.0, 0.0, 0.0, 1.91511027168366, 0.0, 0.0, 0.0, 0.0, 0.0, 0.0, 0.0, 0.0, 0.0, 0.0, 0.0], [0.986504603894619, 0.0, 0.0, 0.0, 0.0, 0.0, 0.0, 0.0, 0.0, 0.0, 0.0, 0.0, 0.0, 0.0, 0.0, 0.0], [0.985693858458421, 0.0, 0.0, 0.0, 0.0, 0.0, 0.0, 0.0, 0.0, 0.0, 0.0, 0.0, 0.0, 0.0, 0.0, 0.0], [0.987214250388142, 0.0, 0.0, 0.0, 0.0, 0.0, 0.0, 0.0, 0.0, 0.0, 0.0, 0.0, 0.0, 0.0, 0.0, 0.0], [0.0, 0.976003412012607, 0.0, 0.0, 0.0, 0.0, 0.0, 0.0, 0.0, 0.0, 0.0, 0.0, 0.0, 0.0, 0.0, 0.0], [0.0, 0.977167021424987, 0.0, 0.0, 0.0, 0.0, 0.0, 0.0, 0.0, 0.0, 0.0, 0.0, 0.0, 0.0, 0.0, 0.0], [0.0, 0.0, 0.977335132639764, 0.0, 0.0, 0.0, 0.0, 0.0, 0.0, 0.0, 0.0, 0.0, 0.0, 0.0, 0.0, 0.0], [0.0, 0.0, 0.97598738068687, 0.0, 0.0, 0.0, 0.0, 0.0, 0.0, 0.0, 0.0, 0.0, 0.0, 0.0, 0.0, 0.0], [0.0, 0.0, 0.0, 0.940524765561557, 0.0, 0.0, 0.0, 0.0, 0.0, 0.0, 0.0, 0.0, 0.0, 0.0, 0.0, 0.0], [0.0, 0.0, 0.0, 0.971439082899959, 0.0, 0.0, 0.0, 0.0, 0.0, 0.0, 0.0, 0.0, 0.0, 0.0, 0.0, 0.0], [0.0, 0.0, 0.0, 0.0, 0.937660572900351, 0.0, 0.0, 0.0, 0.0, 0.0, 0.0, 0.0, 0.0, 0.0, 0.0, 0.0]], "Born radii": [], "Atomic SASAs": [], "Solvent H bonds": [], "Total SASA": NaN, "Total FOD": 0.0651, "FOD": "NaN", "FOD s proportion": "NaN", "FOD p proportion": "NaN", "FOD d proportion": "NaN", "coordinates": [["-2.06130", "-0.05770", "0.20800"], ["-1.03960", "-0.17060", "-0.91280"], ["0.32870", "0.40720", "-0.54900"], ["1.02410", "-0.35180", "0.57630"], ["2.41740", "0.18390", "0.77530"], ["3.41810", "-0.52600", "0.78040"], ["-3.04010", "-0.40350", "-0.13980"], ["-1.78070", "-0.67070", "1.06960"], ["-2.16710", "0.97980", "0.54040"], ["-1.42220", "0.36610", "-1.78920"], ["-0.93470", "-1.22170", "-1.20600"], ["0.96360", "0.38680", "-1.44410"], ["0.22330", "1.46430", "-0.27450"], ["0.48890", "-0.23430", "1.52340"], ["1.08820", "-1.41990", "0.34300"], ["2.49360", "1.26830", "0.96580"]], "DBSTEP_Vbur": "NaN"}