{"total energy": -31.80872793, "HOMO-LUMO gap/eV": 2.80863978, "electronic energy": -32.3767435, "dipole": [0.01033062, -0.03627191, -0.00965343], "partial charges": "NaN", "atomic dipole moments": [[0.06130543, 0.02717775, -0.00356391], [-0.08768384, 0.01510295, 0.01704038], [0.01768727, -0.00923738, -0.00478712], [-0.01005072, -0.01772743, -0.00239151], [0.06584989, 0.06211732, 0.00350894], [-0.06568252, -0.01170389, 0.00764758], [-0.01258034, -0.01110801, -0.00049905], [-0.00151316, -0.03855549, -0.00831577], [-0.02478821, 0.01496673, 0.00717965], [0.01304179, 0.02658355, 0.00386113], [0.02139241, -0.03157789, -0.01036249], [0.01633442, -0.00228019, -0.00304745], [-0.01238333, -0.12457018, -0.02569177], [-0.04320917, 0.01207359, 0.12228604], [-0.07602179, 0.0587328, -0.08794734], [-0.02912695, -0.14546483, -0.02774764], [0.10024419, -0.10579674, -0.0391029], [0.07530084, -0.09772387, -0.03342784], [0.01523406, 0.08670464, -0.09602169], [0.04806664, 0.04003735, 0.11426399], [0.13993707, 0.0566072, -0.00927868], [0.03730636, 0.14364928, 0.02605663], [-0.10621107, 0.09965349, 0.03869709], [-0.14708759, -0.03135, 0.01601688]], "atomic quadrupole moments": [[0.16357833, 0.04574483, -0.04196953, -0.03566021, 0.01239802, -0.1216088], [-0.08258182, 0.06953114, -0.28356628, 0.09348695, -0.16644279, 0.3661481], [-0.18633351, 0.01841713, -0.25475639, 0.11060604, -0.16946233, 0.4410899], [-0.17344106, -0.00241214, -0.26872426, 0.10396115, -0.16927778, 0.44216532], [-0.06501364, 0.04117588, -0.30258457, 0.08449413, -0.16626303, 0.36759821], [0.14127623, 0.08176379, -0.01778127, -0.02420965, 0.0121437, -0.12349496], [-0.19010059, -0.01538135, -0.17307815, 0.08949483, -0.12588543, 0.36317874], [-0.22696375, -0.02221738, -0.23168525, 0.11033696, -0.16146371, 0.458649], [-0.206321, 0.00285677, -0.2587978, 0.11421262, -0.1735696, 0.46511881], [-0.20172315, -0.00454783, -0.26375894, 0.11188476, -0.17352865, 0.46548208], [-0.23107558, -0.01552747, -0.22721311, 0.11250611, -0.16150331, 0.45828868], [-0.18555326, -0.02272073, -0.17801068, 0.08713293, -0.1258081, 0.36356394], [-0.02434341, -0.0081172, 0.07365925, -0.00691589, 0.0302968, -0.04931584], [-0.02906082, 0.00264897, -0.03194142, -0.03577986, 0.0310955, 0.06100224], [-0.00243635, -0.0295204, 0.00569237, 0.04451118, -0.04660756, -0.00325601], [0.04178507, 0.00626126, 0.02099721, -0.01598653, 0.01909611, -0.06278228], [0.0391284, 0.01053204, 0.0238834, -0.01463476, 0.01909181, -0.0630118], [-0.005565, -0.0383438, 0.0533101, -0.01655719, 0.03049003, -0.0477451], [-0.03001738, -0.00357758, 0.02419185, -0.00598433, -0.06508417, 0.00582552], [-0.02144018, 0.00895951, -0.02877407, 0.02496365, 0.04936771, 0.05021425], [0.03692106, -0.01410103, 0.02703308, -0.0202059, 0.02428382, -0.06395414], [0.03922459, 0.00113404, 0.02337724, -0.01675878, 0.02048524, -0.06260184], [0.03344612, 0.01042902, 0.02962622, -0.01379183, 0.02041988, -0.06307234], [0.0194195, 0.01411549, 0.04598239, -0.01120823, 0.02408406, -0.06540189]], "number of molecular orbitals": 60, "number of electrons": 60, "number of unpaired electrons": 0, "orbital energies/eV": [-17.44308276, -17.14579784, -16.92281004, -16.51685586, -16.3877852, -16.33803761, -15.69972311, -15.5382282, -15.48203274, -14.90071033, -14.16638839, -14.10016113, -13.83283832, -13.51166754, -13.37398618, -13.18890081, -13.0801283, -12.80821751, -12.76106479, -12.66700831, -12.51083542, -12.25533156, -12.20091231, -11.86274115, -11.84090558, -11.13412138, -11.06388778, -11.05266783, -10.73306019, -9.79339465, -6.98475487, -5.95409017, -5.01787821, -3.8487323, -1.51737898, 2.39123688, 2.83929932, 3.00469657, 3.49308169, 3.52903039, 3.91063803, 4.47520951, 4.74857416, 4.77161019, 5.39628488, 5.52378642, 5.97924432, 6.09028048, 6.13365468, 6.80120077, 8.13674715, 9.81871154, 10.82954701, 11.09131551, 11.88348143, 13.37342248, 14.72152261, 14.81106537, 17.64650766, 18.44658381], "fractional occupation": [2.0, 2.0, 2.0, 2.0, 2.0, 2.0, 2.0, 2.0, 2.0, 2.0, 2.0, 2.0, 2.0, 2.0, 2.0, 2.0, 2.0, 2.0, 2.0, 2.0, 2.0, 2.0, 2.0, 2.0, 2.0, 2.0, 2.0, 2.0, 2.0, 2.0, 0.0, 0.0, 0.0, 0.0, 0.0, 0.0, 0.0, 0.0, 0.0, 0.0, 0.0, 0.0, 0.0, 0.0, 0.0, 0.0, 0.0, 0.0, 0.0, 0.0, 0.0, 0.0, 0.0, 0.0, 0.0, 0.0, 0.0, 0.0, 0.0, 0.0], "program call": "xtb /mnt/netapp1/Store_CSIC/home/csic/qoy/jar/test/QDESCP/mol_58_rdkit_conf_1/mol_58_rdkit_conf_1.xyz --pop --wbo --acc 0.2 --gfn 2 --chrg 0 --uhf 0 --etemp 300 --input /mnt/netapp1/Store_CSIC/home/csic/qoy/jar/test/QDESCP/mol_58_rdkit_conf_1/mol_58_rdkit_conf_1_xtb.inp", "method": "GFN2-xTB", "xtb version": "6.4.1 (unknown)", "Dipole module/D": 0.099, "Total charge": 0, "Transition dipole module/D": NaN, "HOMO": -9.7934, "LUMO": -6.9848, "HOMO occupancy": 2.0, "LUMO occupancy": 0, "mulliken charges": "NaN", "cm5 charges": "NaN", "FUKUI+": "NaN", "FUKUI-": "NaN", "FUKUIrad": "NaN", "s proportion": "NaN", "p proportion": "NaN", "d proportion": "NaN", "Fermi-level/eV": -8.3891, "Coordination numbers": "NaN", "Dispersion coefficient C6": "NaN", "Total dispersion C6": 6709.619152, "Total dispersion C8": 163443.567475, "Polarizability alpha": "NaN", "Total polarizability alpha": 130.95208,