{"total energy": -16.83010877, "HOMO-LUMO gap/eV": 13.48282854, "electronic energy": -17.07831758, "dipole": [0.00373592, 0.0079439, -0.00120783], "partial charges": "NaN", "atomic dipole moments": [[-0.08899616, -0.0192289, -0.04173744], [0.0127989, 0.03479211, 0.10437036], [-0.01233128, 0.05174505, -0.07884088], [0.00487081, -0.09621398, -0.02561563], [0.08406432, 0.02682557, 0.04314752], [0.01549516, -0.06502733, 0.10709683], [0.01875299, 0.12250888, 0.022973], [0.09067322, -0.03488801, -0.07757987], [0.00136833, -0.11605249, -0.0378775], [-0.00629346, 0.06557646, -0.10567498], [0.01063297, -0.06810834, 0.1028614], [0.09767341, 0.03648721, 0.07019017], [-0.10085002, 0.0220531, 0.07162366], [-0.00799968, 0.07951745, -0.09852392], [-0.09871904, 0.01524524, 0.07591871], [0.00221253, -0.12155148, -0.03032641], [-0.02475661, 0.06447477, -0.10637205]], "atomic quadrupole moments": [[0.15661538, 0.04838964, -0.11130272, 0.12293011, 0.03638808, -0.04531266], [0.22186305, 0.0244716, -0.19349675, -0.0135054, 0.06871781, -0.0283663], [0.09880775, 0.02201242, 0.00470805, -0.01966983, 0.14643466, -0.1035158], [-0.08842489, -0.01240871, 0.19083241, -0.00692888, 0.08307012, -0.10240752], [0.13274388, 0.07309577, -0.08148948, 0.12171395, 0.05699537, -0.0512544], [-0.03417502, 0.00853756, -0.00969406, 0.00612437, -0.05852197, 0.04386908], [-0.03345903, -0.00325118, 0.07590056, 0.01127423, 0.02262127, -0.04244153], [0.02406562, -0.02034549, -0.03898938, -0.05049669, 0.03455415, 0.01492376], [-0.0086357, 0.00517109, 0.0534472, -0.00181104, 0.01913514, -0.0448115], [-0.01493455, -0.00473919, 0.00291117, 0.00960869, -0.05063502, 0.01202338], [-0.01812735, -0.0044353, 0.00108804, 0.00913047, -0.02019331, 0.01703931], [0.04657735, 0.01365316, -0.02678492, 0.05720138, 0.01350565, -0.01979244], [0.04319121, -0.00121896, -0.03045167, -0.06113393, 0.00824183, -0.01273954], [-0.05174875, -0.00451463, -0.00286115, 0.00502653, -0.04918504, 0.0546099], [0.02783156, -0.01205888, -0.04700421, -0.0543802, 0.02118593, 0.01917264], [-0.03172704, -0.01567787, 0.07412901, 0.00622213, 0.02888962, -0.04240197], [-0.03536253, 0.00261225, -0.00210365, 0.01116854, -0.06093224, 0.03746618]], "number of molecular orbitals": 32, "number of electrons": 32, "number of unpaired electrons": 0, "orbital energies/eV": [-16.90422592, -16.32133799, -15.85295432, -15.38342518, -14.81342669, -13.87492742, -13.57848308, -13.3354599, -13.03606725, -12.56732097, -12.43980092, -12.18817379, -11.91606537, -11.55798379, -11.43927607, -11.36670317, 2.11612537, 2.54254738, 2.81970669, 3.60648013, 3.91935765, 4.02227422, 4.91217792, 5.12018018, 5.30936921, 5.91053591, 6.08280898, 6.40498591, 6.76337056, 7.35472823, 7.83210238, 8.1446869], "fractional occupation": [2.0, 2.0, 2.0, 2.0, 2.0, 2.0, 2.0, 2.0, 2.0, 2.0, 2.0, 2.0, 2.0, 2.0, 2.0, 2.0, 0.0, 0.0, 0.0, 0.0, 0.0, 0.0, 0.0, 0.0, 0.0, 0.0, 0.0, 0.0, 0.0, 0.0, 0.0, 0.0], "program call": "xtb /mnt/netapp1/Store_CSIC/home/csic/qoy/jar/test/QDESCP/mol_1127_rdkit_conf_1/mol_1127_rdkit_conf_1.xyz --pop --wbo --acc 0.2 --gfn 2 --chrg 0 --uhf 0 --etemp 300 --input /mnt/netapp1/Store_CSIC/home/csic/qoy/jar/test/QDESCP/mol_1127_rdkit_conf_1/mol_1127_rdkit_conf_1_xtb.inp", "method": "GFN2-xTB", "xtb version": "6.4.1 (unknown)", "Dipole module/D": 0.023, "Total charge": 0, "Transition dipole module/D": NaN, "HOMO": -11.3667, "LUMO": 2.1161, "HOMO occupancy": 2.0, "LUMO occupancy": 0, "mulliken charges": "NaN", "cm5 charges": "NaN", "FUKUI+": "NaN", "FUKUI-": "NaN", "FUKUIrad": "NaN", "s proportion": "NaN", "p proportion": "NaN", "d proportion": "NaN", "Fermi-level/eV": -4.6253, "Coordination numbers": "NaN", "Dispersion coefficient C6": "NaN", "Total dispersion C6": 1816.106216, "Total dispersion C8": 37117.905117, "Polarizability alpha": "NaN", "Total polarizability alpha": 63.493934, "Wiberg matrix": [[0.0, 1.02032793302337, 0.0, 0.0, 0.0, 0.98757938969031, 0.986134270351731, 0.987212055872426, 0.0, 0.0, 0.0, 0.0, 0.0, 0.0, 0.0, 0.0, 0.0], [1.02032793302337, 0.0, 0.995872409681271, 0.0, 0.0, 0.0, 0.0, 0.0, 0.977301718793929, 0.977330469919111, 0.0, 0.0, 0.0, 0.0, 0.0, 0.0, 0.0], [0.0, 0.995872409681271, 0.0, 1.00983040674251, 1.00830452997527, 0.0, 0.0, 0.0, 0.0, 0.0, 0.969045990523294, 0.0, 0.0, 0.0, 0.0, 0.0, 0.0], [0.0, 0.0, 1.00983040674251, 0.0, 0.0, 0.0, 0.0, 0.0, 0.0, 0.0, 0.0, 0.985004635058724, 0.986227102733986, 0.98697177347632, 0.0, 0.0, 0.0], [0.0, 0.0, 1.00830452997527, 0.0, 0.0, 0.0, 0.0, 0.0, 0.0, 0.0, 0.0, 0.0, 0.0, 0.0, 0.986617727719318, 0.986898270042403, 0.987155416150541], [0.98757938969031, 0.0, 0.0, 0.0, 0.0, 0.0, 0.0, 0.0, 0.0, 0.0, 0.0, 0.0, 0.0, 0.0, 0.0, 0.0, 0.0], [0.986134270351731, 0.0, 0.0, 0.0, 0.0, 0.0, 0.0, 0.0, 0.0, 0.0, 0.0, 0.0, 0.0, 0.0, 0.0, 0.0, 0.0], [0.987212055872426, 0.0, 0.0, 0.0, 0.0, 0.0, 0.0, 0.0, 0.0, 0.0, 0.0, 0.0, 0.0, 0.0, 0.0, 0.0, 0.0], [0.0, 0.977301718793929, 0.0, 0.0, 0.0, 0.0, 0.0, 0.0, 0.0, 0.0, 0.0, 0.0, 0.0, 0.0, 0.0, 0.0, 0.0], [0.0, 0.977330469919111, 0.0, 0.0, 0.0, 0.0, 0.0, 0.0, 0.0, 0.0, 0.0, 0.0, 0.0, 0.0, 0.0, 0.0, 0.0], [0.0, 0.0, 0.969045990523294, 0.0, 0.0, 0.0, 0.0, 0.0, 0.0, 0.0, 0.0, 0.0, 0.0, 0.0, 0.0, 0.0, 0.0], [0.0, 0.0, 0.0, 0.985004635058724, 0.0, 0.0, 0.0, 0.0, 0.0, 0.0, 0.0, 0.0, 0.0, 0.0, 0.0, 0.0, 0.0], [0.0, 0.0, 0.0, 0.986227102733986, 0.0, 0.0, 0.0, 0.0, 0.0, 0.0, 0.0, 0.0, 0.0, 0.0, 0.0, 0.0, 0.0], [0.0, 0.0, 0.0, 0.98697177347632, 0.0, 0.0, 0.0, 0.0, 0.0, 0.0, 0.0, 0.0, 0.0, 0.0, 0.0, 0.0, 0.0], [0.0, 0.0, 0.0, 0.0, 0.986617727719318, 0.0, 0.0, 0.0, 0.0, 0.0, 0.0, 0.0, 0.0, 0.0, 0.0, 0.0, 0.0], [0.0, 0.0, 0.0, 0.0, 0.986898270042403, 0.0, 0.0, 0.0, 0.0, 0.0, 0.0, 0.0, 0.0, 0.0, 0.0, 0.0, 0.0], [0.0, 0.0, 0.0, 0.0, 0.987155416150541, 0.0, 0.0, 0.0, 0.0, 0.0, 0.0, 0.0, 0.0, 0.0, 0.0, 0.0, 0.0]], "Born radii": [], "Atomic SASAs": [], "Solvent H bonds": [], "Total SASA": NaN, "Total FOD": 0.0, "FOD": "NaN", "FOD s proportion": "NaN", "FOD p proportion": "NaN", "FOD d proportion": "NaN", "coordinates": [["2.06600", "-0.18980", "-0.00120"], ["0.71150", "-0.45930", "-0.64110"], ["-0.47710", "-0.19440", "0.29910"], ["-0.57410", "1.27390", "0.71590"], ["-1.78040", "-0.62740", "-0.37640"], ["2.17970", "-0.75240", "0.93070"], ["2.20420", "0.87350", "0.21510"], ["2.86860", "-0.49470", "-0.68060"], ["0.68860", "-1.50870", "-0.96080"], ["0.61680", "0.14850", "-1.54930"], ["-0.35090", "-0.80040", "1.20530"], ["0.29450", "1.57830", "1.30750"], ["-1.46240", "1.44400", "1.33390"], ["-0.64000", "1.93110", "-0.15780"], ["-2.63390", "-0.48150", "0.29430"], ["-1.74620", "-1.68870", "-0.64450"], ["-1.96500", "-0.05210", "-1.29010"]], "DBSTEP_Vbur": "NaN"}