{"total energy": -23.69712141, "HOMO-LUMO gap/eV": 3.32049555, "electronic energy": -24.05117096, "dipole": [-0.44917342, 0.28760851, 0.07113183], "partial charges": "NaN", "atomic dipole moments": [[-0.00463247, 0.01571006, 0.00219858], [0.00887297, -0.0116277, -0.00206589], [0.02223805, -0.00016711, -0.00190362], [0.12138753, 0.08628348, -0.00019737], [-0.06623748, -0.29078061, -0.02814023], [-0.08294549, 0.12560415, 0.02153673], [-0.12030968, 0.21013777, 0.03448796], [0.09535176, 0.02371039, -0.00527549], [0.01995781, 0.02172764, 0.00082057], [-0.11111462, -0.10427933, -0.00273572], [-0.14520401, 0.04036159, 0.01688095], [-0.03658462, 0.15076587, 0.02055597], [0.15931194, 0.00362884, -0.01298107], [0.03473012, -0.15027494, -0.02032373]], "atomic quadrupole moments": [[-0.27557428, -0.01293105, -0.24152652, 0.06655184, -0.08873682, 0.5171008], [-0.26312372, -0.01404897, -0.25194048, 0.0651828, -0.0895892, 0.51506421], [-0.23435149, -0.02643322, -0.26964188, 0.0603521, -0.08922312, 0.50399337], [-0.05006743, 0.20846867, -0.17219181, 0.04803471, -0.06461599, 0.22225925], [0.12446872, 0.01666058, 0.1464649, -0.03202912, 0.04795264, -0.27093362], [-0.23335911, -0.1513963, -0.17455744, 0.03720857, -0.05590457, 0.40791656], [-0.11450986, -0.04743621, -0.1444603, 0.02652995, -0.0436222, 0.25897016], [-0.07383183, 0.00928894, -0.24560948, 0.03505247, -0.06756614, 0.31944131], [-0.27766053, 0.02858245, -0.24310883, 0.07188799, -0.09289171, 0.52076936], [0.0325192, -0.00579216, 0.03317097, -0.00911707, 0.01220662, -0.06569017], [0.02746475, 0.00288881, 0.03891998, -0.00774449, 0.01220879, -0.06638473], [0.0371937, 0.00762446, 0.02342879, -0.00748918, 0.00930026, -0.0606225], [0.0201852, -0.00359746, 0.03178916, -0.00663462, 0.01021643, -0.05197436], [0.03070362, 0.0004343, 0.02740532, -0.00757608, 0.01010037, -0.05810895]], "number of molecular orbitals": 46, "number of electrons": 44, "number of unpaired electrons": 0, "orbital energies/eV": [-20.25662512, -18.15311161, -17.81339509, -17.05211281, -17.03351617, -16.1541838, -15.9332662, -15.5942898, -14.4925344, -14.27141714, -14.21931825, -14.18386021, -13.47838389, -13.25024534, -13.07329822, -12.83747356, -12.24550621, -11.98422293, -11.92408396, -11.14039928, -10.84766781, -10.76668917, -7.44619362, -6.57425567, -5.75115276, -5.73800502, -3.46160772, -3.11992932, -0.55358136, 0.61436366, 0.73902826, 2.13556495, 3.27677101, 3.53589197, 4.32973748, 4.73777424, 5.49781964, 7.36265026, 9.26383734, 10.00841991, 10.95235963, 11.90075357, 12.34061941, 15.19583564, 16.12730073, 17.52258835], "fractional occupation": [2.0, 2.0, 2.0, 2.0, 2.0, 2.0, 2.0, 2.0, 2.0, 2.0, 2.0, 2.0, 2.0, 2.0, 2.0, 2.0, 2.0, 2.0, 2.0, 2.0, 2.0, 2.0, 0.0, 0.0, 0.0, 0.0, 0.0, 0.0, 0.0, 0.0, 0.0, 0.0, 0.0, 0.0, 0.0, 0.0, 0.0, 0.0, 0.0, 0.0, 0.0, 0.0, 0.0, 0.0, 0.0, 0.0], "program call": "xtb /mnt/netapp1/Store_CSIC/home/csic/qoy/jar/test/QDESCP/mol_6_rdkit_conf_1/mol_6_rdkit_conf_1.xyz --pop --wbo --acc 0.2 --gfn 2 --chrg 0 --uhf 0 --etemp 300 --input /mnt/netapp1/Store_CSIC/home/csic/qoy/jar/test/QDESCP/mol_6_rdkit_conf_1/mol_6_rdkit_conf_1_xtb.inp", "method": "GFN2-xTB", "xtb version": "6.4.1 (unknown)", "Dipole module/D": 1.368, "Total charge": 0, "Transition dipole module/D": NaN, "HOMO": -10.7667, "LUMO": -7.4462, "HOMO occupancy": 2.0, "LUMO occupancy": 0, "mulliken charges": "NaN", "cm5 charges": "NaN", "FUKUI+": "NaN", "FUKUI-": "NaN", "FUKUIrad": "NaN", "s proportion": "NaN", "p proportion": "NaN", "d proportion": "NaN", "Fermi-level/eV": -9.1064, "Coordination numbers": "NaN", "Dispersion coefficient C6": "NaN", "Total dispersion C6": 3805.100039, "Total dispersion C8": 110856.989023, "Polarizability alpha": "NaN", "Total polarizability alpha": 100.286085, "Wiberg matrix": [[0.0, 1.39939612836724, 0.0, 0.0, 0.0, 0.0, 0.0, 0.0, 1.4853578731229, 0.970020749408877, 0.0, 0.0, 0.0, 0.0], [1.39939612836724, 0.0, 1.46961938764427, 0.0, 0.0, 0.0, 0.0, 0.0, 0.0, 0.0, 0.969375094307065, 0.0, 0.0, 0.0], [0.0, 1.46961938764427, 0.0, 1.36422383084301, 0.0, 0.0, 0.0, 0.0, 0.123194992491968, 0.0, 0.0, 0.970017048235989, 0.0, 0.0], [0.0, 0.0, 1.36422383084301, 0.0, 1.11603980957151, 0.0, 0.0, 1.29260203404377, 0.0, 0.0, 0.0, 0.0, 0.0, 0.0], [0.0, 0.0, 0.0, 1.11603980957151, 0.0, 1.18577578014286, 0.181658776327478, 0.0, 0.0, 0.0, 0.0, 0.0, 0.0, 0.0], [0.0, 0.0, 0.0, 0.0, 1.18577578014286, 0.0, 1.66213685231014, 0.0, 0.0, 0.0, 0.0, 0.0, 0.96409470825619, 0.0], [0.0, 0.0, 0.0, 0.0, 0.181658776327478, 1.66213685231014, 0.0, 1.18716942514358, 0.0, 0.0, 0.0, 0.0, 0.0, 0.0], [0.0, 0.0, 0.0, 1.29260203404377, 0.0, 0.0, 1.18716942514358, 0.0, 1.32307004783363, 0.0, 0.0, 0.0, 0.0, 0.0], [1.4853578731229, 0.0, 0.123194992491968, 0.0, 0.0, 0.0, 0.0, 1.32307004783363, 0.0, 0.0, 0.0, 0.0, 0.0, 0.967915647133108], [0.970020749408877, 0.0, 0.0, 0.0, 0.0, 0.0, 0.0, 0.0, 0.0, 0.0, 0.0, 0.0, 0.0, 0.0], [0.0, 0.969375094307065, 0.0, 0.0, 0.0, 0.0, 0.0, 0.0, 0.0, 0.0, 0.0, 0.0, 0.0, 0.0], [0.0, 0.0, 0.970017048235989, 0.0, 0.0, 0.0, 0.0, 0.0, 0.0, 0.0, 0.0, 0.0, 0.0, 0.0], [0.0, 0.0, 0.0, 0.0, 0.0, 0.96409470825619, 0.0, 0.0, 0.0, 0.0, 0.0, 0.0, 0.0, 0.0], [0.0, 0.0, 0.0, 0.0, 0.0, 0.0, 0.0, 0.0, 0.967915647133108, 0.0, 0.0, 0.0, 0.0, 0.0]], "Born radii": [], "Atomic SASAs": [], "Solvent H bonds": [], "Total SASA": NaN, "Total FOD": 0.1375, "FOD": "NaN", "FOD s proportion": "NaN", "FOD p proportion": "NaN", "FOD d proportion": "NaN", "coordinates": [["-1.64260", "-1.04160", "0.01740"], ["-1.95640", "0.30160", "0.19960"], ["-0.95290", "1.27530", "0.22800"], ["0.38010", "0.86130", "0.06790"], ["1.81990", "1.80940", "0.05670"], ["2.74210", "0.38800", "-0.18570"], ["2.07370", "-0.73970", "-0.26020"], ["0.71920", "-0.48200", "-0.11640"], ["-0.31200", "-1.44300", "-0.14110"], ["-2.43420", "-1.78700", "-0.00240"], ["-2.99560", "0.60020", "0.32160"], ["-1.19930", "2.32310", "0.37020"], ["3.82010", "0.42410", "-0.27220"], ["-0.06230", "-2.48980", "-0.28340"]], "DBSTEP_Vbur": "NaN"}