{"total energy": -19.13959712, "HOMO-LUMO gap/eV": 4.94364843, "electronic energy": -19.36621283, "dipole": [-1.7051929, 0.22996725, -0.2581606], "partial charges": "NaN", "atomic dipole moments": [[-0.187739, -0.00771645, -0.03537256], [-0.02473537, 0.02235866, -0.02097957], [-0.03712899, 0.08267875, -0.04230232], [0.08436545, 0.09574776, 0.06299329], [0.15662276, -0.05903306, -0.00461068], [-0.07935908, -0.00539649, 0.04883792], [-0.02505404, -0.02045337, 0.13196658], [0.05405585, -0.10791602, -0.06591596], [0.00930646, -0.03260066, -0.12270482], [-0.10549658, -0.05680902, 0.05054804], [-0.05162809, 0.05821464, -0.09878745], [-0.03621177, 0.03701967, 0.1084415], [0.06683841, 0.1360292, 0.00011176]], "atomic quadrupole moments": [[-0.05697986, -0.01984364, -0.10465396, -0.04699411, 0.06487314, 0.16163382], [-0.20131473, -0.03271616, -0.21810426, -0.131887, 0.17401141, 0.41941899], [0.18753099, 0.06227092, 0.00950945, 0.16117347, -0.09517236, -0.19704045], [0.02606253, -0.07730636, 0.17489259, 0.14990531, -0.01306769, -0.20095512], [0.24790604, 0.08496245, 0.07565218, 0.01801501, 0.0270922, -0.32355823], [0.13397507, -0.0170554, -0.09720674, 0.00188659, -0.0023156, -0.03676832], [-0.00563929, 0.00247895, -0.04623954, -0.01180397, -0.01755074, 0.05187884], [-0.01342027, -0.03505821, 0.02352344, 0.00424881, 0.03040709, -0.01010317], [-0.02988924, -0.02317398, -0.01420548, -0.00434404, 0.01015577, 0.04409472], [0.02413877, 0.03001838, -0.02183623, -0.03088587, -0.01292208, -0.00230254], [-0.0024203, -0.02117728, -0.01648996, 0.02965176, -0.01905214, 0.01891026], [0.00930937, 0.00240625, -0.03032596, -0.02967043, 0.01813283, 0.02101659], [0.00155497, -0.00387281, 0.03455967, 0.00551879, -0.01259655, -0.03611464]], "number of molecular orbitals": 31, "number of electrons": 34, "number of unpaired electrons": 0, "orbital energies/eV": [-18.85986395, -18.48569897, -17.37614195, -17.18726376, -16.29662686, -15.82039923, -15.29420331, -15.05402969, -14.23780379, -13.97083413, -13.69698865, -13.46321732, -13.07817423, -12.8104124, -12.25510683, -10.90979546, -10.64439757, -5.70074914, 0.01761458, 1.7402151, 2.14173115, 2.75859607, 3.38773285, 3.56707463, 4.24778969, 5.84008156, 6.38300515, 7.40466521, 7.86093587, 8.24229371, 17.3170758], "fractional occupation": [2.0, 2.0, 2.0, 2.0, 2.0, 2.0, 2.0, 2.0, 2.0, 2.0, 2.0, 2.0, 2.0, 2.0, 2.0, 2.0, 2.0, 0.0, 0.0, 0.0, 0.0, 0.0, 0.0, 0.0, 0.0, 0.0, 0.0, 0.0, 0.0, 0.0, 0.0], "program call": "xtb /mnt/netapp1/Store_CSIC/home/csic/qoy/jar/test/QDESCP/mol_11_rdkit_conf_1/mol_11_rdkit_conf_1.xyz --pop --wbo --acc 0.2 --gfn 2 --chrg 0 --uhf 0 --etemp 300 --input /mnt/netapp1/Store_CSIC/home/csic/qoy/jar/test/QDESCP/mol_11_rdkit_conf_1/mol_11_rdkit_conf_1_xtb.inp", "method": "GFN2-xTB", "xtb version": "6.4.1 (unknown)", "Dipole module/D": 4.422, "Total charge": 0, "Transition dipole module/D": NaN, "HOMO": -10.6444, "LUMO": -5.7007, "HOMO occupancy": 2.0, "LUMO occupancy": 0, "mulliken charges": "NaN", "cm5 charges": "NaN", "FUKUI+": "NaN", "FUKUI-": "NaN", "FUKUIrad": "NaN", "s proportion": "NaN", "p proportion": "NaN", "d proportion": "NaN", "Fermi-level/eV": -8.1726, "Coordination numbers": "NaN", "Dispersion coefficient C6": "NaN", "Total dispersion C6": 1480.21567, "Total dispersion C8": 32389.007372, "Polarizability alpha": "NaN", "Total polarizability alpha": 57.257636, "Wiberg matrix": [[0.0, 1.71068280942138, 0.0, 0.0, 0.0, 0.19583428428533, 0.0, 0.0, 0.0, 0.0, 0.0, 0.0, 0.0], [1.71068280942138, 0.0, 0.971814374084113, 0.0, 0.0, 1.21843485223842, 0.0, 0.0, 0.0, 0.0, 0.0, 0.0, 0.0], [0.0, 0.971814374084113, 0.0, 1.00597917928154, 0.0, 0.0, 0.955998443697116, 0.967472395598773, 0.0, 0.0, 0.0, 0.0, 0.0], [0.0, 0.0, 1.00597917928154, 0.0, 1.00297775905603, 0.0, 0.0, 0.0, 0.97936951860647, 0.978638902427773, 0.0, 0.0, 0.0], [0.0, 0.0, 0.0, 1.00297775905603, 0.0, 1.0035779309338, 0.0, 0.0, 0.0, 0.0, 0.972786237719998, 0.966496913083272, 0.0], [0.19583428428533, 1.21843485223842, 0.0, 0.0, 1.0035779309338, 0.0, 0.0, 0.0, 0.0, 0.0, 0.0, 0.0, 0.940567499761754], [0.0, 0.0, 0.955998443697116, 0.0, 0.0, 0.0, 0.0, 0.0, 0.0, 0.0, 0.0, 0.0, 0.0], [0.0, 0.0, 0.967472395598773, 0.0, 0.0, 0.0, 0.0, 0.0, 0.0, 0.0, 0.0, 0.0, 0.0], [0.0, 0.0, 0.0, 0.97936951860647, 0.0, 0.0, 0.0, 0.0, 0.0, 0.0, 0.0, 0.0, 0.0], [0.0, 0.0, 0.0, 0.978638902427773, 0.0, 0.0, 0.0, 0.0, 0.0, 0.0, 0.0, 0.0, 0.0], [0.0, 0.0, 0.0, 0.0, 0.972786237719998, 0.0, 0.0, 0.0, 0.0, 0.0, 0.0, 0.0, 0.0], [0.0, 0.0, 0.0, 0.0, 0.966496913083272, 0.0, 0.0, 0.0, 0.0, 0.0, 0.0, 0.0, 0.0], [0.0, 0.0, 0.0, 0.0, 0.0, 0.940567499761754, 0.0, 0.0, 0.0, 0.0, 0.0, 0.0, 0.0]], "Born radii": [], "Atomic SASAs": [], "Solvent H bonds": [], "Total SASA": NaN, "Total FOD": 0.016, "FOD": "NaN", "FOD s proportion": "NaN", "FOD p proportion": "NaN", "FOD d proportion": "NaN", "coordinates": [["2.51560", "0.18750", "0.45950"], ["1.32200", "0.12790", "0.22510"], ["0.43340", "-1.07950", "0.38880"], ["-0.84910", "-0.65580", "-0.32240"], ["-0.85290", "0.85400", "-0.18850"], ["0.53850", "1.18460", "-0.19110"], ["0.26160", "-1.25110", "1.45570"], ["0.88010", "-1.96280", "-0.07320"], ["-0.78710", "-0.93560", "-1.38160"], ["-1.74420", "-1.12360", "0.09670"], ["-1.36230", "1.35670", "-1.01410"], ["-1.28140", "1.17740", "0.76540"], ["0.92580", "2.12000", "-0.22020"]], "DBSTEP_Vbur": "NaN"}