{"total energy": -27.11295261, "HOMO-LUMO gap/eV": 4.7415429, "electronic energy": -27.41554332, "dipole": [-0.2146805, 0.72410798, 0.49103373], "partial charges": "NaN", "atomic dipole moments": [[0.0524206, -0.0372619, -0.09820952], [0.064331, 0.10135167, 0.04984369], [0.11115974, -0.08983336, 0.20735071], [-0.03334512, -0.13525043, -0.17789982], [-0.10068268, 0.1172148, -0.02369134], [0.00630813, 0.12216771, 0.13029707], [0.01089213, 0.0776554, -0.10020137], [-0.1026477, -0.08481642, 0.01695594], [0.07247109, -0.0206827, 0.10410833], [-0.10665458, -0.06349222, 0.01703416], [-0.02943064, 0.12260093, -0.00398178], [0.02051466, -0.12618116, 0.01339496], [-0.08143692, 0.01250289, -0.09347893], [-0.02336669, 0.12058302, -0.01429782], [0.05020761, -0.0305434, -0.1144827], [0.03873762, -0.11946135, 0.01549896], [-0.06326938, 0.02459218, 0.10931346], [-0.03770811, 0.12186288, -0.01179692], [0.06420065, -0.02794151, -0.10812864], [0.08070383, -0.006406, 0.09631279]], "atomic quadrupole moments": [[-0.04459441, -0.04355832, -0.0831193, -0.14591496, 0.10196649, 0.12771371], [0.09513375, 0.11847665, -0.11092875, -0.16157436, 0.05901193, 0.01579499], [0.17662775, 0.02957906, -0.23486237, 0.32001945, -0.11083455, 0.05823461], [0.00963215, -0.02609083, -0.02925183, 0.06844477, -0.0051984, 0.01961969], [0.13696634, 0.16347575, 0.00469047, -0.28962508, -0.27904991, -0.14165681], [0.03309418, 0.11140208, -0.01751881, -0.11581193, -0.08078869, -0.01557537], [0.0901471, 0.12878729, -0.08339064, 0.1396208, -0.01682113, -0.00675646], [0.10702033, 0.1921091, 0.02364126, -0.03697106, -0.03207703, -0.13066159], [0.015262, -0.02304198, -0.04056475, 0.05294461, -0.00928711, 0.02530274], [0.04353654, 0.05979011, -0.01032091, -0.01410554, 0.0044166, -0.03321563], [-0.04747653, -0.0236394, 0.07521543, -0.0041421, -0.01496629, -0.02773889], [-0.02072475, -0.029715, 0.04210415, -0.01503362, -0.01228267, -0.0213794], [0.01499453, -0.01341028, -0.04380127, 0.03683013, -0.01532006, 0.02880674], [-0.0125967, -0.01897251, 0.0531694, 0.01176049, 0.00827494, -0.0405727], [0.00744546, -0.01450479, -0.02355113, -0.01180958, 0.02791039, 0.01610567], [-0.00770039, -0.03287296, 0.04725184, 0.00712003, -0.00085211, -0.03955145], [-0.00662637, -0.01608191, -0.01800154, -0.03563591, 0.0320451, 0.02462791], [-0.00894529, -0.04029226, 0.05857812, -0.0016547, -0.00910832, -0.04963283], [-0.01822289, -0.0055361, -0.02248567, -0.04519192, 0.036069, 0.04070856], [0.00414176, 0.00414734, -0.03929685, 0.05702846, -0.01914383, 0.03515509]], "number of molecular orbitals": 44, "number of electrons": 48, "number of unpaired electrons": 0, "orbital energies/eV": [-20.01737978, -19.29497939, -18.28725661, -17.28540599, -16.96740001, -16.43644392, -16.22543673, -15.78701006, -15.56109888, -15.13207399, -14.94800704, -14.14776104, -13.99893276, -13.83502572, -13.47994588, -13.24978733, -13.08359419, -12.7568045, -12.69912006, -12.24742966, -12.19407248, -12.01819489, -11.86200833, -11.20259387, -6.46105097, 0.05199438, 2.33049674, 2.79181617, 3.27272358, 3.37032873, 3.46072673, 3.85634697, 3.92655775, 4.29807976, 4.62984185, 4.80720298, 5.09406354, 5.49662636, 6.52692453, 6.59939019, 6.87537089, 7.41088015, 7.59772226, 16.14872641], "fractional occupation": [2.0, 2.0, 2.0, 2.0, 2.0, 2.0, 2.0, 2.0, 2.0, 2.0, 2.0, 2.0, 2.0, 2.0, 2.0, 2.0, 2.0, 2.0, 2.0, 2.0, 2.0, 2.0, 2.0, 2.0, 0.0, 0.0, 0.0, 0.0, 0.0, 0.0, 0.0, 0.0, 0.0, 0.0, 0.0, 0.0, 0.0, 0.0, 0.0, 0.0, 0.0, 0.0, 0.0, 0.0], "program call": "xtb /mnt/netapp1/Store_CSIC/home/csic/qoy/jar/test/QDESCP/mol_62_rdkit_conf_2/mol_62_rdkit_conf_2.xyz --pop --wbo --acc 0.2 --gfn 2 --chrg 0 --uhf 0 --etemp 300 --input /mnt/netapp1/Store_CSIC/home/csic/qoy/jar/test/QDESCP/mol_62_rdkit_conf_2/mol_62_rdkit_conf_2_xtb.inp", "method": "GFN2-xTB", "xtb version": "6.4.1 (unknown)", "Dipole module/D": 2.29, "Total charge": 0, "Transition dipole module/D": NaN, "HOMO": -11.2026, "LUMO": -6.4611, "HOMO occupancy": 2.0, "LUMO occupancy": 0, "mulliken charges": "NaN", "cm5 charges": "NaN", "FUKUI+": "NaN", "FUKUI-": "NaN", "FUKUIrad": "NaN", "s proportion": "NaN", "p proportion": "NaN", "d proportion": "NaN", "Fermi-level/eV": -8.8318, "Coordination numbers": "NaN", "Dispersion coefficient C6": "NaN", "Total dispersion C6": 3025.071208, "Total dispersion C8": 64069.300024, "Polarizability alpha": "NaN", "Total polarizability alpha": 81.402074, "Wiberg matrix": [[0.0, 1.0206634218959, 0.0, 0.0, 0.0, 0.0, 0.0, 0.0, 0.987160904010889, 0.986917067144029, 0.987183662750557, 0.0, 0.0, 0.0, 0.0, 0.0, 0.0, 0.0, 0.0, 0.0], [1.0206634218959, 0.0, 1.00005906499421, 0.0, 0.0, 0.0, 0.0, 0.0, 0.0, 0.0, 0.0, 0.975298354773483, 0.974788644812618, 0.0, 0.0, 0.0, 0.0, 0.0, 0.0, 0.0], [0.0, 1.00005906499421, 0.0, 0.943789693023123, 0.0, 0.0, 0.0, 0.0, 0.0, 0.0, 0.0, 0.0, 0.0, 0.970522649347894, 0.968980697017445, 0.0, 0.0, 0.0, 0.0, 0.0], [0.0, 0.0, 0.943789693023123, 0.0, 1.12576379671912, 0.173148982760141, 0.0, 0.0, 0.0, 0.0, 0.0, 0.0, 0.0, 0.0, 0.0, 0.0, 0.0, 0.0, 0.0, 0.0], [0.0, 0.0, 0.0, 1.12576379671912, 0.0, 1.7571362555087, 0.976000373883112, 0.0, 0.0, 0.0, 0.0, 0.0, 0.0, 0.0, 0.0, 0.0, 0.0, 0.0, 0.0, 0.0], [0.0, 0.0, 0.0, 0.173148982760141, 1.7571362555087, 0.0, 0.0, 0.0, 0.0, 0.0, 0.0, 0.0, 0.0, 0.0, 0.0, 0.0, 0.0, 0.0, 0.0, 0.0], [0.0, 0.0, 0.0, 0.0, 0.976000373883112, 0.0, 0.0, 0.999693028735665, 0.0, 0.0, 0.0, 0.0, 0.0, 0.0, 0.0, 0.971608255404339, 0.964961258680252, 0.0, 0.0, 0.0], [0.0, 0.0, 0.0, 0.0, 0.0, 0.0, 0.999693028735665, 0.0, 0.0, 0.0, 0.0, 0.0, 0.0, 0.0, 0.0, 0.0, 0.0, 0.986429654238565, 0.986683714763326, 0.983705867285977], [0.987160904010889, 0.0, 0.0, 0.0, 0.0, 0.0, 0.0, 0.0, 0.0, 0.0, 0.0, 0.0, 0.0, 0.0, 0.0, 0.0, 0.0, 0.0, 0.0, 0.0], [0.986917067144029, 0.0, 0.0, 0.0, 0.0, 0.0, 0.0, 0.0, 0.0, 0.0, 0.0, 0.0, 0.0, 0.0, 0.0, 0.0, 0.0, 0.0, 0.0, 0.0], [0.987183662750557, 0.0, 0.0, 0.0, 0.0, 0.0, 0.0, 0.0, 0.0, 0.0, 0.0, 0.0, 0.0, 0.0, 0.0, 0.0, 0.0, 0.0, 0.0, 0.0], [0.0, 0.975298354773483, 0.0, 0.0, 0.0, 0.0, 0.0, 0.0, 0.0, 0.0, 0.0, 0.0, 0.0, 0.0, 0.0, 0.0, 0.0, 0.0, 0.0, 0.0], [0.0, 0.974788644812618, 0.0, 0.0, 0.0, 0.0, 0.0, 0.0, 0.0, 0.0, 0.0, 0.0, 0.0, 0.0, 0.0, 0.0, 0.0, 0.0, 0.0, 0.0], [0.0, 0.0, 0.970522649347894, 0.0, 0.0, 0.0, 0.0, 0.0, 0.0, 0.0, 0.0, 0.0, 0.0, 0.0, 0.0, 0.0, 0.0, 0.0, 0.0, 0.0], [0.0, 0.0, 0.968980697017445, 0.0, 0.0, 0.0, 0.0, 0.0, 0.0, 0.0, 0.0, 0.0, 0.0, 0.0, 0.0, 0.0, 0.0, 0.0, 0.0, 0.0], [0.0, 0.0, 0.0, 0.0, 0.0, 0.0, 0.971608255404339, 0.0, 0.0, 0.0, 0.0, 0.0, 0.0, 0.0, 0.0, 0.0, 0.0, 0.0, 0.0, 0.0], [0.0, 0.0, 0.0, 0.0, 0.0, 0.0, 0.964961258680252, 0.0, 0.0, 0.0, 0.0, 0.0, 0.0, 0.0, 0.0, 0.0, 0.0, 0.0, 0.0, 0.0], [0.0, 0.0, 0.0, 0.0, 0.0, 0.0, 0.0, 0.986429654238565, 0.0, 0.0, 0.0, 0.0, 0.0, 0.0, 0.0, 0.0, 0.0, 0.0, 0.0, 0.0], [0.0, 0.0, 0.0, 0.0, 0.0, 0.0, 0.0, 0.986683714763326, 0.0, 0.0, 0.0, 0.0, 0.0, 0.0, 0.0, 0.0, 0.0, 0.0, 0.0, 0.0], [0.0, 0.0, 0.0, 0.0, 0.0, 0.0, 0.0, 0.983705867285977, 0.0, 0.0, 0.0, 0.0, 0.0, 0.0, 0.0, 0.0, 0.0, 0.0, 0.0, 0.0]], "Born radii": [], "Atomic SASAs": [], "Solvent H bonds": [], "Total SASA": NaN, "Total FOD": 0.0206, "FOD": "NaN", "FOD s proportion": "NaN", "FOD p proportion": "NaN", "FOD d proportion": "NaN", "coordinates": [["-2.76980", "0.30110", "0.42880"], ["-2.09010", "-0.15750", "-0.85340"], ["-0.80590", "0.61660", "-1.13910"], ["0.14300", "0.45950", "-0.07340"], ["0.93420", "-0.64610", "-0.14270"], ["0.89830", "-1.49380", "-1.02360"], ["1.88510", "-0.68160", "1.02440"], ["3.05300", "0.25750", "0.80090"], ["-2.13170", "0.12900", "1.30130"], ["-3.70210", "-0.25210", "0.58000"], ["-3.01170", "1.36770", "0.38380"], ["-1.87080", "-1.22740", "-0.76460"], ["-2.78140", "-0.03170", "-1.69400"], ["-1.02320", "1.68740", "-1.21830"], ["-0.36950", "0.31230", "-2.09790"], ["2.24130", "-1.71070", "1.14490"], ["1.34070", "-0.42710", "1.94030"], ["2.71390", "1.29450", "0.70800"], ["3.59210", "0.00120", "-0.11720"], ["3.75460", "0.20100", "1.63870"]], "DBSTEP_Vbur": "NaN"}