{"total energy": -27.11353968, "HOMO-LUMO gap/eV": 4.86816781, "electronic energy": -27.41562543, "dipole": [-0.10377908, 0.23798199, 0.76639763], "partial charges": "NaN", "atomic dipole moments": [[0.11358899, 0.00887794, 0.02818155], [-0.04726519, -0.12568442, 0.0232393], [0.22551525, 0.10552316, 0.02104911], [-0.08299561, -0.04784323, -0.20258055], [-0.12790587, 0.00515387, 0.09250802], [0.04047523, 0.03834357, 0.16855369], [-0.03891372, -0.02199966, -0.09114578], [-0.09444912, 0.01198034, 0.09944409], [-0.06769339, -0.03516153, 0.1001941], [-0.04680644, 0.10988665, -0.04041122], [-0.01830711, -0.08548992, -0.09255804], [0.06158075, 0.04730014, -0.10086548], [0.01501201, 0.09168435, 0.08321734], [-0.05876835, -0.0397318, 0.10047443], [-0.01406626, -0.09949529, -0.08285821], [0.00972982, 0.12336328, 0.04703417], [0.0286126, -0.09187491, 0.09102232], [0.1132589, 0.01964843, 0.04744512], [-0.01822722, 0.08488817, -0.09583166], [-0.00042699, -0.11728308, -0.05468963]], "atomic quadrupole moments": [[0.22982802, 0.03336775, -0.11841971, 0.08229884, 0.00173778, -0.11140831], [0.14954907, -0.09112409, 0.04257648, 0.12569827, -0.09880212, -0.19212555], [0.42928203, 0.00979265, -0.14282119, 0.17579295, -0.06984109, -0.28646084], [0.08924012, 0.01288424, -0.06600355, 0.01744481, 0.0073647, -0.02323657], [-0.18848138, -0.08166695, 0.44009562, -0.15109615, -0.16046225, -0.25161424], [-0.11086683, -0.02585648, 0.19665528, 0.00220347, -0.0603545, -0.08578845], [0.20895541, 0.03008256, -0.2493139, -0.05432174, 0.0572701, 0.04035849], [0.07985146, -0.01960941, -0.14401789, -0.19404446, 0.02591106, 0.06416643], [-0.00851663, 0.02069013, -0.0412001, -0.0392678, -0.03113423, 0.04971673], [-0.01807197, -0.02879996, 0.05858456, 0.01648151, -0.03677253, -0.04051258], [-0.02680979, 0.00354579, 0.01122148, 0.00126744, 0.0654303, 0.01558831], [-0.00158877, 0.00066265, -0.03269057, -0.03439777, -0.01323981, 0.03427934], [-0.02711561, -0.00305296, 0.00020316, 0.00786679, 0.04309593, 0.02691246], [-0.00311138, 9.988e-05, -0.03202687, -0.03292626, -0.01963478, 0.03513825], [-0.00717831, -0.00849149, -0.00741442, 0.00352339, 0.03337212, 0.01459273], [-0.01764117, 0.00763285, 0.04032752, -0.02219759, 0.03960641, -0.02268635], [-0.01245933, -0.02000018, -0.0038865, -0.0078281, -0.05156367, 0.01634582], [0.05887636, 0.01916436, -0.05165376, 0.04442653, 0.01388545, -0.0072226], [-0.02986127, -0.02770484, 0.0157491, 0.00884644, -0.05542084, 0.01411217], [-0.03755233, 0.01443249, 0.06273029, -0.00859763, 0.03602149, -0.02517796]], "number of molecular orbitals": 44, "number of electrons": 48, "number of unpaired electrons": 0, "orbital energies/eV": [-20.01159518, -19.2793142, -18.25981695, -17.27499231, -17.00466267, -16.29830449, -15.99607039, -15.93817889, -15.34895333, -15.22885889, -15.01933737, -14.16385749, -14.07427106, -13.66714459, -13.52666369, -13.09347409, -12.83099659, -12.72210548, -12.59744083, -12.49483996, -12.16947224, -11.88934829, -11.82299516, -11.26086198, -6.39269416, -0.15854962, 2.4937019, 2.8324655, 3.27328455, 3.34587342, 3.79395712, 3.82970902, 4.01190692, 4.13373785, 4.49721576, 4.72614247, 5.13444926, 5.71162578, 6.38061524, 6.72812824, 6.855033, 7.28372559, 7.76821495, 16.26996911], "fractional occupation": [2.0, 2.0, 2.0, 2.0, 2.0, 2.0, 2.0, 2.0, 2.0, 2.0, 2.0, 2.0, 2.0, 2.0, 2.0, 2.0, 2.0, 2.0, 2.0, 2.0, 2.0, 2.0, 2.0, 2.0, 0.0, 0.0, 0.0, 0.0, 0.0, 0.0, 0.0, 0.0, 0.0, 0.0, 0.0, 0.0, 0.0, 0.0, 0.0, 0.0, 0.0, 0.0, 0.0, 0.0], "program call": "xtb /mnt/netapp1/Store_CSIC/home/csic/qoy/jar/test/QDESCP/mol_62_rdkit_conf_1/mol_62_rdkit_conf_1.xyz --pop --wbo --acc 0.2 --gfn 2 --chrg 0 --uhf 0 --etemp 300 --input /mnt/netapp1/Store_CSIC/home/csic/qoy/jar/test/QDESCP/mol_62_rdkit_conf_1/mol_62_rdkit_conf_1_xtb.inp", "method": "GFN2-xTB", "xtb version": "6.4.1 (unknown)", "Dipole module/D": 2.057, "Total charge": 0, "Transition dipole module/D": NaN, "HOMO": -11.2609, "LUMO": -6.3927, "HOMO occupancy": 2.0, "LUMO occupancy": 0, "mulliken charges": "NaN", "cm5 charges": "NaN", "FUKUI+": "NaN", "FUKUI-": "NaN", "FUKUIrad": "NaN", "s proportion": "NaN", "p proportion": "NaN", "d proportion": "NaN", "Fermi-level/eV": -8.8268, "Coordination numbers": "NaN", "Dispersion coefficient C6": "NaN", "Total dispersion C6": 3020.225938, "Total dispersion C8": 64025.935563, "Polarizability alpha": "NaN", "Total polarizability alpha": 81.32683, "Wiberg matrix": [[0.0, 1.01956447568371, 0.0, 0.0, 0.0, 0.0, 0.0, 0.0, 0.987198215265063, 0.986201944879273, 0.986871585208015, 0.0, 0.0, 0.0, 0.0, 0.0, 0.0, 0.0, 0.0, 0.0], [1.01956447568371, 0.0, 1.00010234660244, 0.0, 0.0, 0.0, 0.0, 0.0, 0.0, 0.0, 0.0, 0.975323150370422, 0.976411308230602, 0.0, 0.0, 0.0, 0.0, 0.0, 0.0, 0.0], [0.0, 1.00010234660244, 0.0, 0.941670698079273, 0.0, 0.0, 0.0, 0.0, 0.0, 0.0, 0.0, 0.0, 0.0, 0.970957915869632, 0.968518281865523, 0.0, 0.0, 0.0, 0.0, 0.0], [0.0, 0.0, 0.941670698079273, 0.0, 1.11502120582549, 0.170188618209859, 0.0, 0.0, 0.0, 0.0, 0.0, 0.0, 0.0, 0.0, 0.0, 0.0, 0.0, 0.0, 0.0, 0.0], [0.0, 0.0, 0.0, 1.11502120582549, 0.0, 1.76203285462131, 0.977940049537931, 0.0, 0.0, 0.0, 0.0, 0.0, 0.0, 0.0, 0.0, 0.0, 0.0, 0.0, 0.0, 0.0], [0.0, 0.0, 0.0, 0.170188618209859, 1.76203285462131, 0.0, 0.0, 0.0, 0.0, 0.0, 0.0, 0.0, 0.0, 0.0, 0.0, 0.0, 0.0, 0.0, 0.0, 0.0], [0.0, 0.0, 0.0, 0.0, 0.977940049537931, 0.0, 0.0, 1.02049243709448, 0.0, 0.0, 0.0, 0.0, 0.0, 0.0, 0.0, 0.954460215727895, 0.954535011828559, 0.0, 0.0, 0.0], [0.0, 0.0, 0.0, 0.0, 0.0, 0.0, 1.02049243709448, 0.0, 0.0, 0.0, 0.0, 0.0, 0.0, 0.0, 0.0, 0.0, 0.0, 0.986814167552388, 0.986423807248952, 0.986408421533669], [0.987198215265063, 0.0, 0.0, 0.0, 0.0, 0.0, 0.0, 0.0, 0.0, 0.0, 0.0, 0.0, 0.0, 0.0, 0.0, 0.0, 0.0, 0.0, 0.0, 0.0], [0.986201944879273, 0.0, 0.0, 0.0, 0.0, 0.0, 0.0, 0.0, 0.0, 0.0, 0.0, 0.0, 0.0, 0.0, 0.0, 0.0, 0.0, 0.0, 0.0, 0.0], [0.986871585208015, 0.0, 0.0, 0.0, 0.0, 0.0, 0.0, 0.0, 0.0, 0.0, 0.0, 0.0, 0.0, 0.0, 0.0, 0.0, 0.0, 0.0, 0.0, 0.0], [0.0, 0.975323150370422, 0.0, 0.0, 0.0, 0.0, 0.0, 0.0, 0.0, 0.0, 0.0, 0.0, 0.0, 0.0, 0.0, 0.0, 0.0, 0.0, 0.0, 0.0], [0.0, 0.976411308230602, 0.0, 0.0, 0.0, 0.0, 0.0, 0.0, 0.0, 0.0, 0.0, 0.0, 0.0, 0.0, 0.0, 0.0, 0.0, 0.0, 0.0, 0.0], [0.0, 0.0, 0.970957915869632, 0.0, 0.0, 0.0, 0.0, 0.0, 0.0, 0.0, 0.0, 0.0, 0.0, 0.0, 0.0, 0.0, 0.0, 0.0, 0.0, 0.0], [0.0, 0.0, 0.968518281865523, 0.0, 0.0, 0.0, 0.0, 0.0, 0.0, 0.0, 0.0, 0.0, 0.0, 0.0, 0.0, 0.0, 0.0, 0.0, 0.0, 0.0], [0.0, 0.0, 0.0, 0.0, 0.0, 0.0, 0.954460215727895, 0.0, 0.0, 0.0, 0.0, 0.0, 0.0, 0.0, 0.0, 0.0, 0.0, 0.0, 0.0, 0.0], [0.0, 0.0, 0.0, 0.0, 0.0, 0.0, 0.954535011828559, 0.0, 0.0, 0.0, 0.0, 0.0, 0.0, 0.0, 0.0, 0.0, 0.0, 0.0, 0.0, 0.0], [0.0, 0.0, 0.0, 0.0, 0.0, 0.0, 0.0, 0.986814167552388, 0.0, 0.0, 0.0, 0.0, 0.0, 0.0, 0.0, 0.0, 0.0, 0.0, 0.0, 0.0], [0.0, 0.0, 0.0, 0.0, 0.0, 0.0, 0.0, 0.986423807248952, 0.0, 0.0, 0.0, 0.0, 0.0, 0.0, 0.0, 0.0, 0.0, 0.0, 0.0, 0.0], [0.0, 0.0, 0.0, 0.0, 0.0, 0.0, 0.0, 0.986408421533669, 0.0, 0.0, 0.0, 0.0, 0.0, 0.0, 0.0, 0.0, 0.0, 0.0, 0.0, 0.0]], "Born radii": [], "Atomic SASAs": [], "Solvent H bonds": [], "Total SASA": NaN, "Total FOD": 0.0187, "FOD": "NaN", "FOD s proportion": "NaN", "FOD p proportion": "NaN", "FOD d proportion": "NaN", "coordinates": [["-3.34820", "0.64160", "-0.27420"], ["-1.87670", "0.79440", "0.06670"], ["-1.27310", "-0.51460", "0.56340"], ["0.10280", "-0.31580", "0.92460"], ["1.00690", "-0.44580", "-0.08820"], ["0.73270", "-0.70650", "-1.25050"], ["2.39720", "-0.21320", "0.45340"], ["3.45830", "-0.33990", "-0.62550"], ["-3.92360", "0.32750", "0.60250"], ["-3.75730", "1.59410", "-0.62540"], ["-3.49220", "-0.10200", "-1.06460"], ["-1.32990", "1.14960", "-0.81440"], ["-1.75010", "1.56960", "0.83190"], ["-1.79220", "-0.84740", "1.46890"], ["-1.37500", "-1.31800", "-0.17600"], ["2.43720", "0.79250", "0.88500"], ["2.59030", "-0.94970", "1.24040"], ["4.45320", "-0.16640", "-0.20400"], ["3.29370", "0.38870", "-1.42630"], ["3.44580", "-1.33880", "-1.07410"]], "DBSTEP_Vbur": "NaN"}