code_name,reaction,C#C_C1_partial charges,C#C_C1_mulliken charges,C#C_C1_cm5 charges,C#C_C1_FUKUI+,C#C_C1_FUKUI-,C#C_C1_FUKUIrad,C#C_C1_s proportion,C#C_C1_p proportion,C#C_C1_d proportion,C#C_C1_Coordination numbers,C#C_C1_Dispersion coefficient C6,C#C_C1_Polarizability alpha,C#C_C1_FOD,C#C_C1_FOD s proportion,C#C_C1_FOD p proportion,C#C_C1_FOD d proportion,C#C_C2_partial charges,C#C_C2_mulliken charges,C#C_C2_cm5 charges,C#C_C2_FUKUI+,C#C_C2_FUKUI-,C#C_C2_FUKUIrad,C#C_C2_s proportion,C#C_C2_p proportion,C#C_C2_d proportion,C#C_C2_Coordination numbers,C#C_C2_Dispersion coefficient C6,C#C_C2_Polarizability alpha,C#C_C2_FOD,C#C_C2_FOD s proportion,C#C_C2_FOD p proportion,C#C_C2_FOD d proportion,C#C_max_partial charges,C#C_min_partial charges,C#C_max_mulliken charges,C#C_min_mulliken charges,C#C_max_cm5 charges,C#C_min_cm5 charges,C#C_max_FUKUI+,C#C_min_FUKUI+,C#C_max_FUKUI-,C#C_min_FUKUI-,C#C_max_FUKUIrad,C#C_min_FUKUIrad,C#C_max_s proportion,C#C_min_s proportion,C#C_max_p proportion,C#C_min_p proportion,C#C_max_d proportion,C#C_min_d proportion,C#C_max_Coordination numbers,C#C_min_Coordination numbers,C#C_max_Dispersion coefficient C6,C#C_min_Dispersion coefficient C6,C#C_max_Polarizability alpha,C#C_min_Polarizability alpha,C#C_max_FOD,C#C_min_FOD,C#C_max_FOD s proportion,C#C_min_FOD s proportion,C#C_max_FOD p proportion,C#C_min_FOD p proportion,C#C_max_FOD d proportion,C#C_min_FOD d proportion,total energy,HOMO-LUMO gap/eV,electronic energy,Dipole module/D,Total charge,HOMO,LUMO,Fermi-level/eV,Total dispersion C6,Total dispersion C8,Total polarizability alpha,Total FOD,MaxAbsEStateIndex,MaxEStateIndex,MinAbsEStateIndex,MinEStateIndex,qed,MolWt,HeavyAtomMolWt,ExactMolWt,NumValenceElectrons,NumRadicalElectrons,MaxPartialCharge,MinPartialCharge,MaxAbsPartialCharge,MinAbsPartialCharge,FpDensityMorgan1,FpDensityMorgan2,FpDensityMorgan3,BCUT2D_MWHI,BCUT2D_MWLOW,BCUT2D_CHGHI,BCUT2D_CHGLO,BCUT2D_LOGPHI,BCUT2D_LOGPLOW,BCUT2D_MRHI,BCUT2D_MRLOW,AvgIpc,BalabanJ,BertzCT,Chi0,Chi0n,Chi0v,Chi1,Chi1n,Chi1v,Chi2n,Chi2v,Chi3n,Chi3v,Chi4n,Chi4v,HallKierAlpha,Ipc,Kappa1,Kappa2,Kappa3,LabuteASA,PEOE_VSA1,PEOE_VSA10,PEOE_VSA11,PEOE_VSA12,PEOE_VSA13,PEOE_VSA14,PEOE_VSA2,PEOE_VSA3,PEOE_VSA4,PEOE_VSA5,PEOE_VSA6,PEOE_VSA7,PEOE_VSA8,PEOE_VSA9,SMR_VSA1,SMR_VSA10,SMR_VSA2,SMR_VSA3,SMR_VSA4,SMR_VSA5,SMR_VSA6,SMR_VSA7,SMR_VSA8,SMR_VSA9,SlogP_VSA1,SlogP_VSA10,SlogP_VSA11,SlogP_VSA12,SlogP_VSA2,SlogP_VSA3,SlogP_VSA4,SlogP_VSA5,SlogP_VSA6,SlogP_VSA7,SlogP_VSA8,SlogP_VSA9,TPSA,EState_VSA1,EState_VSA10,EState_VSA11,EState_VSA2,EState_VSA3,EState_VSA4,EState_VSA5,EState_VSA6,EState_VSA7,EState_VSA8,EState_VSA9,VSA_EState1,VSA_EState10,VSA_EState2,VSA_EState3,VSA_EState4,VSA_EState5,VSA_EState6,VSA_EState7,VSA_EState8,VSA_EState9,FractionCSP3,HeavyAtomCount,NHOHCount,NOCount,NumAliphaticCarbocycles,NumAliphaticHeterocycles,NumAliphaticRings,NumAromaticCarbocycles,NumAromaticHeterocycles,NumAromaticRings,NumHAcceptors,NumHDonors,NumHeteroatoms,NumRotatableBonds,NumSaturatedCarbocycles,NumSaturatedHeterocycles,NumSaturatedRings,RingCount,MolLogP,MolMR,fr_Al_COO,fr_Al_OH,fr_Al_OH_noTert,fr_ArN,fr_Ar_COO,fr_Ar_N,fr_Ar_NH,fr_Ar_OH,fr_COO,fr_COO2,fr_C_O,fr_C_O_noCOO,fr_C_S,fr_HOCCN,fr_Imine,fr_NH0,fr_NH1,fr_NH2,fr_N_O,fr_Ndealkylation1,fr_Ndealkylation2,fr_Nhpyrrole,fr_SH,fr_aldehyde,fr_alkyl_carbamate,fr_alkyl_halide,fr_allylic_oxid,fr_amide,fr_amidine,fr_aniline,fr_aryl_methyl,fr_azide,fr_azo,fr_barbitur,fr_benzene,fr_benzodiazepine,fr_bicyclic,fr_diazo,fr_dihydropyridine,fr_epoxide,fr_ester,fr_ether,fr_furan,fr_guanido,fr_halogen,fr_hdrzine,fr_hdrzone,fr_imidazole,fr_imide,fr_isocyan,fr_isothiocyan,fr_ketone,fr_ketone_Topliss,fr_lactam,fr_lactone,fr_methoxy,fr_morpholine,fr_nitrile,fr_nitro,fr_nitro_arom,fr_nitro_arom_nonortho,fr_nitroso,fr_oxazole,fr_oxime,fr_para_hydroxylation,fr_phenol,fr_phenol_noOrthoHbond,fr_phos_acid,fr_phos_ester,fr_piperdine,fr_piperzine,fr_priamide,fr_prisulfonamd,fr_pyridine,fr_quatN,fr_sulfide,fr_sulfonamd,fr_sulfone,fr_term_acetylene,fr_tetrazole,fr_thiazole,fr_thiocyan,fr_thiophene,fr_unbrch_alkane,fr_urea
a,1,-0.04303809,-0.04735,-0.04961,-0.064,-0.074,-0.069,1.101,2.946,0.0,1.981,32.209,9.165,0.0136,0.0,0.014,0.0,-0.04303049,-0.04733,-0.04959,-0.064,-0.074,-0.069,1.101,2.946,0.0,1.981,32.209,9.165,0.0136,0.0,0.014,0.0,-0.04303049,-0.04303809,-0.04733,-0.04735,-0.04959,-0.04961,-0.064,-0.064,-0.074,-0.074,-0.069,-0.069,1.101,1.101,2.946,2.946,0.0,0.0,1.981,1.981,32.209,32.209,9.165,9.165,0.0136,0.0136,0.0,0.0,0.014,0.014,0.0,0.0,-35.00809909,3.85941465,-35.75988639,0.003,0.0,-10.4346,-6.5752,-8.5049,8358.263319,212656.683195,148.451311,0.1215,7.754290018476527,7.754290018476527,0.298322940287225,-0.557074958337584,0.543699543025523,178.2340000000001,168.15399999999997,178.07825032,66.0,0.0,0.06358618276373,-0.062181501935725,0.06358618276373,0.062181501935725,0.642857142857142,1.0,1.357142857142857,11.047148985544773,-0.093520603786734,0.5051219816915731,-2.16765591879557,0.55334111074783,-2.012052842848572,2.662061042926924,-0.434451960911886,2.5673949512322523,2.741962038724272,788.3535712669637,18.342416792648606,17.0,7.0,11.089999272823986,8.75,3.75,2.25,2.25,1.3125,1.3125,0.75,0.75,-1.9999999999999991,146084.77272511518,2.744801512287334,4.296875,2.24376731301939,98.26731194789156,0.0,0.0,0.0,0.0,0.0,0.0,0.0,0.0,0.0,0.0,48.09538088369106,24.16967483065318,11.126902983393991,13.7075855617022,13.7075855617022,0.0,0.0,0.0,0.0,0.0,0.0,71.55109006002695,0.0,11.840868637711289,0.0,0.0,0.0,0.0,0.0,0.0,11.840868637711289,24.83448854509619,60.42418707663295,0.0,0.0,0.0,0.0,60.42418707663295,0.0,0.0,11.126902983393991,0.0,0.0,0.0,0.0,0.0,11.840868637711289,13.7075855617022,76.28884442410777,0.0,0.0,0.0,-0.596645880574451,4.691477702191988,-5.383676245725307,0.0,0.0,0.0,0.0,14.0,0.0,0.0,0.0,0.0,0.0,2.0,0.0,2.0,0.0,0.0,0.0,0.0,0.0,0.0,0.0,2.0,3.086400000000001,58.86400000000003,0.0,0.0,0.0,0.0,0.0,0.0,0.0,0.0,0.0,0.0,0.0,0.0,0.0,0.0,0.0,0.0,0.0,0.0,0.0,0.0,0.0,0.0,0.0,0.0,0.0,0.0,0.0,0.0,0.0,0.0,0.0,0.0,0.0,0.0,2.0,0.0,0.0,0.0,0.0,0.0,0.0,0.0,0.0,0.0,0.0,0.0,0.0,0.0,0.0,0.0,0.0,0.0,0.0,0.0,0.0,0.0,0.0,0.0,0.0,0.0,0.0,0.0,0.0,0.0,0.0,0.0,0.0,0.0,0.0,0.0,0.0,0.0,0.0,0.0,0.0,0.0,0.0,0.0,0.0,0.0,0.0,0.0,0.0,0.0,0.0
b,1,-0.0437520029255,-0.048134841222706,-0.050404841222706,-0.039625491286404,-0.051944662793957,-0.045416994190936,1.099527668603021,2.948208497095468,0.0,1.982,32.227710462241085,9.167680828492449,0.016682113665317,0.0,0.016208497095468,0.0,-0.043892794281802,-0.048277479565721,-0.050537479565721,-0.052944662793957,-0.060472331396978,-0.057208497095468,1.10026383430151,2.947944662793957,0.0,1.981736165698489,32.23271046224109,9.168416994190936,0.019582113665317,0.0,0.019208497095468,0.0,-0.0437520029255,-0.043892794281802,-0.048134841222706,-0.048277479565721,-0.050404841222706,-0.050537479565721,-0.039625491286404,-0.052944662793957,-0.051944662793957,-0.060472331396978,-0.045416994190936,-0.057208497095468,1.10026383430151,1.099527668603021,2.948208497095468,2.947944662793957,0.0,0.0,1.982,1.981736165698489,32.23271046224109,32.227710462241085,9.168416994190936,9.167680828492449,0.019582113665317,0.016682113665317,0.0,0.0,0.019208497095468,0.016208497095468,0.0,0.0,-44.60839454149864,2.831873297039848,-45.54998213492132,0.035723313969787,0.0,-10.09687286182448,-7.264938885589476,-8.680919065422053,13441.751628265516,344470.1813032321,188.41980266966388,0.245525385200904,8.32188261106912,8.32188261106912,0.270961934156378,-0.594760061967854,0.5047688866292961,228.29400000000007,216.19799999999995,228.093900384,84.0,0.0,0.064243893146363,-0.062181501935725,0.064243893146363,0.062181501935725,0.611111111111111,1.277777777777777,2.111111111111111,11.131418325081096,-0.093502713059497,0.5320008469206501,-2.214475108635544,0.58528096274356,-2.025161436623051,2.880028156278208,-0.434301299052149,2.716912803881139,2.402214099959657,1284.6827659158562,22.65181786940711,21.0,9.0,13.911366477869905,11.0,5.0,3.25,3.25,2.0625,2.0625,1.28125,1.28125,-2.519999999999999,2914948.5781560354,3.73467764176527,4.77256839704094,2.25989955979912,123.7589174799624,0.0,0.0,0.0,0.0,0.0,0.0,0.0,0.0,0.0,0.0,60.180218299017646,34.94212325958277,11.126902983393991,16.44910267404264,16.44910267404264,10.772448428929591,0.0,0.0,0.0,0.0,0.0,83.63592747535355,0.0,11.840868637711289,0.0,0.0,0.0,0.0,0.0,0.0,11.840868637711289,27.576005657436628,72.50902449195954,0.0,10.772448428929591,0.0,0.0,72.50902449195954,0.0,0.0,21.899351412323583,0.0,0.0,0.0,0.0,0.0,11.840868637711289,16.44910267404264,94.87385182148284,0.0,0.0,-0.5447035591606291,-0.689135592508607,4.777648652053415,-6.750994655200345,0.0,0.0,0.0,0.0,18.0,0.0,0.0,0.0,0.0,0.0,3.0,0.0,3.0,0.0,0.0,0.0,0.0,0.0,0.0,0.0,3.0,4.239600000000003,76.37000000000003,0.0,0.0,0.0,0.0,0.0,0.0,0.0,0.0,0.0,0.0,0.0,0.0,0.0,0.0,0.0,0.0,0.0,0.0,0.0,0.0,0.0,0.0,0.0,0.0,0.0,0.0,0.0,0.0,0.0,0.0,0.0,0.0,0.0,0.0,3.0,0.0,1.0,0.0,0.0,0.0,0.0,0.0,0.0,0.0,0.0,0.0,0.0,0.0,0.0,0.0,0.0,0.0,0.0,0.0,0.0,0.0,0.0,0.0,0.0,0.0,0.0,0.0,0.0,0.0,0.0,0.0,0.0,0.0,0.0,0.0,0.0,0.0,0.0,0.0,0.0,0.0,0.0,0.0,0.0,0.0,0.0,0.0,0.0,0.0,0.0
c,1,-0.04328641,-0.04641,-0.04864,-0.052,-0.047,-0.05,1.102,2.944,0.0,1.981,32.216,9.166,0.0137,0.0,0.014,0.0,-0.04546422,-0.04861,-0.05086,-0.061,-0.055,-0.058,1.101,2.947,0.0,1.981,32.276,9.175,0.0149,0.0,0.015,0.0,-0.04328641,-0.04546422,-0.04641,-0.04861,-0.04864,-0.05086,-0.052,-0.061,-0.047,-0.055,-0.05,-0.058,1.102,1.101,2.947,2.944,0.0,0.0,1.981,1.981,32.276,32.216,9.175,9.166,0.0149,0.0137,0.0,0.0,0.015,0.014,0.0,0.0,-47.23348303,3.61588073,-48.16696725,0.677,0.0,-10.2567,-6.6408000000000005,-8.4488,16719.098815,449487.730722,209.933139,0.1664,8.300447478374068,8.300447478374068,0.515616535966237,-5.870793473187577,0.535385537856616,250.4170000000001,232.273,250.117777106,90.0,0.0,0.077544778716651,-0.065629533745558,0.077544778716651,0.065629533745558,0.833333333333333,1.388888888888888,1.944444444444444,2.9915043350488413e-15,-0.244322203247328,-9.98282605504264e-17,-2.6141753836337323,-2.244607614677761e-16,-2.696660377712657,1.2834356996492513e-15,-0.9399941007589352,2.710384260715679,3.028030906497874,1192.8211277967423,28.342416792648606,27.0,10.0,16.051324138229173,13.75,6.75,3.25,5.25,1.8125,2.8125,1.0,1.5,-1.783116883116882,14690282.693078984,3.027728746031571,5.244426452496441,3.352630681746828,135.982889537801,0.0,0.0,0.0,0.0,0.0,0.0,0.0,0.0,0.0,0.0,66.66518663557363,24.16967483065318,23.46372998892597,20.41069930606509,24.67365401106396,13.260597946220576,0.0,0.0,0.0,19.42549881385843,0.0,65.50867135236365,0.0,11.840868637711289,5.186725645687458,0.0,0.0,0.0,8.073872300533118,0.0,11.840868637711289,35.80055699445796,54.38176836896965,19.42549881385843,0.0,0.0,0.0,98.19476811244267,0.0,0.0,0.0,0.0,0.0,0.0,0.0,0.0,11.840868637711289,24.67365401106396,142.35439374687925,0.0,0.0,-1.216797180559806,-1.219239929768202,4.40472903281683,-7.9497366731404675,0.0,-11.058111078595552,-5.870793473187577,0.176470588235294,18.0,0.0,0.0,0.0,0.0,0.0,2.0,0.0,2.0,0.0,0.0,1.0,4.0,0.0,0.0,0.0,2.0,3.631600000000002,81.84400000000004,0.0,0.0,0.0,0.0,0.0,0.0,0.0,0.0,0.0,0.0,0.0,0.0,0.0,0.0,0.0,0.0,0.0,0.0,0.0,0.0,0.0,0.0,0.0,0.0,0.0,0.0,0.0,0.0,0.0,0.0,0.0,0.0,0.0,0.0,2.0,0.0,0.0,0.0,0.0,0.0,0.0,0.0,0.0,0.0,0.0,0.0,0.0,0.0,0.0,0.0,0.0,0.0,0.0,0.0,0.0,0.0,0.0,0.0,0.0,0.0,0.0,0.0,0.0,0.0,0.0,0.0,0.0,0.0,0.0,0.0,0.0,0.0,0.0,0.0,0.0,0.0,0.0,0.0,0.0,0.0,0.0,0.0,0.0,0.0,0.0
d,1,-0.03921743,-0.04512,-0.04776,-0.065,-0.051,-0.058,1.103,2.942,0.0,1.982,32.104,9.15,0.0135,0.0,0.014,0.0,-0.04774719,-0.05279,-0.05529,-0.061,-0.063,-0.062,1.101,2.952,0.0,1.981,32.338,9.184,0.0136,0.0,0.014,0.0,-0.03921743,-0.04774719,-0.04512,-0.05279,-0.04776,-0.05529,-0.061,-0.065,-0.051,-0.063,-0.058,-0.062,1.103,1.101,2.952,2.942,0.0,0.0,1.982,1.981,32.338,32.104,9.184,9.15,0.0136,0.0135,0.0,0.0,0.014,0.014,0.0,0.0,-41.35299737,3.67669075,-42.20066975,0.238,0.0,-10.1846,-6.5079,-8.3462,11442.79786,284158.276428,171.532201,0.1317,8.138665018476527,8.138665018476527,0.477957294028722,-3.014126931636853,0.576426264283815,206.2880000000001,192.176,206.109550448,78.0,0.0,0.063878594425288,-0.062181501935707,0.063878594425288,0.062181501935707,1.0,1.875,2.625,10.290894018583716,-0.245946069709994,-1.3396300609835866e-16,-2.327358928951276,2.519740350504899e-16,-2.197986834336478,1.9612007312015864,-0.9479840463503972,2.596737258822083,2.977287519539624,1065.856762490846,23.342416792648606,22.0,8.0,13.51264900363436,11.25,4.25,2.75,2.75,1.625,1.625,0.9375,0.9375,-1.9999999999999991,1301562.616239393,2.813317479191438,4.68,2.520833333333333,116.61707817735602,0.0,0.0,0.0,0.0,0.0,0.0,0.0,0.0,0.0,0.0,42.05296217602776,42.957943340975234,19.35145432041531,10.96606844936176,19.19061978638308,0.0,0.0,0.0,0.0,13.70378423459136,0.0,70.59315562809434,0.0,11.840868637711289,0.0,0.0,0.0,0.0,0.0,0.0,25.544652872302645,41.44442575317108,48.33934966130636,0.0,0.0,0.0,0.0,84.29693986268572,0.0,0.0,0.0,0.0,0.0,0.0,0.0,0.0,11.840868637711289,19.19061978638308,107.93318633385148,0.0,0.0,0.0,-2.820397927689593,4.460291477702192,-6.063316338677087,0.0,-6.009763545186977,0.0,0.125,16.0,0.0,0.0,0.0,0.0,0.0,2.0,0.0,2.0,0.0,0.0,0.0,2.0,0.0,0.0,0.0,2.0,3.703240000000002,68.33800000000004,0.0,0.0,0.0,0.0,0.0,0.0,0.0,0.0,0.0,0.0,0.0,0.0,0.0,0.0,0.0,0.0,0.0,0.0,0.0,0.0,0.0,0.0,0.0,0.0,0.0,0.0,0.0,0.0,0.0,0.0,0.0,0.0,0.0,0.0,2.0,0.0,0.0,0.0,0.0,0.0,0.0,0.0,0.0,0.0,0.0,0.0,0.0,0.0,0.0,0.0,0.0,0.0,0.0,0.0,0.0,0.0,0.0,0.0,0.0,0.0,0.0,0.0,0.0,0.0,0.0,0.0,0.0,0.0,0.0,0.0,0.0,0.0,0.0,0.0,0.0,0.0,0.0,0.0,0.0,0.0,0.0,0.0,0.0,0.0,0.0
e,1,-0.035268187174161,-0.03336178902874,-0.033913725137312,-0.061041230033928,-0.054835079864284,-0.057958769966071,1.093288610237501,2.940164920135715,0.0,1.981123690101786,31.997658307125043,9.135236901017864,0.01713513768077,0.0,0.017,0.0,-0.044580039395166,-0.055044741631124,-0.057110094668446,-0.062917539932142,-0.067,-0.064958769966071,1.098041230033929,2.957082460067857,0.0,1.982,32.251070607464335,9.171278131051793,0.01873513768077,0.0,0.018958769966071,0.0,-0.035268187174161,-0.044580039395166,-0.03336178902874,-0.055044741631124,-0.033913725137312,-0.057110094668446,-0.061,-0.062958769966071,-0.054835079864284,-0.067,-0.057958769966071,-0.064958769966071,1.098082460067857,1.093247380203573,2.957082460067857,2.940164920135715,0.0,0.0,1.982082460067857,1.981041230033929,32.251070607464335,31.997658307125043,9.171278131051793,9.135236901017864,0.01873513768077,0.01713513768077,0.0,0.0,0.018958769966071,0.017,0.0,0.0,-42.24464984464289,2.975799518857555,-43.04377832728325,1.749810292308128,0.0,-9.965249269939928,-6.98947827211426,-8.477387956179925,10575.11292718455,263445.36089470284,164.9185925281206,0.173764240824867,7.918456685143195,7.918456685143195,0.404402872260014,-3.022436500171439,0.6542427352159561,208.26000000000008,196.164,208.088815004,78.0,0.0,0.133986434178556,-0.495453139827504,0.495453139827504,0.133986434178556,1.0,1.75,2.5625,11.04458991099276,-0.243144452589288,0.297811767069628,-2.266666837731256,0.370578162711657,-2.272878014221132,2.530536859453929,-0.942834476228002,2.616760691885638,2.803396093462969,999.7582518890316,21.549523573835152,19.908248290463863,7.908248290463863,12.774450684691496,10.158248290463863,4.158248290463863,2.556186217847897,2.556186217847897,1.567655181539914,1.567655181539914,0.903093108923948,0.903093108923948,-2.199999999999999,693886.4326673145,3.14796168411673,5.042643730194658,2.429828401949015,112.55574029213068,4.736862953800049,5.749511833283905,0.0,0.0,0.0,0.0,0.0,0.0,0.0,0.0,42.05296217602776,24.16967483065318,5.563451491696996,29.05050662462222,21.185965627842688,0.0,0.0,0.0,0.0,0.0,7.037952458882589,65.50867135236365,0.0,17.590380470995193,4.736862953800049,0.0,5.749511833283905,0.0,7.037952458882589,0.0,11.840868637711289,27.576005657436628,54.38176836896965,0.0,0.0,0.0,9.23,78.29613564453015,0.0,0.0,0.0,0.0,0.0,0.0,0.0,0.0,16.577731591511338,16.44910267404264,95.75126464387918,0.0,0.0,0.0,-0.9100174792139072,3.8517653481145553,-5.920576012608388,0.0,0.0,-3.022436500171439,0.066666666666666,16.0,0.0,1.0,0.0,0.0,0.0,2.0,0.0,2.0,1.0,0.0,1.0,2.0,0.0,0.0,0.0,2.0,3.095000000000001,65.41600000000003,0.0,0.0,0.0,0.0,0.0,0.0,0.0,0.0,0.0,0.0,0.0,0.0,0.0,0.0,0.0,0.0,0.0,0.0,0.0,0.0,0.0,0.0,0.0,0.0,0.0,0.0,0.0,0.0,0.0,0.0,0.0,0.0,0.0,0.0,2.0,0.0,0.0,0.0,0.0,0.0,0.0,1.0,0.0,0.0,0.0,0.0,0.0,0.0,0.0,0.0,0.0,0.0,0.0,0.0,0.0,1.0,0.0,0.0,0.0,0.0,0.0,0.0,0.0,0.0,1.0,0.0,0.0,0.0,0.0,0.0,0.0,0.0,0.0,0.0,0.0,0.0,0.0,0.0,0.0,0.0,0.0,0.0,0.0,0.0,0.0
f,1,-0.046327364064163,-0.053429948739292,-0.055664974369646,-0.057497436964629,-0.063,-0.060497436964629,1.1,2.9530000000000003,0.0,1.981,32.3,9.178,0.0142,0.0,0.014,0.0,-0.04503340715021,-0.048839897478585,-0.051059897478585,-0.063497436964629,-0.055,-0.059,1.1,2.949,0.0,1.981,32.26449743696463,9.173000000000002,0.013649743696462,0.0,0.014,0.0,-0.04503340715021,-0.046327364064163,-0.048839897478585,-0.053429948739292,-0.051059897478585,-0.055664974369646,-0.057497436964629,-0.063497436964629,-0.055,-0.063,-0.059,-0.060497436964629,1.1,1.1,2.9530000000000003,2.949,0.0,0.0,1.981,1.981,32.3,32.26449743696463,9.178,9.173000000000002,0.0142,0.013649743696462,0.0,0.0,0.014,0.014,0.0,0.0,-48.58376731481019,3.587299969226166,-49.47773637430042,1.443020712385759,0.0,-10.027717941247593,-6.44044055838969,-8.234104121666872,14031.797551105044,342617.4436807579,188.1080921232338,0.140498462178777,8.054448420680384,8.054448420680384,0.5493972426933731,-3.2931335087757683,0.723027353227576,236.3140000000001,220.18599999999995,236.120115132,90.0,0.0,0.118445618968164,-0.496767053256749,0.496767053256749,0.118445618968164,1.055555555555555,1.666666666666666,2.222222222222222,10.269510493494574,-0.248246786459066,-3.135851839642998e-17,-2.425338287715889,2.4203818706089e-16,-2.340702775104882,1.806036917590198,-1.052624180519524,2.684655245789203,2.756883625867042,1153.71260562279,26.549523573835152,24.908248290463863,8.908248290463863,15.235775550096683,12.658248290463863,4.658248290463863,2.9311862178478973,2.9311862178478973,1.7666241452319311,1.7666241452319311,0.9770620726159652,0.9770620726159652,-2.199999999999999,7005674.98026807,3.216864961332541,5.930712902954297,3.14796168411673,130.9055065215951,4.736862953800049,5.749511833283905,0.0,0.0,0.0,0.0,0.0,0.0,0.0,0.0,30.77759817033356,48.19088863900615,17.98069576424509,22.116296576755005,26.66899985252357,0.0,0.0,0.0,0.0,13.22481701862506,7.037952458882589,65.02970413639734,0.0,17.590380470995193,4.736862953800049,0.0,5.749511833283905,0.0,7.037952458882589,6.372924901329379,11.840868637711289,45.47438349111021,48.33934966130636,0.0,0.0,0.0,9.23,91.04198544718888,0.0,0.0,0.0,0.0,0.0,0.0,0.0,0.0,16.577731591511338,21.93213689872352,127.2661076896306,0.0,0.0,0.0,-2.129732181504731,3.602449497404715,-6.940366166821795,-3.208073457835588,-3.2931335087757683,-3.047251872097426,0.176470588235294,18.0,0.0,1.0,0.0,0.0,0.0,2.0,0.0,2.0,1.0,0.0,1.0,4.0,0.0,0.0,0.0,2.0,3.657400000000001,74.79400000000004,0.0,0.0,0.0,0.0,0.0,0.0,0.0,0.0,0.0,0.0,0.0,0.0,0.0,0.0,0.0,0.0,0.0,0.0,0.0,0.0,0.0,0.0,0.0,0.0,0.0,0.0,0.0,0.0,0.0,0.0,0.0,0.0,0.0,0.0,2.0,0.0,0.0,0.0,0.0,0.0,0.0,1.0,0.0,0.0,0.0,0.0,0.0,0.0,0.0,0.0,0.0,0.0,0.0,0.0,0.0,1.0,0.0,0.0,0.0,0.0,0.0,0.0,0.0,0.0,0.0,0.0,0.0,0.0,0.0,0.0,0.0,0.0,0.0,0.0,0.0,0.0,0.0,0.0,0.0,0.0,0.0,0.0,0.0,0.0,0.0
g,1,-0.045868623603215,-0.054426612189753,-0.056666612189753,-0.051999999999999,-0.058,-0.055,1.099,2.955,0.0,1.981,32.287,9.176,0.018,0.0,0.018,0.0,-0.043861658255714,-0.048257001335327,-0.050480242572607,-0.063,-0.05,-0.056,1.099,2.949,0.0,1.981,32.23233709524722,9.168337095247216,0.0188,0.0,0.019,0.0,-0.043861658255714,-0.045868623603215,-0.048257001335327,-0.054426612189753,-0.050480242572607,-0.056666612189753,-0.051999999999999,-0.063,-0.05,-0.058,-0.055,-0.056,1.099,1.099,2.955,2.949,0.0,0.0,1.981,1.981,32.287,32.23233709524722,9.176,9.168337095247216,0.0188,0.018,0.0,0.0,0.019,0.018,0.0,0.0,-70.20242862687451,2.865318012047579,-71.3019283489398,2.033395068057632,0.0,-9.88352789807615,-7.018242789588116,-8.450869053356854,25608.69438235267,616256.8535904463,249.4117606452166,0.206135006676634,8.483411066012978,8.483411066012978,0.67447666167273,-4.136586890531449,0.622374360950088,334.22399999999965,311.0400000000001,334.1740249960006,128.0,0.0,0.494331534966836,-0.496767053256749,0.496767053256749,0.494331534966836,0.88,1.4,1.88,9.98604764915436,-0.247856123733396,1.2166915100822161e-17,-2.675612861859504,3.3932296360543926e-17,-2.717161998766626,0.377156289629967,-1.089964936083327,3.298209502958824,2.329026347977449,1561.4907089034643,37.541087405397874,35.302095140581216,12.302095140581216,21.30403711094948,18.07657623631357,6.576576236313571,4.7748633537944745,4.7748633537944745,2.960084350479421,2.960084350479421,1.671067293100689,1.671067293100689,-2.215064935064934,3293312321.4888315,4.735636228907298,6.5919856525975,3.7345951412847,182.31393180233428,14.04557922185074,5.749511833283905,0.0,0.0,0.0,7.118392334224363,0.0,0.0,0.0,0.0,23.92570605303788,69.12488397557732,27.576005657436628,33.318398198722385,45.57302601376583,12.581195594639196,0.0,0.0,0.0,38.60967009115009,7.037952458882589,59.46625264470035,0.0,17.590380470995193,10.199666214214885,0.0,5.749511833283905,0.0,25.35844641507433,9.308716268050691,11.840868637711289,70.0619182444918,48.33934966130636,0.0,0.0,0.0,27.69,123.44458262265614,0.0,0.0,0.0,0.0,0.0,0.0,0.0,0.0,16.577731591511338,40.83616305996576,198.22528527534232,0.0,0.0,0.0,-10.807413921481476,3.417072636185728,-8.11172835505434,0.0,-16.283319643183887,-5.85656265847497,0.333333333333333,25.0,0.0,3.0,0.0,1.0,1.0,2.0,0.0,2.0,3.0,0.0,4.0,7.0,0.0,1.0,1.0,3.0,3.394200000000002,101.13200000000003,0.0,0.0,0.0,0.0,0.0,0.0,0.0,0.0,0.0,0.0,0.0,0.0,0.0,0.0,0.0,0.0,0.0,0.0,0.0,0.0,0.0,0.0,0.0,0.0,0.0,0.0,0.0,0.0,0.0,0.0,0.0,0.0,0.0,0.0,2.0,0.0,0.0,0.0,0.0,0.0,0.0,1.0,0.0,0.0,0.0,0.0,0.0,0.0,0.0,0.0,0.0,0.0,0.0,0.0,0.0,1.0,0.0,0.0,0.0,0.0,0.0,0.0,0.0,0.0,0.0,0.0,0.0,0.0,0.0,0.0,0.0,0.0,0.0,0.0,0.0,0.0,0.0,0.0,0.0,0.0,0.0,0.0,0.0,0.0,0.0
h,1,-0.031850223628135,-0.03358,-0.03583,-0.056,-0.048,-0.052,1.103,2.929999999999999,0.0,1.982,31.905,9.122,0.0242,0.0,0.024,0.0,-0.041002246604206,-0.050466606819946,-0.052723303409973,-0.04,-0.058,-0.049,1.096,2.955,0.0,1.982,32.153,9.157,0.020767034403472,0.0,0.021,0.0,-0.031850223628135,-0.041002246604206,-0.03358,-0.050466606819946,-0.03583,-0.052723303409973,-0.04,-0.056,-0.048,-0.058,-0.049,-0.052,1.103,1.096,2.955,2.929999999999999,0.0,0.0,1.982,1.982,32.153,31.905,9.157,9.122,0.0242,0.020767034403472,0.0,0.0,0.024,0.021,0.0,0.0,-76.427495388757,2.5932261564329773,-77.58307451856658,5.668400030373983,0.0,-10.36843186238611,-7.775168206117096,-9.071833034099733,28514.5645772938,687742.4325030084,262.594118420188,0.297901034707212,12.240713567710532,12.240713567710532,0.7554564424739391,-4.157770727730544,0.467754705815274,362.2339999999997,339.0500000000001,362.1689396160006,138.0,0.0,0.494331534966836,-0.46541751512711,0.494331534966836,0.46541751512711,0.962962962962962,1.481481481481481,1.962962962962963,10.354981498160573,-0.247856123733393,9.27501755342308e-18,-2.6756128618595083,1.194640603454812e-16,-2.717161998766624,0.7186030853698081,-1.089964936083326,3.314668386221578,2.3129715942754903,1663.7343601478697,39.118437674587504,36.21034343104508,13.21034343104508,22.21472071347244,18.5307003815455,7.030700381545502,5.108196687127807,5.108196687127807,3.177782053454071,3.177782053454071,1.784598329408672,1.784598329408672,-2.545064935064935,7728173208.087991,5.500671528665198,7.226280661653039,4.077881251376112,192.84039601677463,14.04557922185074,0.0,0.0,0.0,0.0,13.087697622176211,0.0,4.794537184071822,0.0,0.0,23.92570605303788,69.12488397557732,27.576005657436628,38.881849690419386,50.36756319783766,18.550500882591045,0.0,0.0,0.0,38.60967009115009,7.037952458882589,65.02970413639734,0.0,11.840868637711289,5.462803260414833,0.0,0.0,0.0,31.32775170302618,14.04557922185074,11.840868637711289,80.41990692026057,48.33934966130636,0.0,0.0,0.0,44.760000000000005,129.22782756902112,4.794537184071822,0.0,0.0,0.0,0.0,0.0,0.0,0.0,16.577731591511338,40.83616305996576,197.63098888534543,0.0,12.240713567710532,0.0,-12.05460835037956,2.546695126602976,-8.716876110732679,0.0,-16.358906596919635,-6.038006521627054,0.318181818181818,27.0,0.0,4.0,0.0,1.0,1.0,2.0,0.0,2.0,4.0,0.0,5.0,7.0,0.0,1.0,1.0,3.0,3.172200000000002,105.91950000000004,0.0,0.0,0.0,0.0,0.0,0.0,0.0,0.0,0.0,0.0,1.0,1.0,0.0,0.0,0.0,0.0,0.0,0.0,0.0,0.0,0.0,0.0,0.0,0.0,0.0,0.0,0.0,0.0,0.0,0.0,0.0,0.0,0.0,0.0,2.0,0.0,0.0,0.0,0.0,0.0,1.0,1.0,0.0,0.0,0.0,0.0,0.0,0.0,0.0,0.0,0.0,0.0,0.0,0.0,0.0,1.0,0.0,0.0,0.0,0.0,0.0,0.0,0.0,0.0,0.0,0.0,0.0,0.0,0.0,0.0,0.0,0.0,0.0,0.0,0.0,0.0,0.0,0.0,0.0,0.0,0.0,0.0,0.0,0.0,0.0
i,1,-0.04474242,-0.04556,-0.04664,-0.065,-0.043,-0.054,1.101,2.944,0.0,1.981,32.256,9.172,0.0164,0.0,0.016,0.0,-0.05596312,-0.06549,-0.06786,-0.058,-0.067,-0.062,1.098,2.967,0.0,1.982,32.565,9.216,0.0186,0.0,0.019,0.0,-0.04474242,-0.05596312,-0.04556,-0.06549,-0.04664,-0.06786,-0.058,-0.065,-0.043,-0.067,-0.054,-0.062,1.101,1.098,2.967,2.944,0.0,0.0,1.982,1.981,32.565,32.256,9.216,9.172,0.0186,0.0164,0.0,0.0,0.019,0.016,0.0,0.0,-38.4494352,2.7254587,-39.23742132,2.107,0.0,-9.5768,-6.8513,-8.2141,9493.343855,238498.335262,157.484495,0.204,7.874290018476527,7.874290018476527,0.010103405559754,-0.6376286008230451,0.504923662972901,193.24900000000005,182.161,193.089149352,72.0,0.0,0.156257192362492,-0.397717742439926,0.397717742439926,0.156257192362492,0.9333333333333332,1.666666666666666,2.4666666666666672,11.043416754132313,-0.140356989723243,0.444145834258978,-2.24014797769408,0.49824037351494,-2.367811528371275,2.648483308626659,-0.621134509924756,2.5958032095554,2.817954146570099,942.8094870234244,19.91976706183824,18.44721359549996,7.447213595499958,12.000682875346946,9.368033988749897,3.973606797749979,2.473606797749979,2.473606797749979,1.480205098312484,1.480205098312484,0.8338525491562421,0.8338525491562421,-2.199999999999999,342749.855789695,2.897814776274714,4.343996970079536,2.384630923322953,105.1282864095488,5.719716975726273,0.0,2.823684156656401,0.0,0.0,0.0,0.0,0.0,0.0,0.0,42.05296217602776,24.16967483065318,16.814289258077554,12.33682700553198,15.16051116218838,5.687386274683562,0.0,0.0,0.0,0.0,5.719716975726273,65.50867135236365,0.0,11.840868637711289,5.719716975726273,5.687386274683562,0.0,0.0,0.0,0.0,11.840868637711289,23.46372998892597,54.38176836896965,2.823684156656401,0.0,0.0,26.02,60.069154643653214,0.0,0.0,16.846619959120265,0.0,0.0,0.0,0.0,0.0,11.840868637711289,15.16051116218838,83.95035676978678,0.0,0.0,0.0,-1.246630763416477,4.6600888133031,-5.363814819673404,0.0,0.0,0.0,0.0,15.0,2.0,1.0,0.0,0.0,0.0,2.0,0.0,2.0,1.0,1.0,1.0,1.0,0.0,0.0,0.0,2.0,2.668600000000001,63.27640000000002,0.0,0.0,0.0,1.0,0.0,0.0,0.0,0.0,0.0,0.0,0.0,0.0,0.0,0.0,0.0,0.0,0.0,1.0,0.0,0.0,0.0,0.0,0.0,0.0,0.0,0.0,0.0,0.0,0.0,1.0,0.0,0.0,0.0,0.0,2.0,0.0,0.0,0.0,0.0,0.0,0.0,0.0,0.0,0.0,0.0,0.0,0.0,0.0,0.0,0.0,0.0,0.0,0.0,0.0,0.0,0.0,0.0,0.0,0.0,0.0,0.0,0.0,0.0,0.0,1.0,0.0,0.0,0.0,0.0,0.0,0.0,0.0,0.0,0.0,0.0,0.0,0.0,0.0,0.0,0.0,0.0,0.0,0.0,0.0,0.0
j,1,-0.03565671,-0.04608,-0.04737,-0.06,-0.064,-0.062,1.093,2.9530000000000003,0.0,1.981,32.008,9.137,0.0172,0.0,0.017,0.0,-0.03453538,-0.04089,-0.04304,-0.066,-0.064,-0.065,1.101,2.94,0.0,1.982,31.977,9.132,0.0183,0.0,0.018,0.0,-0.03453538,-0.03565671,-0.04089,-0.04608,-0.04304,-0.04737,-0.06,-0.066,-0.064,-0.064,-0.062,-0.065,1.101,1.093,2.9530000000000003,2.94,0.0,0.0,1.982,1.981,32.008,31.977,9.137,9.132,0.0183,0.0172,0.0,0.0,0.018,0.017,0.0,0.0,-39.06368892,3.04205071,-39.80356809,1.761,0.0,-10.3496,-7.3076,-8.8286,9877.238854,269196.999796,160.538406,0.1741,7.789845574032082,7.789845574032082,0.19955750818846,-0.546101021437721,0.5839681693911031,212.67900000000003,203.607,212.039277968,72.0,0.0,0.063886107234167,-0.082976763105088,0.082976763105088,0.063886107234167,0.866666666666666,1.533333333333333,2.333333333333333,11.28295550941046,-0.093500184355094,0.582352937213179,-2.161154497673392,0.6472824094746991,-2.002687856532444,2.880028156278211,-0.434300724338638,2.5673949512322523,2.741962038724272,793.0435272028566,18.342416792648606,16.37796447300923,8.133893419027682,11.089999272823986,8.438982236504614,4.316946709513841,2.438982236504613,2.8169467095138403,1.45423667737846,1.73771003213538,0.82086833868923,0.96260501606769,-1.709999999999999,146084.77272511518,3.700750186062899,4.682872740708369,2.619162809823041,107.16560767460544,0.0,0.0,0.0,0.0,0.0,0.0,0.0,0.0,0.0,0.0,53.65390206626028,24.16967483065318,11.126902983393991,17.359460319273307,12.33682700553198,11.600939890232516,0.0,0.0,0.0,0.0,0.0,70.53130466610497,0.0,11.840868637711289,0.0,0.0,0.0,11.600939890232516,0.0,0.0,11.840868637711289,23.46372998892597,54.38176836896965,5.022633313741326,0.0,0.0,0.0,54.38176836896965,0.0,0.0,16.149536297135317,0.0,0.0,0.0,0.0,0.0,11.840868637711289,23.937766895764494,68.744526970789,5.8981734483917005,0.0,-0.2908640925506,-0.473189090450994,4.782588813303099,-4.550124938371088,0.0,0.0,0.0,0.0,15.0,0.0,0.0,0.0,0.0,0.0,2.0,0.0,2.0,0.0,0.0,1.0,0.0,0.0,0.0,0.0,2.0,3.739800000000002,63.87400000000003,0.0,0.0,0.0,0.0,0.0,0.0,0.0,0.0,0.0,0.0,0.0,0.0,0.0,0.0,0.0,0.0,0.0,0.0,0.0,0.0,0.0,0.0,0.0,0.0,0.0,0.0,0.0,0.0,0.0,0.0,0.0,0.0,0.0,0.0,2.0,0.0,0.0,0.0,0.0,0.0,0.0,0.0,0.0,0.0,1.0,0.0,0.0,0.0,0.0,0.0,0.0,0.0,0.0,0.0,0.0,0.0,0.0,0.0,0.0,0.0,0.0,0.0,0.0,0.0,0.0,0.0,0.0,0.0,0.0,0.0,0.0,0.0,0.0,0.0,0.0,0.0,0.0,0.0,0.0,0.0,0.0,0.0,0.0,0.0,0.0
k,1,-0.04002329,-0.04762,-0.04986,-0.056,-0.063,-0.059,1.098,2.95,0.0,1.981,32.127,9.153,0.0137,0.0,0.014,0.0,-0.0353365999999999,-0.04209,-0.04435,-0.068,-0.065,-0.066,1.102,2.94,0.0,1.981,31.999,9.135,0.015,0.0,0.015,0.0,-0.0353365999999999,-0.04002329,-0.04209,-0.04762,-0.04435,-0.04986,-0.056,-0.068,-0.063,-0.065,-0.059,-0.066,1.102,1.098,2.95,2.94,0.0,0.0,1.981,1.981,32.127,31.999,9.153,9.135,0.015,0.0137,0.0,0.0,0.015,0.014,0.0,0.0,-39.06310837,3.60407461,-39.80307792,2.473,0.0,-10.5219,-6.9179,-8.719899999999999,9873.810113,269181.981427,160.513143,0.1408,7.789845574032082,7.789845574032082,0.26276738473167,-0.549728769173213,0.5839681693911031,212.67900000000003,203.607,212.039277968,72.0,0.0,0.063884689635938,-0.08434298718182,0.08434298718182,0.063884689635938,0.8,1.333333333333333,1.933333333333333,11.282955509410453,-0.093500504926856,0.575117095364113,-2.161805312798161,0.7226441475677701,-2.004465502788484,2.880028156278211,-0.434300916784791,2.5673949512322523,2.741962038724272,793.0435272028566,18.342416792648606,16.37796447300923,8.133893419027682,11.089999272823986,8.438982236504614,4.316946709513841,2.438982236504613,2.8169467095138403,1.406991118252306,1.59597335475692,0.797245559126153,0.8917366773784601,-1.709999999999999,146084.77272511518,3.700750186062899,4.682872740708369,2.870987552290156,107.16560767460544,0.0,0.0,0.0,0.0,0.0,0.0,0.0,0.0,0.0,0.0,41.56906465093369,36.25451224597977,16.149536297135317,12.33682700553198,12.33682700553198,11.600939890232516,0.0,0.0,0.0,0.0,0.0,70.53130466610497,0.0,11.840868637711289,0.0,0.0,0.0,11.600939890232516,0.0,0.0,11.840868637711289,23.46372998892597,54.38176836896965,5.022633313741326,0.0,0.0,0.0,54.38176836896965,0.0,0.0,16.149536297135317,0.0,0.0,0.0,0.0,0.0,11.840868637711289,23.937766895764494,69.03656797914553,5.693175125762305,0.0,-0.334852736115362,-0.547201436130007,4.734309649785841,-4.470887471337205,0.0,0.0,0.0,0.0,15.0,0.0,0.0,0.0,0.0,0.0,2.0,0.0,2.0,0.0,0.0,1.0,0.0,0.0,0.0,0.0,2.0,3.739800000000002,63.87400000000003,0.0,0.0,0.0,0.0,0.0,0.0,0.0,0.0,0.0,0.0,0.0,0.0,0.0,0.0,0.0,0.0,0.0,0.0,0.0,0.0,0.0,0.0,0.0,0.0,0.0,0.0,0.0,0.0,0.0,0.0,0.0,0.0,0.0,0.0,2.0,0.0,0.0,0.0,0.0,0.0,0.0,0.0,0.0,0.0,1.0,0.0,0.0,0.0,0.0,0.0,0.0,0.0,0.0,0.0,0.0,0.0,0.0,0.0,0.0,0.0,0.0,0.0,0.0,0.0,0.0,0.0,0.0,0.0,0.0,0.0,0.0,0.0,0.0,0.0,0.0,0.0,0.0,0.0,0.0,0.0,0.0,0.0,0.0,0.0,0.0
l,1,-0.04022628,-0.04813,-0.05038,-0.027,-0.064,-0.046,1.097,2.952,0.0,1.981,32.133,9.154,0.0169,0.0,0.017,0.0,-0.03224164,-0.02996,-0.03222,-0.063,-0.05,-0.056,1.105,2.925,0.0,1.982,31.915,9.123,0.0226,0.0,0.023,0.0,-0.03224164,-0.04022628,-0.02996,-0.04813,-0.03222,-0.05038,-0.027,-0.063,-0.05,-0.064,-0.046,-0.056,1.105,1.097,2.952,2.925,0.0,0.0,1.982,1.981,32.133,31.915,9.154,9.123,0.0226,0.0169,0.0,0.0,0.023,0.017,0.0,0.0,-44.38241513,2.79085662,-45.23294318,4.537,0.0,-10.6062,-7.8153,-9.2107,11645.217076,292836.308643,173.034294,0.27,11.984928185720694,11.984928185720694,0.406939195431258,-3.16173147064296,0.532108898501312,220.27100000000007,208.17499999999995,220.088815004,82.0,0.0,0.15929994598359,-0.294512195079421,0.294512195079421,0.15929994598359,1.0,1.5882352941176472,2.176470588235294,11.282955509410447,-0.24354480972529,0.36328109726748,-2.233593821481792,0.413913558585732,-2.213496466795595,2.606581551370598,-0.9238929798610652,2.643834859607008,2.757702370156564,1046.0746873857695,22.41976706183824,20.408248290463863,8.408248290463863,13.212007740752131,10.454124145231932,4.454124145231932,2.829124145231931,2.829124145231931,1.664562072615965,1.664562072615965,0.926031036307982,0.926031036307982,-2.329999999999999,1091507.2217887533,3.580542431196105,5.136186571808611,3.058946826114438,117.9686592770642,0.0,0.0,5.783244946364939,0.0,0.0,0.0,4.794537184071822,0.0,0.0,0.0,42.05296217602776,31.02156694794886,20.802630143601647,12.33682700553198,21.24363985811446,5.783244946364939,0.0,0.0,0.0,6.851892117295679,0.0,71.07212284406063,0.0,11.840868637711289,0.0,0.0,0.0,0.0,5.783244946364939,0.0,11.840868637711289,44.78588645050115,54.38176836896965,0.0,0.0,0.0,17.07,83.70725990772127,4.794537184071822,0.0,0.0,0.0,0.0,0.0,0.0,0.0,11.840868637711289,16.44910267404264,91.35113389002254,0.0,11.984928185720694,0.0,-1.8076224304128328,2.983199003602818,-6.433240511623587,0.0,-3.16173147064296,0.0,0.0625,17.0,0.0,1.0,0.0,0.0,0.0,2.0,0.0,2.0,1.0,0.0,1.0,2.0,0.0,0.0,0.0,2.0,3.289000000000001,68.86850000000003,0.0,0.0,0.0,0.0,0.0,0.0,0.0,0.0,0.0,0.0,1.0,1.0,0.0,0.0,0.0,0.0,0.0,0.0,0.0,0.0,0.0,0.0,0.0,0.0,0.0,0.0,0.0,0.0,0.0,0.0,0.0,0.0,0.0,0.0,2.0,0.0,0.0,0.0,0.0,0.0,0.0,0.0,0.0,0.0,0.0,0.0,0.0,0.0,0.0,0.0,0.0,1.0,1.0,0.0,0.0,0.0,0.0,0.0,0.0,0.0,0.0,0.0,0.0,0.0,0.0,0.0,0.0,0.0,0.0,0.0,0.0,0.0,0.0,0.0,0.0,0.0,0.0,0.0,0.0,0.0,0.0,0.0,0.0,0.0,0.0
m,1,-0.04364102,-0.05715,-0.05931,-0.059,-0.071,-0.065,1.098,2.959,0.0,1.982,32.225,9.167,0.0172,0.0,0.017,0.0,-0.0437057999999999,-0.04499,-0.0465,-0.06,-0.068,-0.064,1.095,2.95,0.0,1.973,32.234,9.169,0.0162,0.0,0.016,0.0,-0.04364102,-0.0437057999999999,-0.04499,-0.05715,-0.0465,-0.05931,-0.059,-0.06,-0.068,-0.071,-0.064,-0.065,1.098,1.095,2.959,2.95,0.0,0.0,1.982,1.973,32.234,32.225,9.169,9.167,0.0172,0.0162,0.0,0.0,0.017,0.016,0.0,0.0,-32.94692897,3.01693279,-33.59964701,0.8130000000000001,0.0,-10.1345,-7.1175,-8.626,7958.673668,225586.303563,145.585358,0.1701,7.710533588435374,7.710533588435374,0.024825207860922,-0.498251028806584,0.5516610364822451,184.26300000000003,176.19899999999996,184.034671256,62.0,0.0,0.075279231518134,-0.151104132353502,0.151104132353502,0.075279231518134,1.0,1.7692307692307692,2.461538461538461,11.383059638126657,-0.093500121644398,0.536019885057746,-2.151487248233868,0.5898194198390321,-1.9935044532484287,2.880028156278208,-0.434300743954952,2.685339491520307,2.638868907289469,767.0497028848453,15.894823035455902,14.408248290463863,7.224744871391589,9.75179531537246,7.408248290463863,4.224744871391589,2.056186217847897,2.668558653543692,1.192655181539914,1.702965544619743,0.672874145231931,1.081122435695794,-1.5199999999999991,42106.12322703842,3.006107788085938,3.930393606153476,2.206729259196792,93.09773421796744,0.0,0.0,0.0,0.0,0.0,0.0,0.0,0.0,11.336785877934735,0.0,29.968124760701173,23.48337053265748,16.48301739306159,10.96606844936176,10.96606844936176,11.336785877934735,0.0,0.0,0.0,0.0,0.0,58.09364404870896,0.0,11.840868637711289,0.0,0.0,0.0,11.336785877934735,0.0,0.0,11.840868637711289,22.09297143275575,46.96674106531496,0.0,0.0,0.0,0.0,30.21209353831648,0.0,0.0,27.881550510392486,0.0,11.336785877934735,0.0,0.0,0.0,11.840868637711289,10.96606844936176,60.599389172335606,0.793633996808599,0.0,-0.143307508188459,-0.158016817838246,4.907822184429328,-2.499521027546819,0.0,0.0,0.0,0.0,13.0,0.0,0.0,0.0,0.0,0.0,1.0,1.0,2.0,1.0,0.0,1.0,0.0,0.0,0.0,0.0,2.0,3.147900000000001,56.74100000000003,0.0,0.0,0.0,0.0,0.0,0.0,0.0,0.0,0.0,0.0,0.0,0.0,0.0,0.0,0.0,0.0,0.0,0.0,0.0,0.0,0.0,0.0,0.0,0.0,0.0,0.0,0.0,0.0,0.0,0.0,0.0,0.0,0.0,0.0,1.0,0.0,0.0,0.0,0.0,0.0,0.0,0.0,0.0,0.0,0.0,0.0,0.0,0.0,0.0,0.0,0.0,0.0,0.0,0.0,0.0,0.0,0.0,0.0,0.0,0.0,0.0,0.0,0.0,0.0,0.0,0.0,0.0,0.0,0.0,0.0,0.0,0.0,0.0,0.0,0.0,0.0,0.0,0.0,0.0,0.0,0.0,0.0,1.0,0.0,0.0
n,1,-0.03729622,-0.04261,-0.04483,-0.068,-0.06,-0.064,1.101,2.942,0.0,1.982,32.052,9.143,0.0199,0.0,0.02,0.0,-0.04616077,-0.0502,-0.05205,-0.06,-0.059,-0.06,1.095,2.955,0.0,1.979,32.297,9.178,0.0173,0.0,0.017,0.0,-0.03729622,-0.04616077,-0.04261,-0.0502,-0.04483,-0.05205,-0.06,-0.068,-0.059,-0.06,-0.06,-0.064,1.101,1.095,2.955,2.942,0.0,0.0,1.982,1.979,32.297,32.052,9.178,9.143,0.0199,0.0173,0.0,0.0,0.02,0.017,0.0,0.0,-35.27986193,2.67426606,-36.00069914,2.522,0.0,-10.0374,-7.3631,-8.7002,7924.936496,200806.099122,143.860602,0.2428,7.733456685143193,7.733456685143193,0.23813775510204,-0.5402025303540451,0.5660408154209351,179.2220000000001,170.14999999999998,179.073499288,66.0,0.0,0.085333077169863,-0.263431594147542,0.263431594147542,0.085333077169863,0.928571428571428,1.642857142857142,2.5,11.28295550941044,-0.093501238979043,0.538106773954766,-2.155197446961204,0.591410666587166,-2.011251283285528,2.747679472052392,-0.434302274324897,2.512091001666896,2.687949007820361,850.7199870089656,17.47217330464553,15.947213595499958,6.947213595499958,10.66247891789542,8.197213595499958,3.6972135954999583,2.210410196624968,2.210410196624968,1.279508497187474,1.279508497187474,0.7269059480312311,0.7269059480312311,-2.069999999999999,92746.39978154184,2.963490260121695,4.247047393079184,2.209789666324258,96.08198942867024,0.0,0.0,0.0,0.0,0.0,0.0,4.983978520947208,0.0,0.0,0.0,29.968124760701173,24.16967483065318,23.47269340502352,12.33682700553198,12.33682700553198,0.0,0.0,4.983978520947208,0.0,0.0,0.0,65.76962435866658,0.0,11.840868637711289,0.0,0.0,0.0,0.0,4.983978520947208,0.0,11.840868637711289,23.46372998892597,54.642721375272586,0.0,0.0,0.0,12.89,54.642721375272586,0.0,0.0,11.126902983393991,0.0,0.0,0.0,0.0,0.0,16.824847158658496,12.33682700553198,68.18660939429337,0.0,3.46580551356345,0.0,-0.505470521541949,4.724255479969767,-3.541779333914972,-0.996087199036332,0.0,0.0,0.0,14.0,0.0,1.0,0.0,0.0,0.0,1.0,1.0,2.0,1.0,0.0,1.0,0.0,0.0,0.0,0.0,2.0,2.4814,56.659000000000034,0.0,0.0,0.0,0.0,0.0,1.0,0.0,0.0,0.0,0.0,0.0,0.0,0.0,0.0,0.0,1.0,0.0,0.0,0.0,0.0,0.0,0.0,0.0,0.0,0.0,0.0,0.0,0.0,0.0,0.0,0.0,0.0,0.0,0.0,1.0,0.0,0.0,0.0,0.0,0.0,0.0,0.0,0.0,0.0,0.0,0.0,0.0,0.0,0.0,0.0,0.0,0.0,0.0,0.0,0.0,0.0,0.0,0.0,0.0,0.0,0.0,0.0,0.0,0.0,0.0,0.0,0.0,0.0,0.0,0.0,0.0,0.0,0.0,1.0,0.0,0.0,0.0,0.0,0.0,0.0,0.0,0.0,0.0,0.0,0.0
o,1,-0.13946007,-0.12676,-0.09111,-0.079,-0.052,-0.066,1.167,2.96,0.0,1.861,35.08,9.567,0.0153,0.0,0.015,0.0,-0.0255449,-0.00666,-0.00696,-0.05,-0.054,-0.052,1.122,2.884,0.0,1.982,31.735,9.097,0.0088,0.0,0.009,0.0,-0.0255449,-0.13946007,-0.00666,-0.12676,-0.00696,-0.09111,-0.05,-0.079,-0.052,-0.054,-0.052,-0.066,1.167,1.122,2.96,2.884,0.0,0.0,1.982,1.861,35.08,31.735,9.567,9.097,0.0153,0.0088,0.0,0.0,0.015,0.009,0.0,0.0,-32.34523512,3.65271005,-32.978852,0.058,0.0,-10.3671,-6.7144,-8.5408,8270.240319,226848.24918,147.541079,0.1024,7.729514676240867,7.729514676240867,0.6475694444444441,-5.374388030675231,0.418902262427679,174.3190000000001,160.20699999999997,174.086476978,62.0,0.0,0.129346637436872,-0.126705133045204,0.129346637436872,0.126705133045204,1.25,1.916666666666666,2.5,2.141483657217308e-16,-0.244322203247326,-2.0043220167303998e-16,-2.560530873289383,-6.427864703145693e-17,-2.596524117672402,-2.3909629356959788e-17,-0.9398012674871352,2.420957497527246,3.926418172663932,706.7350571422866,20.87831517751085,20.0,7.0,11.398553027005269,10.0,5.0,2.0,3.75,0.875,1.375,0.46875,0.7812500000000001,-1.003116883116883,120466.84507695575,1.758843179007185,3.597880692219641,3.406082387238677,95.30591333106572,0.0,8.073872300533118,0.0,0.0,0.0,0.0,0.0,0.0,0.0,5.543708472846108,43.47318925570396,12.08483741532659,17.900278497228975,6.853792780851101,19.19061978638308,8.073872300533118,0.0,0.0,0.0,19.42549881385843,0.0,35.77554503001347,0.0,11.464142791701752,0.0,0.0,0.0,0.0,8.073872300533118,0.0,11.464142791701752,24.754071278080072,30.21209353831648,19.42549881385843,0.0,0.0,0.0,63.27491614440501,0.0,0.0,0.0,0.0,0.0,0.0,0.0,11.464142791701752,0.0,19.19061978638308,105.65781702727386,0.0,0.0,0.0,1.210900888133031,1.9840663580246911,-3.753695633345931,0.0,-10.280256164965984,-5.374388030675231,0.272727272727272,12.0,0.0,0.0,0.0,0.0,0.0,1.0,0.0,1.0,0.0,0.0,1.0,3.0,0.0,0.0,0.0,1.0,2.915500000000001,56.66600000000003,0.0,0.0,0.0,0.0,0.0,0.0,0.0,0.0,0.0,0.0,0.0,0.0,0.0,0.0,0.0,0.0,0.0,0.0,0.0,0.0,0.0,0.0,0.0,0.0,0.0,0.0,0.0,0.0,0.0,0.0,0.0,0.0,0.0,0.0,1.0,0.0,0.0,0.0,0.0,0.0,0.0,0.0,0.0,0.0,0.0,0.0,0.0,0.0,0.0,0.0,0.0,0.0,0.0,0.0,0.0,0.0,0.0,0.0,0.0,0.0,0.0,0.0,0.0,0.0,0.0,0.0,0.0,0.0,0.0,0.0,0.0,0.0,0.0,0.0,0.0,0.0,0.0,0.0,0.0,0.0,0.0,0.0,0.0,0.0,0.0
q,1,-0.126726085368459,-0.109260262221798,-0.074235327777247,-0.078,-0.041,-0.059,1.175,2.934,0.0,1.861,34.69650655554495,9.514506555544951,0.0202,0.001,0.02,0.0,-0.023050234269758,-0.011080262221798,-0.011400262221798,-0.038,-0.058,-0.048,1.116,2.895506555544951,0.0,1.981999999999999,31.668,9.088,0.0103,0.0,0.01,0.0,-0.023050234269758,-0.126726085368459,-0.011080262221798,-0.109260262221798,-0.011400262221798,-0.074235327777247,-0.038,-0.078,-0.041,-0.058,-0.048,-0.059,1.175,1.116,2.934,2.895506555544951,0.0,0.0,1.981999999999999,1.861,34.69650655554495,31.668,9.514506555544951,9.088,0.0202,0.0103,0.001,0.0,0.02,0.01,0.0,0.0,-48.2003871923153,3.233595906610537,-48.86141579723345,5.737026222179804,0.0,-10.750050655554496,-7.516449344445505,-9.1332,10509.111673420954,281381.16332326963,162.42185747789375,0.152,12.98614456735233,12.98614456735233,1.025347222222222,-5.586370412362474,0.477363607139317,242.3160000000001,229.212,242.073861606,86.0,0.0,0.41591095119457,-0.166137536283498,0.41591095119457,0.166137536283498,1.1875,1.75,2.1875,11.282955509410456,-0.244322203247324,7.867695681207727e-17,-2.560527956468717,1.9349914469307391e-16,-2.596528149311927,1.107,-0.9398044231252052,2.4287988438246453,4.004792781575722,802.1683167050228,23.37831517751085,20.63389341902768,8.63389341902768,12.609877892410456,10.31694670951384,5.81694670951384,2.747759069042635,4.497759069042635,1.28347335475692,1.78347335475692,0.6729866773784601,0.98548667737846,-1.213116883116883,356936.27808846993,3.640232803533053,4.341358347147996,4.111344804573946,112.76249115407322,0.0,8.073872300533118,0.0,0.0,0.0,6.176298517443475,0.0,0.0,13.17124514302446,5.543708472846108,25.34593313271408,24.16967483065318,17.900278497228975,11.046485716377877,30.991106373237315,8.073872300533118,0.0,0.0,0.0,25.601797331301903,0.0,35.29657781404717,0.0,11.464142791701752,0.0,13.17124514302446,0.0,0.0,8.073872300533118,6.176298517443475,11.464142791701752,28.946764213606848,24.16967483065318,19.42549881385843,0.0,0.0,0.0,68.97224744588219,13.17124514302446,0.0,0.0,0.0,0.0,0.0,11.464142791701752,0.0,0.0,17.819861230212858,136.38237712060135,0.0,0.0,0.0,-1.233323294595616,1.751498330813807,-5.6350588939279405,-5.235811130007557,-10.7488672760771,-5.586370412362474,0.333333333333333,16.0,0.0,0.0,0.0,0.0,0.0,1.0,0.0,1.0,0.0,0.0,4.0,3.0,0.0,0.0,0.0,1.0,3.934300000000002,61.66800000000002,0.0,0.0,0.0,0.0,0.0,0.0,0.0,0.0,0.0,0.0,0.0,0.0,0.0,0.0,0.0,0.0,0.0,0.0,0.0,0.0,0.0,0.0,0.0,0.0,0.0,3.0,0.0,0.0,0.0,0.0,0.0,0.0,0.0,0.0,1.0,0.0,0.0,0.0,0.0,0.0,0.0,0.0,0.0,0.0,3.0,0.0,0.0,0.0,0.0,0.0,0.0,0.0,0.0,0.0,0.0,0.0,0.0,0.0,0.0,0.0,0.0,0.0,0.0,0.0,0.0,0.0,0.0,0.0,0.0,0.0,0.0,0.0,0.0,0.0,0.0,0.0,0.0,0.0,0.0,0.0,0.0,0.0,0.0,0.0,0.0
r,1,-0.12539924,-0.10657,-0.07165,-0.082,-0.04,-0.061,1.176,2.93,0.0,1.861,34.657,9.509,0.0184,0.0,0.018,0.0,-0.02128821,-0.00993,-0.01015,-0.043,-0.057,-0.05,1.113,2.897,0.0,1.982,31.62,9.081,0.0096,0.0,0.01,0.0,-0.02128821,-0.12539924,-0.00993,-0.10657,-0.01015,-0.07165,-0.043,-0.082,-0.04,-0.057,-0.05,-0.061,1.176,1.113,2.93,2.897,0.0,0.0,1.982,1.861,34.657,31.62,9.509,9.081,0.0184,0.0096,0.0,0.0,0.018,0.01,0.0,0.0,-40.80434377,3.34417688,-41.42427371,3.777,0.0,-10.7702,-7.426,-9.0981,8611.723089,235782.615396,148.177258,0.1392,13.665684405706727,13.665684405706727,1.022569444444444,-5.496837010267069,0.45547794551938,210.2990000000001,198.20299999999995,210.067633354,74.0,0.0,0.12934667340616,-0.20685216275163,0.20685216275163,0.12934667340616,1.214285714285714,1.7857142857142851,2.285714285714285,10.841506671696218,-0.244322203247331,1.039676546087263e-16,-2.560466102629705,-3.379422228987195e-18,-2.596533173579147,0.691557639317,-0.939798241598749,2.420957497527246,3.926418172663932,715.0184760424391,20.87831517751085,18.755928946018454,7.755928946018454,11.398553027005269,9.377964473009229,5.377964473009227,2.377964473009227,4.127964473009227,1.063982236504613,1.563982236504613,0.6283438202356031,0.9408438202356032,-1.143116883116883,120466.84507695575,2.925387711604617,3.930438860688647,3.712186822611663,100.82704313658256,0.0,19.708313982624908,0.0,0.0,0.0,0.0,0.0,8.78083009534964,0.0,5.543708472846108,25.34593313271408,12.08483741532659,23.942697204892266,4.11227566851066,25.22993276939228,8.073872300533118,0.0,0.0,0.0,19.42549881385843,0.0,35.32514929677867,0.0,11.464142791701752,0.0,8.78083009534964,0.0,0.0,8.073872300533118,0.0,23.098584473793544,22.01255416573964,18.127256122989884,19.42549881385843,0.0,0.0,0.0,62.82452041117021,8.78083009534964,0.0,0.0,0.0,0.0,0.0,11.464142791701752,0.0,0.0,16.44910267404264,116.29151600686568,0.0,0.0,0.0,0.669234221466364,-1.632382369614513,-3.825580239040062,0.0,-10.56150616496599,-5.496837010267069,0.272727272727272,14.0,0.0,0.0,0.0,0.0,0.0,1.0,0.0,1.0,0.0,0.0,3.0,3.0,0.0,0.0,0.0,1.0,3.193700000000001,56.58200000000002,0.0,0.0,0.0,0.0,0.0,0.0,0.0,0.0,0.0,0.0,0.0,0.0,0.0,0.0,0.0,0.0,0.0,0.0,0.0,0.0,0.0,0.0,0.0,0.0,0.0,0.0,0.0,0.0,0.0,0.0,0.0,0.0,0.0,0.0,1.0,0.0,0.0,0.0,0.0,0.0,0.0,0.0,0.0,0.0,2.0,0.0,0.0,0.0,0.0,0.0,0.0,0.0,0.0,0.0,0.0,0.0,0.0,0.0,0.0,0.0,0.0,0.0,0.0,0.0,0.0,0.0,0.0,0.0,0.0,0.0,0.0,0.0,0.0,0.0,0.0,0.0,0.0,0.0,0.0,0.0,0.0,0.0,0.0,0.0,0.0
s,1,-0.132278573223654,-0.119530061692091,-0.084220061692091,-0.078,-0.04,-0.059,1.17,2.949,0.0,1.861,34.86267454291549,9.537,0.0166,0.0,0.016,0.0,-0.022725285603779,-0.008173665453682,-0.008466920024527,-0.046,-0.047,-0.046,1.119,2.889,0.0,1.982,31.65867454291549,9.086674542915492,0.009,0.0,0.009,0.0,-0.022725285603779,-0.132278573223654,-0.008173665453682,-0.119530061692091,-0.008466920024527,-0.084220061692091,-0.046,-0.078,-0.04,-0.047,-0.046,-0.059,1.17,1.119,2.949,2.889,0.0,0.0,1.982,1.861,34.86267454291549,31.65867454291549,9.537,9.086674542915492,0.0166,0.009,0.0,0.0,0.016,0.009,0.0,0.0,-36.40016874924031,3.531973591824301,-37.02201194140525,2.464697123571656,0.0,-10.564162216430365,-7.032160982588527,-8.798161599509447,9773.704854148573,285036.35241704766,159.5691635308243,0.12663254570845,7.785070231796423,7.785070231796423,0.5285021415973791,-5.35624744110607,0.451899635591562,208.76400000000007,195.66,208.047504626,68.0,0.0,0.129346646454519,-0.126704273682768,0.129346646454519,0.126704273682768,1.461538461538461,2.230769230769231,2.923076923076923,2.0584033522773648e-15,-0.244322203247327,-1.5226673895377994e-17,-2.560511665214855,-2.0119338986727083e-16,-2.596518992910712,4.17935280560244e-16,-0.93979897237211,2.420957497527246,3.926418172663931,711.9323097152588,20.87831517751085,19.37796447300923,8.133893419027682,11.398553027005269,9.688982236504614,5.566946709513841,2.188982236504613,4.316946709513841,0.969491118252306,1.65847335475692,0.53961833868923,0.99385501606769,-0.713116883116883,120466.84507695575,2.447931044130025,3.996761626828057,4.165585922141784,104.20420905777958,0.0,8.073872300533118,0.0,0.0,0.0,0.0,0.0,0.0,0.0,5.543708472846108,42.989291730609885,18.127256122989884,22.92291181097029,5.483034224680881,17.819861230212858,19.674812190765635,0.0,0.0,0.0,19.42549881385843,0.0,34.7557596360915,0.0,11.464142791701752,0.0,0.0,0.0,11.600939890232516,8.073872300533118,0.0,11.464142791701752,23.383312721909853,24.16967483065318,24.44813212759976,0.0,0.0,0.0,62.25513075048304,0.0,0.0,0.0,0.0,0.0,0.0,0.0,11.464142791701752,0.0,29.42080112044537,98.37077223481988,5.711681980662633,0.0,-0.5285021415973791,1.291147801713278,2.019621913580247,-2.714329294217685,0.0,-10.238589498299325,-5.35624744110607,0.272727272727272,13.0,0.0,0.0,0.0,0.0,0.0,1.0,0.0,1.0,0.0,0.0,2.0,3.0,0.0,0.0,0.0,1.0,3.568900000000002,61.67600000000003,0.0,0.0,0.0,0.0,0.0,0.0,0.0,0.0,0.0,0.0,0.0,0.0,0.0,0.0,0.0,0.0,0.0,0.0,0.0,0.0,0.0,0.0,0.0,0.0,0.0,0.0,0.0,0.0,0.0,0.0,0.0,0.0,0.0,0.0,1.0,0.0,0.0,0.0,0.0,0.0,0.0,0.0,0.0,0.0,1.0,0.0,0.0,0.0,0.0,0.0,0.0,0.0,0.0,0.0,0.0,0.0,0.0,0.0,0.0,0.0,0.0,0.0,0.0,0.0,0.0,0.0,0.0,0.0,0.0,0.0,0.0,0.0,0.0,0.0,0.0,0.0,0.0,0.0,0.0,0.0,0.0,0.0,0.0,0.0,0.0
t,1,-0.141574798467444,-0.130355143452726,-0.094815143452726,-0.077999999999999,-0.051999999999999,-0.065,1.166,2.965,0.0,1.860999999999999,35.14350478175754,9.576,0.0155,0.0,0.015,0.0,-0.021808484092734,-0.005065143452726,-0.005765143452726,-0.049,-0.047,-0.048,1.123,2.8819999999999992,0.0,1.981999999999999,31.634504781757546,9.083,0.0088,0.0,0.008999999999999,0.0,-0.021808484092734,-0.141574798467444,-0.005065143452726,-0.130355143452726,-0.005765143452726,-0.094815143452726,-0.049,-0.077999999999999,-0.047,-0.051999999999999,-0.048,-0.065,1.166,1.123,2.965,2.8819999999999992,0.0,0.0,1.981999999999999,1.860999999999999,35.14350478175754,31.634504781757546,9.576,9.083,0.0155,0.0088,0.0,0.0,0.015,0.008999999999999,0.0,0.0,-35.51814220635854,3.617658159819171,-36.199786086955726,0.572571726363125,0.0,-10.257050478175753,-6.639399043648492,-8.4482,9744.44334373854,262341.17108893616,159.08490264112166,0.1041,7.879514676240866,7.879514676240866,0.855902777777777,-5.533826806185434,0.433016780054015,188.3460000000001,172.21799999999996,188.102127042,68.0,0.0,0.129346861845849,-0.126695110470286,0.129346861845849,0.126695110470286,1.307692307692307,2.076923076923077,2.769230769230769,2.838835280035657e-16,-0.246065039899944,-1.348318766008893e-16,-2.560667129456092,-8.113512085884738e-17,-2.596576513329653,1.43163718679371e-16,-0.9457343603633592,2.443658950865892,4.142691404517404,820.2789205430203,23.37831517751085,22.5,7.5,12.609877892410456,11.25,5.25,2.25,4.0,1.0625,1.5625,0.5625,0.875,-1.003116883116883,362404.3970492152,1.850922681680527,3.804173028062226,3.478428034518828,104.48079644579796,0.0,8.073872300533118,0.0,0.0,0.0,0.0,0.0,0.0,0.0,5.543708472846108,43.47318925570396,18.45776231665597,22.01255416573964,5.483034224680881,21.93213689872352,8.073872300533118,0.0,0.0,0.0,26.27739093115411,0.0,35.29657781404717,0.0,11.464142791701752,0.0,0.0,0.0,0.0,8.073872300533118,0.0,18.31603490899743,33.05903988211751,24.16967483065318,19.42549881385843,0.0,0.0,0.0,69.6478410457344,0.0,0.0,0.0,0.0,0.0,0.0,5.543708472846108,5.920434318855644,0.0,21.93213689872352,121.6448591820988,0.0,0.0,0.0,0.000276360544218,1.918441358024691,-3.650709994646004,0.0,-13.68459565539179,-5.533826806185434,0.333333333333333,13.0,0.0,0.0,0.0,0.0,0.0,1.0,0.0,1.0,0.0,0.0,1.0,4.0,0.0,0.0,0.0,1.0,3.223920000000001,61.403000000000034,0.0,0.0,0.0,0.0,0.0,0.0,0.0,0.0,0.0,0.0,0.0,0.0,0.0,0.0,0.0,0.0,0.0,0.0,0.0,0.0,0.0,0.0,0.0,0.0,0.0,0.0,0.0,0.0,0.0,0.0,0.0,0.0,0.0,0.0,1.0,0.0,0.0,0.0,0.0,0.0,0.0,0.0,0.0,0.0,0.0,0.0,0.0,0.0,0.0,0.0,0.0,0.0,0.0,0.0,0.0,0.0,0.0,0.0,0.0,0.0,0.0,0.0,0.0,0.0,0.0,0.0,0.0,0.0,0.0,0.0,0.0,0.0,0.0,0.0,0.0,0.0,0.0,0.0,0.0,0.0,0.0,0.0,0.0,0.0,0.0
u,1,-0.14200119,-0.13301,-0.09722,-0.077,-0.053,-0.065,1.164,2.969,0.0,1.861,35.157,9.577,0.0155,0.0,0.015,0.0,-0.02466869,-0.00473,-0.00499,-0.052,-0.042,-0.047,1.121,2.883,0.0,1.981,31.712,9.094,0.0085,0.0,0.008,0.0,-0.02466869,-0.14200119,-0.00473,-0.13301,-0.00499,-0.09722,-0.052,-0.077,-0.042,-0.053,-0.047,-0.065,1.164,1.121,2.969,2.883,0.0,0.0,1.981,1.861,35.157,31.712,9.577,9.094,0.0155,0.0085,0.0,0.0,0.015,0.008,0.0,0.0,-39.58242404,3.49919614,-40.26389567,1.647,0.0,-10.0434,-6.5442,-8.2938,10469.839041,279056.702451,163.972601,0.11,7.893681342907533,7.893681342907533,0.7800770030234311,-5.486975907904311,0.5046621574144461,204.3450000000001,188.217,204.097041662,74.0,0.0,0.129346637615288,-0.496767053292265,0.496767053292265,0.129346637615288,1.2857142857142851,2.0,2.571428571428571,5.763320360339349e-16,-0.24577043664391,-1.3555510913514272e-17,-2.560533212065507,-1.296021224306694e-16,-2.596525967741385,3.71338409095427e-16,-0.9441778851629952,2.478309623564013,3.911815457322862,812.6290709361789,24.0854219586974,22.908248290463863,7.908248290463863,13.083004438872775,11.408248290463863,5.408248290463863,2.306186217847897,4.056186217847897,1.0791241452319311,1.5791241452319311,0.570812072615965,0.8833120726159651,-1.203116883116883,573579.9792776554,2.147572276262919,4.341863639544403,3.672965532922891,109.59434167530485,4.736862953800049,13.823384133817022,0.0,0.0,0.0,0.0,0.0,0.0,0.0,5.543708472846108,25.34593313271408,24.16967483065318,17.900278497228975,16.633262352074127,26.66899985252357,8.073872300533118,0.0,0.0,0.0,19.42549881385843,7.037952458882589,29.733126322350174,0.0,17.213654624985658,4.736862953800049,0.0,5.749511833283905,0.0,15.111824759415708,0.0,11.464142791701752,27.49558839042051,24.16967483065318,19.42549881385843,0.0,0.0,9.23,70.01996172890821,0.0,0.0,0.0,0.0,0.0,0.0,0.0,11.464142791701752,4.736862953800049,21.93213689872352,125.01548024729098,0.0,0.0,0.0,1.03594423185941,1.01879861898463,-3.791447782816829,0.0,-10.503626229245146,-8.58070464162861,0.333333333333333,14.0,0.0,1.0,0.0,0.0,0.0,1.0,0.0,1.0,1.0,0.0,2.0,5.0,0.0,0.0,0.0,1.0,2.924100000000001,63.21800000000004,0.0,0.0,0.0,0.0,0.0,0.0,0.0,0.0,0.0,0.0,0.0,0.0,0.0,0.0,0.0,0.0,0.0,0.0,0.0,0.0,0.0,0.0,0.0,0.0,0.0,0.0,0.0,0.0,0.0,0.0,0.0,0.0,0.0,0.0,1.0,0.0,0.0,0.0,0.0,0.0,0.0,1.0,0.0,0.0,0.0,0.0,0.0,0.0,0.0,0.0,0.0,0.0,0.0,0.0,0.0,1.0,0.0,0.0,0.0,0.0,0.0,0.0,0.0,0.0,0.0,0.0,0.0,0.0,0.0,0.0,0.0,0.0,0.0,0.0,0.0,0.0,0.0,0.0,0.0,0.0,0.0,0.0,0.0,0.0,0.0
v,1,-0.138765401008226,-0.126234524767763,-0.090627613799869,-0.079,-0.038190290773946,-0.058308903210522,1.166890774383265,2.959790935586371,0.0,1.861,35.058685460863735,9.564090451977052,0.01536084196012,0.0,0.015209064413628,0.0,-0.022069322952638,-0.003740503996267,-0.004075955233527,-0.050790935586371,-0.031299516390681,-0.040990613180158,1.122,2.882099838796894,0.0,1.984209064413628,31.639495969922347,9.08350858080431,0.008709983879689,0.0,0.009,0.0,-0.022069322952638,-0.138765401008226,-0.003740503996267,-0.126234524767763,-0.004075955233527,-0.090627613799869,-0.050790935586371,-0.079,-0.031299516390681,-0.038190290773946,-0.040990613180158,-0.058308903210522,1.166890774383265,1.122,2.959790935586371,2.882099838796894,0.0,0.0,1.984209064413628,1.861,35.058685460863735,31.639495969922347,9.564090451977052,9.08350858080431,0.01536084196012,0.008709983879689,0.0,0.0,0.015209064413628,0.009,0.0,0.0,-46.81885892292968,3.533526053883775,-47.54804804765992,1.756503112887264,0.0,-10.189276321491578,-6.655734972944529,-8.422516918527538,12932.89683632959,336762.8400582618,180.4133156774495,0.117399937996073,8.09146195515243,8.09146195515243,0.982291666666666,-5.649454693142687,0.578423881552732,234.37100000000007,216.22699999999995,234.107606346,86.0,0.0,0.129346685289139,-0.496578213518795,0.496578213518795,0.129346685289139,1.125,1.75,2.25,1.1143974692074022e-15,-0.245901855349557,-5.679179213064361e-17,-2.56050923384027,-6.306076833069348e-17,-2.596516502806653,4.0935088073349596e-16,-0.9444215678066372,2.530735420785799,4.153742637784579,904.732796819277,27.29252873988395,25.816496580927726,8.816496580927726,14.767455850740289,12.816496580927726,5.816496580927726,2.612372435695794,4.362372435695795,1.2832482904638631,1.7832482904638631,0.744738514873247,1.057238514873247,-1.403116883116883,2721289.675029286,2.539725084654831,5.085838377470768,3.993398502467612,123.88277001954393,9.473725907600098,19.572895967100926,0.0,0.0,0.0,0.0,0.0,0.0,0.0,5.543708472846108,25.34593313271408,12.08483741532659,23.942697204892266,26.412731923297155,34.14737991866406,8.073872300533118,0.0,0.0,0.0,19.42549881385843,14.075904917765175,23.69070761468688,0.0,22.96316645826956,9.473725907600098,0.0,11.49902366656781,0.0,22.149777218298297,0.0,11.464142791701752,30.23710550276095,18.127256122989884,19.42549881385843,0.0,0.0,18.46,76.76500731341142,0.0,0.0,0.0,0.0,0.0,0.0,5.543708472846108,5.920434318855644,9.473725907600098,24.67365401106396,144.8992931285168,0.0,0.0,0.0,0.776157407407408,-0.376190003779289,-3.346428689531367,0.0,-10.814631164965984,-12.193756233203157,0.384615384615384,16.0,0.0,2.0,0.0,0.0,0.0,1.0,0.0,1.0,2.0,0.0,3.0,7.0,0.0,0.0,0.0,1.0,2.932700000000001,69.77000000000004,0.0,0.0,0.0,0.0,0.0,0.0,0.0,0.0,0.0,0.0,0.0,0.0,0.0,0.0,0.0,0.0,0.0,0.0,0.0,0.0,0.0,0.0,0.0,0.0,0.0,0.0,0.0,0.0,0.0,0.0,0.0,0.0,0.0,0.0,1.0,0.0,0.0,0.0,0.0,0.0,0.0,2.0,0.0,0.0,0.0,0.0,0.0,0.0,0.0,0.0,0.0,0.0,0.0,0.0,0.0,2.0,0.0,0.0,0.0,0.0,0.0,0.0,0.0,0.0,0.0,0.0,0.0,0.0,0.0,0.0,0.0,0.0,0.0,0.0,0.0,0.0,0.0,0.0,0.0,0.0,0.0,0.0,0.0,0.0,0.0
w,1,-0.150139951251553,-0.144008196720175,-0.1081434873311,-0.074,-0.053,-0.0634709389075,1.162,2.9815290610925,0.0,1.862,35.4055290610925,9.611,0.0173,0.0,0.017,0.0,-0.024673391356623,-0.001921162443699,-0.001045871832774,-0.050529061092499,-0.03,-0.04,1.124,2.878,0.0,1.981,31.711470938907503,9.094,0.0091,0.0,0.009,0.0,-0.024673391356623,-0.150139951251553,-0.001921162443699,-0.144008196720175,-0.001045871832774,-0.1081434873311,-0.050529061092499,-0.074,-0.03,-0.053,-0.04,-0.0634709389075,1.162,1.124,2.9815290610925,2.878,0.0,0.0,1.981,1.862,35.4055290610925,31.711470938907503,9.611,9.094,0.0173,0.0091,0.0,0.0,0.017,0.009,0.0,0.0,-35.78615483323284,3.1376690591403102,-36.45637587132491,2.1175290610925,0.0,-9.57281803279825,-6.435116840512751,-8.0040174366555,9403.513117031363,253515.4437421812,156.61279461996074,0.1314058122185,7.849514676240867,7.849514676240867,0.189367126480222,-5.466791658793144,0.378625167519321,189.3340000000001,174.21399999999997,189.09737601,68.0,0.0,0.156257188237573,-0.397718214497826,0.397718214497826,0.156257188237573,1.461538461538461,2.230769230769231,2.923076923076923,-3.735910871536589e-16,-0.244322203247324,-3.7490589553654585e-17,-2.560570387019208,-2.5957115309977986e-17,-2.596666487423637,2.758822180784987e-16,-0.9398085602638092,2.453497813414049,4.058703963166883,786.2911883827928,22.45566544670048,21.44721359549996,7.447213595499958,12.309236629528227,10.618033988749897,5.223606797749979,2.223606797749979,3.973606797749979,1.042705098312484,1.542705098312484,0.5526025491562421,0.8651025491562421,-1.203116883116883,283271.04354553245,1.915117886046155,3.672965532922891,3.348214196972233,102.16688779272296,5.719716975726273,8.073872300533118,2.823684156656401,0.0,0.0,0.0,0.0,0.0,0.0,5.543708472846108,37.43077054804066,12.08483741532659,23.587664771912536,5.483034224680881,20.64354538686926,13.76125857521668,0.0,0.0,0.0,19.42549881385843,5.719716975726273,29.733126322350174,0.0,11.464142791701752,5.719716975726273,5.687386274683562,0.0,0.0,8.073872300533118,0.0,11.464142791701752,23.383312721909853,24.16967483065318,22.249182970514827,0.0,0.0,26.02,62.91988371142528,0.0,0.0,5.719716975726273,0.0,0.0,0.0,0.0,11.464142791701752,0.0,20.64354538686926,113.51979162729909,0.0,0.0,0.0,0.158224048878811,1.971566358024691,-3.290200735386745,0.0,-10.448145195578231,-5.466791658793144,0.272727272727272,13.0,2.0,1.0,0.0,0.0,0.0,1.0,0.0,1.0,1.0,1.0,2.0,4.0,0.0,0.0,0.0,1.0,2.497700000000001,61.07840000000002,0.0,0.0,0.0,1.0,0.0,0.0,0.0,0.0,0.0,0.0,0.0,0.0,0.0,0.0,0.0,0.0,0.0,1.0,0.0,0.0,0.0,0.0,0.0,0.0,0.0,0.0,0.0,0.0,0.0,1.0,0.0,0.0,0.0,0.0,1.0,0.0,0.0,0.0,0.0,0.0,0.0,0.0,0.0,0.0,0.0,0.0,0.0,0.0,0.0,0.0,0.0,0.0,0.0,0.0,0.0,0.0,0.0,0.0,0.0,0.0,0.0,0.0,0.0,0.0,1.0,0.0,0.0,0.0,0.0,0.0,0.0,0.0,0.0,0.0,0.0,0.0,0.0,0.0,0.0,0.0,0.0,0.0,0.0,0.0,0.0
x,1,-0.139717692327925,-0.13529,-0.099555016628041,-0.069,-0.054,-0.061,1.164,2.971,0.0,1.861,35.087,9.568,0.0153,0.0,0.015,0.0,-0.02501957109241,-0.002064983371958,-0.001614983371958,-0.041,-0.051,-0.046,1.118,2.8840000000000003,0.0,1.974,31.727498337195893,9.096,0.0084,0.0,0.008,0.0,-0.02501957109241,-0.139717692327925,-0.002064983371958,-0.13529,-0.001614983371958,-0.099555016628041,-0.041,-0.069,-0.051,-0.054,-0.046,-0.061,1.164,1.118,2.971,2.8840000000000003,0.0,0.0,1.974,1.861,35.087,31.727498337195893,9.568,9.096,0.0153,0.0084,0.0,0.0,0.015,0.008,0.0,0.0,-30.283137740442413,3.402820326039409,-30.817672026431524,0.9239900231753452,0.0,-10.277149501158767,-6.874299667439178,-8.575699667439178,7873.776363188957,240291.91361446097,144.6721981130707,0.1206,7.585764676240867,7.585764676240867,0.288687326782564,-5.204033604182412,0.425193384352015,180.34800000000007,168.25199999999995,180.04289791399998,58.0,0.0,0.129347279795933,-0.151104729455927,0.151104729455927,0.129347279795933,1.636363636363636,2.454545454545454,3.0,5.225023392932071e-16,-0.244322203247325,-1.3980417656289646e-16,-2.560362918273705,-3.280142504171216e-17,-2.596468891590979,5.968928718940523e-17,-0.939794351702777,2.496743034665815,3.73201916390249,615.4833042891302,18.430721420318147,17.408248290463863,7.224744871391589,10.06034906955374,8.658248290463863,5.474744871391589,1.806186217847897,4.168558653543692,0.755155181539914,1.765465544619743,0.391624145231931,1.112372435695794,-0.5231168831168831,34235.340491337665,1.862477234709199,3.249284794013893,3.403255022315771,90.1363356011416,0.0,8.073872300533118,0.0,0.0,0.0,0.0,0.0,0.0,11.336785877934735,5.543708472846108,25.34593313271408,11.398533117330894,23.25639290689657,4.11227566851066,16.44910267404264,19.41065817846785,0.0,0.0,0.0,19.42549881385843,0.0,22.31809901869549,0.0,11.464142791701752,0.0,0.0,0.0,11.336785877934735,8.073872300533118,0.0,11.464142791701752,22.01255416573964,16.754647526998493,19.42549881385843,0.0,0.0,0.0,33.54178982205484,0.0,0.0,16.275680311032197,11.336785877934735,0.0,0.0,0.0,5.543708472846108,5.920434318855644,16.44910267404264,89.80868508282941,0.605787588183421,0.0,-0.596997039556562,1.624699074074074,2.109760802469135,-0.447198601662887,0.0,-9.956258857709754,-5.204033604182412,0.333333333333333,11.0,0.0,0.0,0.0,0.0,0.0,0.0,1.0,1.0,1.0,0.0,2.0,3.0,0.0,0.0,0.0,1.0,2.977000000000001,54.54300000000003,0.0,0.0,0.0,0.0,0.0,0.0,0.0,0.0,0.0,0.0,0.0,0.0,0.0,0.0,0.0,0.0,0.0,0.0,0.0,0.0,0.0,0.0,0.0,0.0,0.0,0.0,0.0,0.0,0.0,0.0,0.0,0.0,0.0,0.0,0.0,0.0,0.0,0.0,0.0,0.0,0.0,0.0,0.0,0.0,0.0,0.0,0.0,0.0,0.0,0.0,0.0,0.0,0.0,0.0,0.0,0.0,0.0,0.0,0.0,0.0,0.0,0.0,0.0,0.0,0.0,0.0,0.0,0.0,0.0,0.0,0.0,0.0,0.0,0.0,0.0,0.0,0.0,0.0,0.0,0.0,0.0,0.0,1.0,0.0,0.0
y,1,-0.135160878242966,-0.127615044190414,-0.091785044190414,-0.074,-0.054,-0.064,1.166,2.961,0.0,1.861,34.949,9.549,0.0228,0.0,0.022,0.0,-0.027411483276573,-0.00942,-0.007255044190414,-0.042,-0.05,-0.046,1.112,2.897,0.0,2.01,31.758,9.101,0.0099,0.0,0.01,0.0,-0.027411483276573,-0.135160878242966,-0.00942,-0.127615044190414,-0.007255044190414,-0.091785044190414,-0.042,-0.074,-0.05,-0.054,-0.046,-0.064,1.166,1.112,2.961,2.897,0.0,0.0,2.01,1.861,34.949,31.758,9.549,9.101,0.0228,0.0099,0.0,0.0,0.022,0.01,0.0,0.0,-30.2843823287538,3.131972192256047,-30.81852213891112,0.7539646476684371,0.0,-10.2084460228627,-7.076499116191711,-8.642447790479277,7875.455853468542,240364.40954710392,144.7111792412215,0.152,7.585764676240867,7.585764676240867,0.185532407407406,-5.174340356512974,0.425193384352015,180.3480000000001,168.25199999999998,180.042897914,58.0,0.0,0.129386090005849,-0.135275279357901,0.135275279357901,0.129386090005849,1.636363636363636,2.454545454545454,3.0,7.255608414311757e-16,-0.244322203247325,-2.303221655100266e-16,-2.560167401859869,-5.356406087009994e-17,-2.596389993964336,3.54889631467731e-16,-0.9397934818733672,2.518866663730714,3.692273667725863,615.4833042891302,18.430721420318147,17.408248290463863,7.224744871391589,10.06034906955374,8.658248290463863,5.474744871391589,1.7832482904638631,4.349744871391589,0.743686217847897,1.856058653543692,0.391624145231931,1.202965544619743,-0.5231168831168831,35102.925825751234,1.862477234709199,3.249284794013893,3.403255022315771,90.13633560114158,0.0,8.073872300533118,0.0,0.0,0.0,0.0,0.0,0.0,0.0,16.880494350780843,31.388351840377368,11.398533117330894,12.33682700553198,8.98942286221196,16.44910267404264,19.41065817846785,0.0,0.0,0.0,19.42549881385843,0.0,22.318099018695484,0.0,11.464142791701752,0.0,0.0,0.0,11.336785877934735,8.073872300533118,0.0,11.464142791701752,21.326249867743936,17.440951824994187,19.42549881385843,0.0,0.0,0.0,39.58420852971813,0.0,0.0,10.2332616033689,11.336785877934735,0.0,0.0,0.0,5.543708472846108,5.920434318855644,16.44910267404264,89.6372657627866,0.602811791383219,-0.185532407407406,-0.288687326782564,1.975925925925926,2.157908950617284,-0.87477481733434,0.0,-9.906133078231292,-5.174340356512974,0.333333333333333,11.0,0.0,0.0,0.0,0.0,0.0,0.0,1.0,1.0,1.0,0.0,2.0,3.0,0.0,0.0,0.0,1.0,2.977000000000001,54.54300000000003,0.0,0.0,0.0,0.0,0.0,0.0,0.0,0.0,0.0,0.0,0.0,0.0,0.0,0.0,0.0,0.0,0.0,0.0,0.0,0.0,0.0,0.0,0.0,0.0,0.0,0.0,0.0,0.0,0.0,0.0,0.0,0.0,0.0,0.0,0.0,0.0,0.0,0.0,0.0,0.0,0.0,0.0,0.0,0.0,0.0,0.0,0.0,0.0,0.0,0.0,0.0,0.0,0.0,0.0,0.0,0.0,0.0,0.0,0.0,0.0,0.0,0.0,0.0,0.0,0.0,0.0,0.0,0.0,0.0,0.0,0.0,0.0,0.0,0.0,0.0,0.0,0.0,0.0,0.0,0.0,0.0,0.0,1.0,0.0,0.0
z,1,-0.13434845,-0.12091,-0.0855,-0.08,-0.039,-0.059,1.169,2.951,0.0,1.861,34.925,9.546,0.0193,0.0,0.019,0.0,-0.02822204,-0.00881,-0.00872,-0.045,-0.04,-0.043,1.117,2.892,0.0,1.979,31.809,9.108,0.0095,0.0,0.009,0.0,-0.02822204,-0.13434845,-0.00881,-0.12091,-0.00872,-0.0855,-0.045,-0.08,-0.039,-0.04,-0.043,-0.059,1.169,1.117,2.951,2.892,0.0,0.0,1.979,1.861,34.925,31.809,9.546,9.108,0.0193,0.0095,0.0,0.0,0.019,0.009,0.0,0.0,-32.6161292,2.8960467,-33.21879921,2.478,0.0,-10.013,-7.117,-8.565,7835.872102,214536.920483,142.926714,0.1937,7.676181342907533,7.676181342907533,0.5873842592592581,-5.323556586986645,0.435386051092497,175.3070000000001,162.20299999999995,175.08172594599998,62.0,0.0,0.129347886004285,-0.263432193298389,0.263432193298389,0.129347886004285,1.583333333333333,2.416666666666666,3.166666666666666,7.845445875659296e-16,-0.244322203247325,-1.333530132860769e-16,-2.560445774658284,-2.139722906701336e-16,-2.596530626024527,3.316217848250786e-16,-0.939799306635752,2.350338823176938,3.8385131511885113,696.8337924654746,20.008071689507773,18.94721359549996,6.947213595499958,10.9710326720767,9.447213595499958,4.947213595499958,1.960410196624968,3.710410196624968,0.8420084971874731,1.342008497187474,0.445655948031231,0.7581559480312311,-1.073116883116883,75887.73992273698,1.880831363144783,3.550375932857443,3.356735437066815,93.12059081184442,0.0,8.073872300533118,0.0,0.0,0.0,0.0,4.983978520947208,0.0,0.0,5.543708472846108,25.34593313271408,12.08483741532659,30.24606891885849,5.483034224680881,17.819861230212858,8.073872300533118,0.0,4.983978520947208,0.0,19.42549881385843,0.0,29.994079328653108,0.0,11.464142791701752,0.0,0.0,0.0,0.0,13.057850821480326,0.0,11.464142791701752,23.383312721909853,24.43062783695612,19.42549881385843,0.0,0.0,12.89,57.49345044304464,0.0,0.0,0.0,0.0,0.0,0.0,0.0,11.464142791701752,4.983978520947208,17.819861230212858,97.48018581506676,0.0,3.338037918871252,0.0,1.287197184429327,2.000733024691358,-1.4108859284454511,-1.407826081821617,-10.186107568027214,-5.323556586986645,0.3,12.0,0.0,1.0,0.0,0.0,0.0,0.0,1.0,1.0,1.0,0.0,2.0,3.0,0.0,0.0,0.0,1.0,2.3105,54.46100000000003,0.0,0.0,0.0,0.0,0.0,1.0,0.0,0.0,0.0,0.0,0.0,0.0,0.0,0.0,0.0,1.0,0.0,0.0,0.0,0.0,0.0,0.0,0.0,0.0,0.0,0.0,0.0,0.0,0.0,0.0,0.0,0.0,0.0,0.0,0.0,0.0,0.0,0.0,0.0,0.0,0.0,0.0,0.0,0.0,0.0,0.0,0.0,0.0,0.0,0.0,0.0,0.0,0.0,0.0,0.0,0.0,0.0,0.0,0.0,0.0,0.0,0.0,0.0,0.0,0.0,0.0,0.0,0.0,0.0,0.0,0.0,0.0,0.0,1.0,0.0,0.0,0.0,0.0,0.0,0.0,0.0,0.0,0.0,0.0,0.0
aa,1,-0.12242578,-0.12909,-0.05722,-0.107,-0.072,-0.089,1.146,2.983,0.0,1.885,34.548,9.493,0.0134,0.0,0.013,0.0,-0.0236136999999999,-0.01302,-0.01139,-0.066,-0.052,-0.059,1.113,2.9,0.0,1.981,31.684,9.09,0.0074,0.0,0.007,0.0,-0.0236136999999999,-0.12242578,-0.01302,-0.12909,-0.01139,-0.05722,-0.066,-0.107,-0.052,-0.072,-0.059,-0.089,1.146,1.113,2.983,2.9,0.0,0.0,1.981,1.885,34.548,31.684,9.493,9.09,0.0134,0.0074,0.0,0.0,0.013,0.007,0.0,0.0,-48.07324399,3.79981577,-48.82798862,1.921,0.0,-10.4872,-6.6874,-8.5873,12147.939789,289944.649814,170.454187,0.0837,7.84577310090703,7.84577310090703,0.618671579743008,-3.900160094902158,0.501652071113458,228.1000000000001,210.964,228.132160184,88.0,0.0,0.5509302210740671,-0.392468092798706,0.5509302210740671,0.392468092798706,1.117647058823529,1.7058823529411762,2.235294117647059,1.4428745731674133e-15,-0.247856123733395,-2.8645883108740864e-17,-2.674764782614768,-1.0685544163115882e-17,-2.717161998766627,5.3277429416811915e-16,-1.089964936083327,3.025829848188373,2.865958622441025,941.4835540048864,26.86987900907357,25.393846850117352,8.393846850117352,14.976851288990131,12.918327945849708,4.418327945849708,3.19933956864917,3.19933956864917,1.878440291401028,1.878440291401028,1.013654090286965,1.013654090286965,-1.235064935064935,5916102.519177907,3.014556522133515,4.214264315713828,2.541890017490234,127.3485272513599,9.308716268050691,0.0,0.0,0.0,0.0,7.118392334224363,0.0,0.0,0.0,0.0,29.867476529419008,39.4924058845093,22.01255416573964,18.05589440281848,32.611611722944424,7.118392334224363,0.0,0.0,0.0,38.60967009115009,0.0,35.77554503001347,0.0,11.740220406429126,0.0,0.0,0.0,0.0,18.32049395619174,9.308716268050691,11.740220406429126,56.27391541577351,30.21209353831648,0.0,0.0,0.0,18.46,81.50360745538792,0.0,0.0,0.0,0.0,0.0,0.0,0.0,5.8197860875734815,5.920434318855644,32.611611722944424,141.89096536510226,0.0,0.0,0.0,-8.418991769547326,4.06937358276644,-3.809617523062686,0.0,-15.52297540355802,-2.375420918367346,0.428571428571428,17.0,0.0,2.0,0.0,1.0,1.0,1.0,0.0,1.0,2.0,0.0,3.0,4.0,0.0,1.0,1.0,2.0,2.669500000000001,69.40200000000004,0.0,0.0,0.0,0.0,0.0,0.0,0.0,0.0,0.0,0.0,0.0,0.0,0.0,0.0,0.0,0.0,0.0,0.0,0.0,0.0,0.0,0.0,0.0,0.0,0.0,0.0,0.0,0.0,0.0,0.0,0.0,0.0,0.0,0.0,1.0,0.0,0.0,0.0,0.0,0.0,0.0,0.0,0.0,0.0,0.0,0.0,0.0,0.0,0.0,0.0,0.0,0.0,0.0,0.0,0.0,0.0,0.0,0.0,0.0,0.0,0.0,0.0,0.0,0.0,0.0,0.0,0.0,0.0,0.0,0.0,0.0,0.0,0.0,0.0,0.0,0.0,0.0,0.0,0.0,0.0,0.0,0.0,0.0,0.0,0.0
bb,1,-0.045214811651732,-0.047286754329199,-0.05762753963118,-0.115,-0.099146614108533,-0.106842939603792,1.107,2.94,0.0,1.967460734900948,32.280303674504744,9.17546073490095,0.011738220470284,0.0,0.012,0.0,-0.059106587555787,-0.069873299732644,-0.072633299732644,-0.047921469801896,-0.079460734900948,-0.063460734900948,1.095,2.974460734900948,0.0,1.980539265099051,32.65291102351423,9.227921469801895,0.006884293960379,0.0,0.007,0.0,-0.045214811651732,-0.059106587555787,-0.047286754329199,-0.069873299732644,-0.05762753963118,-0.072633299732644,-0.047921469801896,-0.115,-0.079460734900948,-0.099146614108533,-0.063460734900948,-0.106842939603792,1.107,1.095,2.974460734900948,2.94,0.0,0.0,1.980539265099051,1.967460734900948,32.65291102351423,32.280303674504744,9.227921469801895,9.17546073490095,0.011738220470284,0.006884293960379,0.0,0.0,0.012,0.007,0.0,0.0,-26.45110918479372,3.860726477255473,-27.002875799213257,0.911581050249744,0.0,-10.273420498389353,-6.412717327894938,-8.343072839652052,4701.946719749732,114658.9057896559,109.04676829331326,0.069014661410853,7.561021352985639,7.561021352985639,0.42673611111111,-2.9927242772108853,0.473076679554328,130.18999999999997,120.10999999999996,130.07825032,50.0,0.0,0.063585979615734,-0.098182977175668,0.098182977175668,0.063585979615734,1.6,2.4,3.1,1.9195097540541088e-15,-0.247484902310978,-1.448736651381296e-16,-2.338136174921266,-1.445941823917548e-16,-2.225716971681713,4.075561379417887e-16,-1.047727584075696,2.321901244529363,3.468259397498843,572.1752673564365,15.878315177510853,15.0,5.0,8.898553027005267,7.5,2.5,1.375,1.375,0.75,0.75,0.40625,0.40625,-1.22,11818.47733465446,1.506824018028378,3.739050020700816,1.949161609659886,75.94010197062077,0.0,0.0,0.0,0.0,0.0,0.0,0.0,0.0,0.0,0.0,36.82001687799685,12.08483741532659,18.79016917387748,6.853792780851101,13.7075855617022,0.0,0.0,0.0,0.0,13.22481701862506,0.0,35.77554503001347,0.0,11.840868637711289,0.0,0.0,0.0,0.0,0.0,0.0,11.840868637711289,32.49585407202425,30.21209353831648,0.0,0.0,0.0,0.0,49.00036204863853,0.0,0.0,0.0,0.0,0.0,0.0,0.0,5.920434318855644,5.920434318855644,13.7075855617022,72.87160670981355,0.0,0.0,0.0,-0.42673611111111,3.877336073318216,-2.992078648589064,-2.8374037462207102,-2.9927242772108853,0.0,0.2,10.0,0.0,0.0,0.0,0.0,0.0,1.0,0.0,1.0,0.0,0.0,0.0,1.0,0.0,0.0,0.0,1.0,2.4481,43.611000000000026,0.0,0.0,0.0,0.0,0.0,0.0,0.0,0.0,0.0,0.0,0.0,0.0,0.0,0.0,0.0,0.0,0.0,0.0,0.0,0.0,0.0,0.0,0.0,0.0,0.0,0.0,0.0,0.0,0.0,0.0,0.0,0.0,0.0,0.0,1.0,0.0,0.0,0.0,0.0,0.0,0.0,0.0,0.0,0.0,0.0,0.0,0.0,0.0,0.0,0.0,0.0,0.0,0.0,0.0,0.0,0.0,0.0,0.0,0.0,0.0,0.0,0.0,0.0,0.0,0.0,0.0,0.0,0.0,0.0,0.0,0.0,0.0,0.0,0.0,0.0,0.0,0.0,0.0,0.0,0.0,0.0,0.0,0.0,0.0,0.0
cc,0,-0.04381356,-0.05401,-0.05626,-0.06,-0.071,-0.065,1.094,2.96,0.0,1.982,32.23,9.168,0.0178,0.0,0.018,0.0,-0.03618839,-0.04099,-0.04322,-0.069,-0.058,-0.063,1.099,2.942,0.0,1.981,32.022,9.139,0.0169,0.0,0.017,0.0,-0.03618839,-0.04381356,-0.04099,-0.05401,-0.04322,-0.05626,-0.06,-0.069,-0.058,-0.071,-0.063,-0.065,1.099,1.094,2.96,2.942,0.0,0.0,1.982,1.981,32.23,32.022,9.168,9.139,0.0178,0.0169,0.0,0.0,0.018,0.017,0.0,0.0,-43.31677336,2.97370803,-44.06903808,3.734,0.0,-10.1688,-7.1951,-8.6819,9165.099353,232130.649877,153.14214,0.1709,13.508696871246336,13.508696871246336,0.377790532879818,-1.317826412270857,0.6655305104874041,212.22300000000004,203.15099999999995,212.063743128,78.0,0.0,0.293092083428424,-0.5079654801673811,0.5079654801673811,0.293092083428424,0.9375,1.4375,1.9375,11.74791367366739,-0.089325780161285,0.6603736800819321,-2.173063645757899,0.72264414756777,-2.01424237925547,2.88002815627821,-0.7509668391161951,2.59203229551422,2.736527990000155,888.019774815448,19.04952357383516,16.786212763473088,7.78621276347309,11.62800407528477,8.551354672200407,4.143106381736545,2.643106381736545,2.643106381736545,1.509053190868272,1.509053190868272,0.848276595434136,0.848276595434136,-2.269999999999999,243521.43416356103,3.951225974400516,4.499562176046676,2.613957875780819,105.90878086097324,5.108808191107212,11.5667326743298,0.0,0.0,1.431199657232634,0.0,0.0,4.39041504767482,0.0,0.0,11.840868637711289,48.33934966130636,11.126902983393991,10.96606844936176,20.46529168814379,0.0,1.431199657232634,0.0,0.0,0.0,0.0,65.28347348574624,0.0,17.590380470995193,0.0,4.39041504767482,5.749511833283905,0.0,6.540007848339846,0.0,17.658089478757184,22.09297143275575,48.33934966130636,0.0,0.0,0.0,20.23,65.46953382733315,4.39041504767482,0.0,5.563451491696996,0.0,0.0,0.0,0.0,0.0,16.9496768288185,12.397268106594394,81.26865580342177,0.0,0.0,4.073614798217521,-0.813828236541529,2.634050753055533,-5.662493118153289,0.0,0.0,0.0,0.0,16.0,1.0,1.0,0.0,0.0,0.0,2.0,0.0,2.0,1.0,1.0,2.0,1.0,0.0,0.0,0.0,2.0,2.9311,60.48680000000003,0.0,0.0,0.0,0.0,0.0,0.0,0.0,1.0,0.0,0.0,0.0,0.0,0.0,0.0,0.0,0.0,0.0,0.0,0.0,0.0,0.0,0.0,0.0,0.0,0.0,0.0,0.0,0.0,0.0,0.0,0.0,0.0,0.0,0.0,2.0,0.0,0.0,0.0,0.0,0.0,0.0,0.0,0.0,0.0,1.0,0.0,0.0,0.0,0.0,0.0,0.0,0.0,0.0,0.0,0.0,0.0,0.0,0.0,0.0,0.0,0.0,0.0,0.0,0.0,0.0,1.0,1.0,0.0,0.0,0.0,0.0,0.0,0.0,0.0,0.0,0.0,0.0,0.0,0.0,0.0,0.0,0.0,0.0,0.0,0.0
dd,0,-0.036025837977514,-0.049134997961204,-0.051394997961204,-0.025,-0.079999999999999,-0.052,1.089999999999999,2.96,0.0,1.981999999999999,32.017,9.138,0.029399999999999,0.0,0.028999999999999,0.0,-0.018659608890895,-0.014254997961204,-0.01652,-0.056999999999999,-0.059,-0.057999999999999,1.105999999999999,2.907999999999999,0.0,1.983,31.55,9.070999999999998,0.034099999999999,0.0,0.034,0.0,-0.018659608890895,-0.036025837977514,-0.014254997961204,-0.049134997961204,-0.01652,-0.051394997961204,-0.025,-0.056999999999999,-0.059,-0.079999999999999,-0.052,-0.057999999999999,1.105999999999999,1.089999999999999,2.96,2.907999999999999,0.0,0.0,1.983,1.981999999999999,32.017,31.55,9.138,9.070999999999998,0.034099999999999,0.029399999999999,0.0,0.0,0.034,0.028999999999999,0.0,0.0,-45.47980549515698,1.845006552763449,-46.25746347719228,9.427999592240823,0.0,-10.8409,-8.99594997961204,-9.918399999999998,10326.44584084884,259982.71244573817,162.21405103139745,0.443049979612041,10.887705963498467,10.887705963498467,0.383135183085579,-1.034245399695435,0.423452241212991,223.23100000000005,214.159,223.063328528,82.0,0.0,0.269010251013777,-0.258309628812957,0.269010251013777,0.258309628812957,0.9411764705882352,1.470588235294117,2.0,12.240878130903605,-0.093500506641362,0.6545091843791321,-2.158069028811311,0.7226441475677701,-2.033212218515364,3.366056622764684,-0.446190472355897,2.58473241887133,2.767101223852618,965.778685275801,19.91976706183824,17.263710176427686,8.263710176427685,12.000682875346945,8.83875516942009,4.338755169420089,2.730716582835027,2.730716582835027,1.6068775847100452,1.6068775847100452,0.897188792355022,0.897188792355022,-2.599999999999999,338599.94687214424,4.34302606826122,4.950941945405613,2.925060467616232,111.51531717022355,0.0,0.0,0.0,0.0,5.687386274683562,0.0,10.114318268765572,0.0,0.0,0.0,29.968124760701173,24.16967483065318,23.21174039872058,17.26013805434965,17.26013805434965,5.687386274683562,0.0,0.0,0.0,0.0,0.0,75.62298962112922,0.0,11.840868637711289,0.0,5.687386274683562,0.0,0.0,4.923311048817671,0.0,21.95518690647686,23.46372998892597,54.38176836896965,0.0,0.0,0.0,43.14,70.5559171841679,10.114318268765572,0.0,5.563451491696996,0.0,0.0,0.0,0.0,0.0,11.840868637711289,12.33682700553198,68.8735607521931,0.0,9.853460563803033,10.887705963498467,-1.8500145631918712,4.5117370559334855,-6.276449772236208,0.0,0.0,0.0,0.0,17.0,0.0,3.0,0.0,0.0,0.0,2.0,0.0,2.0,2.0,0.0,3.0,1.0,0.0,0.0,0.0,2.0,2.994600000000001,65.51840000000003,0.0,0.0,0.0,0.0,0.0,0.0,0.0,0.0,0.0,0.0,0.0,0.0,0.0,0.0,0.0,1.0,0.0,0.0,0.0,0.0,0.0,0.0,0.0,0.0,0.0,0.0,0.0,0.0,0.0,0.0,0.0,0.0,0.0,0.0,2.0,0.0,0.0,0.0,0.0,0.0,0.0,0.0,0.0,0.0,0.0,0.0,0.0,0.0,0.0,0.0,0.0,0.0,0.0,0.0,0.0,0.0,0.0,0.0,1.0,1.0,0.0,0.0,0.0,0.0,0.0,0.0,0.0,0.0,0.0,0.0,0.0,0.0,0.0,0.0,0.0,0.0,0.0,0.0,0.0,0.0,0.0,0.0,0.0,0.0,0.0
ee,0,-0.04134105,-0.04799,-0.05024,-0.035,-0.075,-0.055,1.096,2.952,0.0,1.982,32.163,9.159,0.0165,0.0,0.016,0.0,-0.03011268,-0.0319,-0.03417,-0.07,-0.063,-0.066,1.104,2.928,0.0,1.982,31.858,9.115,0.0206,0.0,0.021,0.0,-0.03011268,-0.04134105,-0.0319,-0.04799,-0.03417,-0.05024,-0.035,-0.07,-0.063,-0.075,-0.055,-0.066,1.104,1.096,2.952,2.928,0.0,0.0,1.982,1.982,32.163,31.858,9.159,9.115,0.0206,0.0165,0.0,0.0,0.021,0.016,0.0,0.0,-39.53370884,3.00438334,-40.39276678,5.631,0.0,-10.6912,-7.6868,-9.189,9948.181782,256021.404751,161.146539,0.1973,8.905074332440057,8.905074332440057,0.312758382674056,-0.566506393905383,0.603742505974286,203.24400000000003,194.172,203.073499288,74.0,0.0,0.099110318551792,-0.192437039952193,0.192437039952193,0.099110318551792,0.75,1.25,1.8125,11.592143128682975,-0.093500505947074,0.654509184379075,-2.161418189368692,0.7226441475677701,-2.016172305111721,2.880028156278212,-0.434300934472941,2.59203229551422,2.7640809182537023,950.8534923188524,19.04952357383516,16.94721359549996,7.947213595499958,11.62800407528477,8.72360679774998,4.223606797749979,2.611803398874989,2.611803398874989,1.5493033988749891,1.5493033988749891,0.868401699437494,0.868401699437494,-2.509999999999999,243521.43416356103,3.813913095089873,4.823126730687161,2.499724197365718,107.6198632435891,0.0,0.0,0.0,0.0,0.0,0.0,0.0,0.0,5.261891554738487,0.0,29.968124760701173,36.25451224597977,11.126902983393991,23.969499810021247,12.33682700553198,0.0,5.261891554738487,0.0,0.0,0.0,0.0,71.07212284406063,0.0,17.91008995050356,0.0,0.0,0.0,0.0,0.0,0.0,23.171981505242048,29.027181480622964,54.38176836896965,0.0,0.0,0.0,23.79,59.94521986066665,0.0,0.0,11.126902983393991,0.0,0.0,0.0,6.069221312792274,0.0,11.840868637711289,17.598718560270466,69.26499565664372,0.0,0.0,8.905074332440057,-1.045008133150719,4.685826483371127,-3.310888339304192,0.0,0.0,0.0,0.0,16.0,0.0,1.0,0.0,0.0,0.0,2.0,0.0,2.0,1.0,0.0,1.0,0.0,0.0,0.0,0.0,2.0,2.95808,63.57900000000003,0.0,0.0,0.0,0.0,0.0,0.0,0.0,0.0,0.0,0.0,0.0,0.0,0.0,0.0,0.0,1.0,0.0,0.0,0.0,0.0,0.0,0.0,0.0,0.0,0.0,0.0,0.0,0.0,0.0,0.0,0.0,0.0,0.0,0.0,2.0,0.0,0.0,0.0,0.0,0.0,0.0,0.0,0.0,0.0,0.0,0.0,0.0,0.0,0.0,0.0,0.0,0.0,0.0,0.0,0.0,0.0,0.0,1.0,0.0,0.0,0.0,0.0,0.0,0.0,0.0,0.0,0.0,0.0,0.0,0.0,0.0,0.0,0.0,0.0,0.0,0.0,0.0,0.0,0.0,0.0,0.0,0.0,0.0,0.0,0.0
ff,0,-0.13954809942506,-0.132494986310975,-0.096704986310975,-0.083,-0.052,-0.067,1.165,2.968,0.0,1.861,35.082,9.567,0.0109,0.0,0.011,0.0,-0.02516117904878,-0.00361,-0.002784986310975,-0.07,-0.056,-0.063,1.114,2.889,0.0,1.969,31.735,9.097,0.0076,0.0,0.008,0.0,-0.02516117904878,-0.13954809942506,-0.00361,-0.132494986310975,-0.002784986310975,-0.096704986310975,-0.07,-0.083,-0.052,-0.056,-0.063,-0.067,1.165,1.114,2.968,2.889,0.0,0.0,1.969,1.861,35.082,31.735,9.567,9.097,0.0109,0.0076,0.0,0.0,0.011,0.008,0.0,0.0,-31.107860652077225,3.999701636628838,-31.637846629598503,0.444,0.0,-10.344999726219507,-6.345249863109753,-8.345149863109754,6488.307201015494,179168.7214427957,129.66613307427133,0.065,7.4815980095742,7.4815980095742,0.509606481481481,-5.250329900478709,0.423982669477402,164.2800000000001,152.18399999999997,164.06574153399998,58.0,0.0,0.129349223817711,-0.471285932462196,0.471285932462196,0.129349223817711,1.636363636363636,2.454545454545454,3.0,1.87513516615638e-15,-0.244322203247324,-9.915231689160664e-17,-2.560290176116225,-2.7509473186163922e-17,-2.59647165346855,1.4215603476479612e-16,-0.93979656473565,2.496743034665815,3.73201916390249,615.4833042891302,18.430721420318147,17.408248290463863,6.408248290463863,10.06034906955374,8.658248290463863,4.658248290463863,1.806186217847897,3.556186217847897,0.755155181539914,1.255155181539914,0.391624145231931,0.704124145231931,-0.943116883116883,34235.340491337665,1.695636065012896,2.975327814295154,3.102662309994191,85.29030159480693,4.417150937053347,17.0546040477143,0.0,0.0,0.0,0.0,0.0,0.0,0.0,5.543708472846108,25.34593313271408,6.042418707663295,12.33682700553198,13.173424682707957,20.866253611095985,8.073872300533118,0.0,0.0,0.0,19.42549881385843,0.0,24.08429946904177,0.0,11.464142791701752,0.0,0.0,0.0,0.0,8.073872300533118,0.0,11.464142791701752,22.01255416573964,22.93799891439813,19.42549881385843,0.0,0.0,13.14,51.58367058343332,0.0,0.0,0.0,0.0,0.0,0.0,0.0,11.464142791701752,4.417150937053347,16.44910267404264,93.6040134873394,0.0,0.0,0.0,1.372847222222222,2.005594135802469,-0.6323837868480721,-1.430330372889896,-10.058299674036284,-5.250329900478709,0.333333333333333,11.0,0.0,1.0,0.0,0.0,0.0,0.0,1.0,1.0,1.0,0.0,2.0,3.0,0.0,0.0,0.0,1.0,2.5085,48.93200000000002,0.0,0.0,0.0,0.0,0.0,0.0,0.0,0.0,0.0,0.0,0.0,0.0,0.0,0.0,0.0,0.0,0.0,0.0,0.0,0.0,0.0,0.0,0.0,0.0,0.0,0.0,0.0,0.0,0.0,0.0,0.0,0.0,0.0,0.0,0.0,0.0,0.0,0.0,0.0,0.0,0.0,0.0,1.0,0.0,0.0,0.0,0.0,0.0,0.0,0.0,0.0,0.0,0.0,0.0,0.0,0.0,0.0,0.0,0.0,0.0,0.0,0.0,0.0,0.0,0.0,0.0,0.0,0.0,0.0,0.0,0.0,0.0,0.0,0.0,0.0,0.0,0.0,0.0,0.0,0.0,0.0,0.0,0.0,0.0,0.0
gg,0,-0.06164853710469,-0.069535026124458,-0.080633935321674,-0.210149357196373,-0.09223895775086,-0.151078248351002,1.1,2.969273048769656,0.0,1.966273048769656,32.735920285957484,9.239817948615524,0.0013,0.0,0.001,0.0,-0.062901140279174,-0.069926336867614,-0.080993869781412,-0.210149357196373,-0.09172368047457,-0.151052427958086,1.1,2.969788326045946,0.0,1.966530687407801,32.770690149903544,9.24470740663853,0.0013,0.0,0.001,0.0,-0.061631544384165,-0.0629181329997,-0.0695160265767,-0.069945336415371,-0.080617310717386,-0.0810104943857,-0.210149357196373,-0.210149357196373,-0.09172368047457,-0.09223895775086,-0.150820609712857,-0.151310066596231,1.1,1.1,2.969788326045946,2.969273048769656,0.0,0.0,1.966530687407801,1.966273048769656,32.77116513859748,32.73544529726354,9.244944900985502,9.239580454268552,0.0013,0.0013,0.0,0.0,0.001,0.001,0.0,0.0,-24.22639815593733,6.627347662586159,-24.67105488684683,0.068570411866194,0.0,-10.39409070129948,-3.76673069104189,-7.080424348609169,3782.1662021318966,83295.4829360476,93.01483228315256,0.003276818175477,7.353266723356009,7.353266723356009,1.407638888888888,-3.462523030045353,0.479170201039912,110.19999999999992,96.08799999999998,110.109550448,46.0,0.0,0.040221019344355,-0.103333766317111,0.103333766317111,0.040221019344355,1.25,1.75,2.125,-7.283667081627823e-16,-0.249280647113216,-9.540678256714283e-17,-2.503232837593252,-2.997539917857918e-16,-2.376280117187833,-1.626836461009697e-16,-1.098267921371745,2.226715298257602,5.834665017133331,423.78709285574047,18.414213562373096,18.0,4.0,9.207106781186548,8.75,1.75,0.75,0.75,0.3125,0.3125,0.125,0.125,-0.44,11100.17576181415,0.7696322427288831,6.5600000000000005,5.559999999999999,71.96265822281447,0.0,0.0,0.0,0.0,0.0,0.0,0.0,0.0,0.0,11.840868637711289,13.70378423459136,12.74584980265876,31.936469589041835,0.0,19.19061978638308,0.0,0.0,0.0,0.0,39.19548383990888,0.0,0.0,0.0,11.840868637711289,0.0,0.0,0.0,0.0,0.0,0.0,11.840868637711289,58.386103626292,0.0,0.0,0.0,0.0,0.0,39.19548383990888,0.0,0.0,0.0,0.0,0.0,11.840868637711289,0.0,0.0,0.0,19.19061978638308,100.11500496031748,0.0,0.0,0.0,0.0,2.8152777777777773,0.0,-13.626590844671206,-6.803691893424038,0.0,0.75,8.0,0.0,0.0,0.0,0.0,0.0,0.0,0.0,0.0,0.0,0.0,0.0,4.0,0.0,0.0,0.0,0.0,2.59,37.592,0.0,0.0,0.0,0.0,0.0,0.0,0.0,0.0,0.0,0.0,0.0,0.0,0.0,0.0,0.0,0.0,0.0,0.0,0.0,0.0,0.0,0.0,0.0,0.0,0.0,0.0,0.0,0.0,0.0,0.0,0.0,0.0,0.0,0.0,0.0,0.0,0.0,0.0,0.0,0.0,0.0,0.0,0.0,0.0,0.0,0.0,0.0,0.0,0.0,0.0,0.0,0.0,0.0,0.0,0.0,0.0,0.0,0.0,0.0,0.0,0.0,0.0,0.0,0.0,0.0,0.0,0.0,0.0,0.0,0.0,0.0,0.0,0.0,0.0,0.0,0.0,0.0,0.0,0.0,0.0,0.0,0.0,0.0,0.0,0.0
hh,0,-0.040936119498843,-0.049517735458678,-0.051767735458678,-0.023962136095454,-0.062253155325378,-0.042734223373106,1.095253155325378,2.954240534023863,0.0,1.9817468446746207,32.15140534023864,9.156987378698483,0.020867111686553,0.0,0.020493689349242,0.0,-0.032291930395411,-0.031799398106727,-0.034059398106727,-0.048506310650757,-0.052974757396969,-0.051240534023863,1.103506310650757,2.928734223373106,0.0,1.982,31.91632961242955,9.12322791272235,0.024967111686553,0.0,0.025240534023863,0.0,-0.032291930395411,-0.040936119498843,-0.031799398106727,-0.049517735458678,-0.034059398106727,-0.051767735458678,-0.023962136095454,-0.048506310650757,-0.052974757396969,-0.062253155325378,-0.042734223373106,-0.051240534023863,1.103506310650757,1.095253155325378,2.954240534023863,2.928734223373106,0.0,0.0,1.982,1.9817468446746207,32.15140534023864,31.91632961242955,9.156987378698483,9.12322791272235,0.024967111686553,0.020867111686553,0.0,0.0,0.025240534023863,0.020493689349242,0.0,0.0,-60.332211189429785,2.397469232761112,-61.42123872763349,4.81119223670304,0.0,-10.533336624102912,-8.135904078108485,-9.33458300887197,19486.29817781689,496476.871085802,224.51277932949355,0.377180024706099,13.85530006004981,13.85530006004981,0.4509512885498,-1.500577869717931,0.5043717979019431,300.33199999999977,287.228,300.0950432560004,110.0,0.0,0.192524567910434,-0.288615923579773,0.288615923579773,0.192524567910434,0.7391304347826081,1.217391304347826,1.782608695652173,11.670531189125333,-0.093503148826301,0.654509184379069,-2.212100978377582,0.72264414756777,-2.151252772309987,2.880028156278208,-0.434301411664403,2.841484968212715,2.259746687574068,1465.5425264979497,27.383868676976,24.286212763473088,11.28621276347309,16.643417285438783,12.643106381736544,6.143106381736545,4.018106381736545,4.018106381736545,2.486115263484238,2.486115263484238,1.461807631742119,1.461807631742119,-3.179999999999999,42073867.92432568,5.790090538656012,6.7207809432045,3.722447257053577,152.23131727182565,0.0,5.817220841045895,5.783244946364939,0.0,0.0,0.0,4.794537184071822,4.39041504767482,0.0,0.0,29.968124760701173,60.42418707663295,22.253805966787983,17.819861230212858,27.004813461959497,5.783244946364939,0.0,0.0,0.0,0.0,0.0,106.62247000745674,0.0,11.840868637711289,0.0,4.39041504767482,0.0,0.0,5.783244946364939,0.0,17.658089478757184,44.86820438107269,78.55144319962284,0.0,0.0,0.0,17.07,112.40571495382169,9.184952231746642,0.0,0.0,0.0,0.0,0.0,0.0,0.0,11.840868637711289,17.819861230212858,116.04324686021188,0.0,13.05581631875168,0.0,-2.85099407600951,1.637453877007899,-11.21885631329526,0.0,0.0,0.0,0.0,23.0,0.0,1.0,0.0,0.0,0.0,3.0,0.0,3.0,1.0,0.0,2.0,2.0,0.0,0.0,0.0,3.0,4.456500000000004,88.69650000000001,0.0,0.0,0.0,0.0,0.0,0.0,0.0,0.0,0.0,0.0,1.0,1.0,0.0,0.0,0.0,0.0,0.0,0.0,0.0,0.0,0.0,0.0,0.0,0.0,0.0,0.0,0.0,0.0,0.0,0.0,0.0,0.0,0.0,0.0,3.0,0.0,0.0,0.0,0.0,0.0,0.0,0.0,0.0,0.0,1.0,0.0,0.0,0.0,0.0,0.0,0.0,1.0,0.0,0.0,0.0,0.0,0.0,0.0,0.0,0.0,0.0,0.0,0.0,0.0,0.0,0.0,0.0,0.0,0.0,0.0,0.0,0.0,0.0,0.0,0.0,0.0,0.0,0.0,0.0,0.0,0.0,0.0,0.0,0.0,0.0
ii,0,-0.024654613056087,-0.000986088888889,-0.009547302976449,-0.138,-0.06143559112348,-0.099571007034665,1.12870642294585,2.872158161142963,0.0,1.967864584088814,31.72261906024137,9.0957086525063,0.004799999999999,0.0,0.005,0.0,-0.153748183554334,-0.147321404754771,-0.112094105411881,-0.078,-0.047250165777158,-0.06270642294585,1.158795836539938,2.98870642294585,0.0,1.860999999999999,35.516896637120325,9.626385581688345,0.003833957937124,0.0,0.004,0.0,-0.024654613056087,-0.153748183554334,-0.000986088888889,-0.147321404754771,-0.009547302976449,-0.112094105411881,-0.078,-0.138,-0.047250165777158,-0.06143559112348,-0.06270642294585,-0.099571007034665,1.158795836539938,1.12870642294585,2.98870642294585,2.872158161142963,0.0,0.0,1.967864584088814,1.860999999999999,35.516896637120325,31.72261906024137,9.626385581688345,9.0957086525063,0.004799999999999,0.003833957937124,0.0,0.0,0.005,0.004,0.0,0.0,-30.12066621070376,5.336692669547047,-30.64769139840947,0.7480876619150081,0.0,-10.445796417777396,-5.1090856222758,-7.777468938133784,7022.723622469178,181317.3564796064,131.47969926264577,0.019613541591118,7.657291666666666,7.657291666666666,1.338117283950617,-5.72470021573444,0.325662300899502,154.32900000000015,136.18499999999997,154.117777106,58.0,0.0,0.128848059759401,-0.132014180717351,0.132014180717351,0.128848059759401,1.5,2.3,2.9,-6.347284908417959e-16,-0.248855913828196,-3.005969003195581e-16,-2.582563866356164,-4.1768991729974964e-16,-2.598591248215672,-9.04849061826471e-17,-1.122537182195666,2.310977974193191,6.894709199805368,593.6245618523453,23.414213562373096,23.0,6.0,11.707106781186548,11.25,4.25,1.375,3.125,0.4375,0.9375,0.1875,0.4375,-0.223116883116883,111999.2365412988,1.050415223115297,4.570514731068999,7.776883116883115,91.32846958325936,0.0,8.073872300533118,0.0,0.0,0.0,0.0,0.0,0.0,0.0,11.464142791701752,32.650315832483486,6.372924901329379,31.046578912393333,0.0,24.67365401106396,8.073872300533118,0.0,0.0,0.0,45.396165635142246,0.0,0.0,0.0,11.464142791701752,0.0,0.0,0.0,0.0,8.073872300533118,0.0,11.464142791701752,50.644320832347816,0.0,19.42549881385843,0.0,0.0,0.0,53.47003793567536,0.0,0.0,0.0,0.0,0.0,11.464142791701752,0.0,0.0,0.0,24.67365401106396,133.44633684492317,0.0,0.0,0.0,1.459091553287982,1.338117283950617,0.0,-11.426728828105322,-14.647672193877554,-5.72470021573444,0.777777777777777,10.0,0.0,0.0,0.0,0.0,0.0,0.0,0.0,0.0,0.0,0.0,1.0,6.0,0.0,0.0,0.0,0.0,3.057400000000001,50.64700000000004,0.0,0.0,0.0,0.0,0.0,0.0,0.0,0.0,0.0,0.0,0.0,0.0,0.0,0.0,0.0,0.0,0.0,0.0,0.0,0.0,0.0,0.0,0.0,0.0,0.0,0.0,0.0,0.0,0.0,0.0,0.0,0.0,0.0,0.0,0.0,0.0,0.0,0.0,0.0,0.0,0.0,0.0,0.0,0.0,0.0,0.0,0.0,0.0,0.0,0.0,0.0,0.0,0.0,0.0,0.0,0.0,0.0,0.0,0.0,0.0,0.0,0.0,0.0,0.0,0.0,0.0,0.0,0.0,0.0,0.0,0.0,0.0,0.0,0.0,0.0,0.0,0.0,0.0,0.0,0.0,0.0,0.0,0.0,0.0,0.0
jj,0,-0.129009330743969,-0.120800130369645,-0.085550130369645,-0.078,-0.041,-0.059,1.169,2.952,0.0,1.861,34.76449348151773,9.524,0.0184,0.0,0.018,0.0,-0.020556636371113,-0.002324934815177,-0.002364934815177,-0.044,-0.046,-0.045,1.117,2.885,0.0,1.986,31.59749348151773,9.078,0.0094,0.0,0.009,0.0,-0.020556636371113,-0.129009330743969,-0.002324934815177,-0.120800130369645,-0.002364934815177,-0.085550130369645,-0.044,-0.078,-0.041,-0.046,-0.045,-0.059,1.169,1.117,2.952,2.885,0.0,0.0,1.986,1.861,34.76449348151773,31.59749348151773,9.524,9.078,0.0184,0.0094,0.0,0.0,0.018,0.009,0.0,0.0,-35.92901452048504,3.397425402343011,-36.55189387979876,3.265039110893608,0.0,-10.57581936313334,-7.178410429571629,-8.877140222276598,10493.879971406512,333441.31304136047,166.1736383695295,0.150498696303546,7.819514676240866,7.819514676240866,0.207846749811035,-5.311888030675231,0.488481706250894,253.2150000000001,240.111,251.996989046,68.0,0.0,0.129347521584828,-0.126664733384378,0.129347521584828,0.126664733384378,1.384615384615384,2.076923076923077,2.769230769230769,1.319083145684493e-15,-0.244322203247325,-3.7065622079006194e-17,-2.56047695414541,-5.3919902008251754e-17,-2.59650123751294,6.223453742449256e-16,-0.9397976307150552,2.420957497527246,3.926418172663932,711.9323097152588,20.87831517751085,19.37796447300923,8.963961012123931,11.398553027005269,9.688982236504614,5.981980506061966,2.188982236504613,4.731980506061966,1.01673667737846,2.111485379546474,0.53961833868923,1.149492689773237,-0.5231168831168831,120466.84507695575,2.531986785876112,4.124394441489815,3.796687788331963,107.76849043653928,0.0,8.073872300533118,0.0,0.0,0.0,0.0,0.0,0.0,0.0,5.543708472846108,37.43077054804066,28.01478131327594,22.372998013061387,5.483034224680881,17.819861230212858,24.00381619848247,0.0,0.0,0.0,19.42549881385843,0.0,34.20584583818259,0.0,11.464142791701752,0.0,0.0,0.0,15.929943897949348,8.073872300533118,0.0,11.464142791701752,23.383312721909853,28.64239434648559,19.42549881385843,0.0,0.0,0.0,57.23249743674172,0.0,0.0,4.472719515832414,0.0,0.0,0.0,0.0,5.543708472846108,21.85037821680499,17.819861230212858,98.41998685122196,2.91535332420005,0.0,0.0,1.550900888133031,2.124691358024691,-2.362098883534895,0.0,-10.14250106292517,-5.311888030675231,0.272727272727272,13.0,0.0,0.0,0.0,0.0,0.0,1.0,0.0,1.0,0.0,0.0,2.0,3.0,0.0,0.0,0.0,1.0,3.678000000000002,64.36600000000003,0.0,0.0,0.0,0.0,0.0,0.0,0.0,0.0,0.0,0.0,0.0,0.0,0.0,0.0,0.0,0.0,0.0,0.0,0.0,0.0,0.0,0.0,0.0,0.0,0.0,0.0,0.0,0.0,0.0,0.0,0.0,0.0,0.0,0.0,1.0,0.0,0.0,0.0,0.0,0.0,0.0,0.0,0.0,0.0,1.0,0.0,0.0,0.0,0.0,0.0,0.0,0.0,0.0,0.0,0.0,0.0,0.0,0.0,0.0,0.0,0.0,0.0,0.0,0.0,0.0,0.0,0.0,0.0,0.0,0.0,0.0,0.0,0.0,0.0,0.0,0.0,0.0,0.0,0.0,0.0,0.0,0.0,0.0,0.0,0.0
kk,0,-0.12801066,-0.1081,-0.07296,-0.061,-0.035,-0.048,1.175,2.933,0.0,1.861,34.735,9.52,0.0294,0.001,0.029,0.0,-0.02265853,-0.00985,-0.01018,-0.023,-0.047,-0.035,1.117,2.893,0.0,1.982,31.657,9.086,0.013,0.0,0.013,0.0,-0.02265853,-0.12801066,-0.00985,-0.1081,-0.01018,-0.07296,-0.023,-0.061,-0.035,-0.047,-0.035,-0.048,1.175,1.117,2.933,2.893,0.0,0.0,1.982,1.861,34.735,31.657,9.52,9.086,0.0294,0.013,0.001,0.0,0.029,0.013,0.0,0.0,-38.54308148,2.56391195,-39.22643965,5.37,0.0,-10.7015,-8.1376,-9.4196,9952.71937,270828.730982,160.779285,0.3155,11.221996670896534,11.221996670896534,0.754976851851851,-5.453306069084011,0.388623897231958,202.3290000000001,188.217,202.081391598,72.0,0.0,0.14954947749232,-0.297896399618889,0.297896399618889,0.14954947749232,1.428571428571428,2.071428571428571,2.571428571428571,1.715018854627768,-1.746980298843182,-1.05869758108978e-16,-2.55170120584492,4.901193485836256e-17,-2.6276292513639463,0.002710609660479,-1.8062608898091952,2.439991695276331,3.987033432063491,800.9602155974543,22.45566544670048,20.908248290463863,7.908248290463863,12.309236629528224,10.454124145231932,5.454124145231932,2.352062072615966,4.102062072615966,1.102062072615965,1.602062072615965,0.582281036307982,0.8947810363079821,-1.3331168831168831,279525.4486108565,2.424571201002117,4.25314361817305,3.588406972238953,105.8323775455061,0.0,15.70684301903458,0.0,0.0,0.0,0.0,4.794537184071822,0.0,0.0,5.543708472846108,37.43077054804066,12.08483741532659,23.46372998892597,5.483034224680881,23.9851569704549,14.33608446286436,0.0,0.0,0.0,19.42549881385843,0.0,35.29657781404717,0.0,11.464142791701752,0.0,0.0,0.0,0.0,14.33608446286436,0.0,11.464142791701752,35.1120599538489,24.16967483065318,19.42549881385843,0.0,0.0,17.07,69.05816109076996,4.794537184071822,0.0,0.0,0.0,0.0,0.0,0.0,11.464142791701752,0.0,19.19061978638308,105.78372212022072,0.0,11.221996670896534,0.0,0.220962655895692,1.933801807760141,-3.661401486520535,-1.492865213214914,-10.44179937484253,-5.453306069084011,0.25,14.0,0.0,1.0,0.0,0.0,0.0,1.0,0.0,1.0,1.0,0.0,2.0,4.0,0.0,0.0,0.0,1.0,2.728,62.05350000000003,0.0,0.0,0.0,0.0,0.0,0.0,0.0,0.0,0.0,0.0,1.0,1.0,0.0,0.0,0.0,0.0,0.0,0.0,0.0,0.0,0.0,0.0,0.0,1.0,0.0,0.0,0.0,0.0,0.0,0.0,0.0,0.0,0.0,0.0,1.0,0.0,0.0,0.0,0.0,0.0,0.0,0.0,0.0,0.0,0.0,0.0,0.0,0.0,0.0,0.0,0.0,0.0,0.0,0.0,0.0,0.0,0.0,0.0,0.0,0.0,0.0,0.0,0.0,0.0,0.0,0.0,0.0,0.0,0.0,0.0,0.0,0.0,0.0,0.0,0.0,0.0,0.0,0.0,0.0,0.0,0.0,0.0,0.0,0.0,0.0
ll,0,-0.061527281915841,-0.085630341772304,-0.085452865783786,-0.072747598851703,-0.078514406889781,-0.075504802296593,1.111252401148297,2.9742427965551093,0.0,1.9707475988517031,32.72912754143685,9.238980790813624,0.019612754143685,0.001,0.018737994258515,0.0,-0.006187620227893,0.013705532623709,0.011628056635192,-0.089766808038078,-0.057009604593187,-0.073262005741484,1.11275720344489,2.873223587368734,0.0,1.982,31.219702257611186,9.023456779330656,0.020168997129257,0.0,0.020242796555109,0.0,-0.006187620227893,-0.061527281915841,0.013705532623709,-0.085630341772304,0.011628056635192,-0.085452865783786,-0.072747598851703,-0.089766808038078,-0.057009604593187,-0.078514406889781,-0.073262005741484,-0.075504802296593,1.11275720344489,1.111252401148297,2.9742427965551093,2.873223587368734,0.0,0.0,1.982,1.9707475988517031,32.72912754143685,31.219702257611186,9.238980790813624,9.023456779330656,0.020243757014428,0.019537994258515,0.001,0.0,0.020242796555109,0.018737994258515,0.0,0.0,-29.485653628246723,3.148072970775077,-30.041538650523588,4.774972308528925,0.0,-10.958757003792352,-7.810660178152012,-9.384671211029598,4831.81636168835,120187.8362257,110.52568559195242,0.173457315675739,11.107946271101031,11.107946271101031,0.399444444444444,-2.902446499433106,0.505604181040595,144.17300000000006,136.10899999999998,144.057514876,54.0,0.0,0.202228736544436,-0.285219110539247,0.285219110539247,0.202228736544436,1.545454545454545,2.272727272727273,2.909090909090909,10.980282573495003,-0.243493674868497,9.242755873939256e-17,-2.156386355612754,2.220446049250313e-16,-2.153274265893377,2.552713629317132,-0.9244258105314512,2.321322930187762,3.398403760142433,575.666609162991,14.955665446700475,13.408248290463863,5.408248290463863,8.569273330660296,6.704124145231932,2.704124145231931,1.5791241452319311,1.5791241452319311,0.8010310363079821,0.8010310363079821,0.431765518153991,0.431765518153991,-1.549999999999999,8751.387446807863,2.215921462056961,3.5773240403501063,2.681421978985907,77.2916830703289,0.0,0.0,0.0,5.783244946364939,0.0,0.0,4.794537184071822,0.0,0.0,0.0,24.04769044184553,18.005271734182234,16.527619277503334,6.853792780851101,15.76060563343358,5.783244946364939,0.0,0.0,0.0,6.851892117295679,0.0,35.77554503001347,0.0,11.840868637711289,0.0,0.0,0.0,0.0,5.783244946364939,4.794537184071822,11.840868637711289,23.38141205835443,30.21209353831648,0.0,0.0,0.0,17.07,48.41068209367408,4.794537184071822,0.0,0.0,0.0,0.0,0.0,5.920434318855644,5.920434318855644,0.0,10.96606844936176,57.55252700617284,0.0,11.107946271101031,0.0,-0.399444444444444,2.465818688586545,-2.9077343553162,0.0,-2.902446499433106,0.0,0.1,11.0,0.0,1.0,0.0,0.0,0.0,1.0,0.0,1.0,1.0,0.0,1.0,1.0,0.0,0.0,0.0,1.0,1.6271,44.00100000000002,0.0,0.0,0.0,0.0,0.0,0.0,0.0,0.0,0.0,0.0,1.0,1.0,0.0,0.0,0.0,0.0,0.0,0.0,0.0,0.0,0.0,0.0,0.0,0.0,0.0,0.0,0.0,0.0,0.0,0.0,0.0,0.0,0.0,0.0,1.0,0.0,0.0,0.0,0.0,0.0,0.0,0.0,0.0,0.0,0.0,0.0,0.0,0.0,0.0,0.0,0.0,1.0,1.0,0.0,0.0,0.0,0.0,0.0,0.0,0.0,0.0,0.0,0.0,0.0,0.0,0.0,0.0,0.0,0.0,0.0,0.0,0.0,0.0,0.0,0.0,0.0,0.0,0.0,0.0,0.0,0.0,0.0,0.0,0.0,0.0
mm,0,-0.064855876396374,-0.074172711200778,-0.06972447881214,-0.081,-0.078823238863817,-0.080215492575878,1.098,2.976,0.0,1.967,32.82476267204672,9.251823238863818,0.0164,0.0,0.016,0.0,0.002379053069009,0.014885084480311,0.013155084480311,-0.086,-0.048607746287939,-0.067,1.111,2.874,0.0,1.982,30.995038731439696,8.990607746287939,0.0143,0.0,0.014,0.0,0.002379053069009,-0.064855876396374,0.014885084480311,-0.074172711200778,0.013155084480311,-0.06972447881214,-0.081,-0.086,-0.048607746287939,-0.078823238863817,-0.067,-0.080215492575878,1.111,1.098,2.976,2.874,0.0,0.0,1.982,1.967,32.82476267204672,30.995038731439696,9.251823238863818,8.990607746287939,0.0164,0.0143,0.0,0.0,0.016,0.014,0.0,0.0,-36.7387945283929,3.336033909932956,-37.34683174329969,3.456947233696144,0.0,-11.058564647772762,-7.722494437249801,-9.39050992982568,6572.383439528145,159267.7117990759,127.1609406883718,0.130874577598442,11.3989879377677,11.3989879377677,0.483893613000755,-3.265322131939196,0.47720464699418,174.19900000000007,164.11899999999997,174.06807956,66.0,0.0,0.384195064320249,-0.456395660056682,0.456395660056682,0.384195064320249,1.692307692307692,2.461538461538461,3.153846153846153,11.015283865375078,-0.247457640554808,1.069159619524414e-17,-2.373139342969439,7.275684485858931e-17,-2.405026759068143,1.953178790469841,-1.053273882523041,2.408914276859636,3.174862365636374,681.2283336662432,18.162772227887025,16.316496580927726,6.316496580927726,10.29239987712262,8.112372435695795,3.112372435695794,1.7415816237971962,1.7415816237971962,0.933290811898598,0.933290811898598,0.497895405949299,0.497895405949299,-1.7499999999999991,45552.568975415714,2.617474048442906,4.995461018155927,3.435595567867036,91.58011141456802,4.736862953800049,0.0,0.0,0.0,0.0,5.969305287951849,0.0,4.794537184071822,0.0,0.0,24.04769044184553,18.93672953262227,15.596161479063298,16.154295136107827,23.238985699574062,5.969305287951849,0.0,0.0,0.0,6.851892117295679,6.558985242916289,35.77554503001347,0.0,11.840868637711289,0.0,0.0,0.0,0.0,12.528290530868135,9.53140013787187,11.840868637711289,26.12292917069487,30.21209353831648,0.0,0.0,0.0,26.3,55.155727678177286,4.794537184071822,0.0,0.0,0.0,0.0,0.0,5.920434318855644,5.920434318855644,4.736862953800049,13.7075855617022,76.29939243149562,0.0,11.3989879377677,0.0,-0.483893613000755,2.160789871504157,-3.222127311604674,0.0,-6.486482649495367,0.0,0.181818181818181,13.0,0.0,2.0,0.0,0.0,0.0,1.0,0.0,1.0,2.0,0.0,2.0,2.0,0.0,0.0,0.0,1.0,1.6012,49.95300000000002,0.0,0.0,0.0,0.0,0.0,0.0,0.0,0.0,0.0,0.0,1.0,1.0,0.0,0.0,0.0,0.0,0.0,0.0,0.0,0.0,0.0,0.0,0.0,0.0,0.0,0.0,0.0,0.0,0.0,0.0,0.0,0.0,0.0,0.0,1.0,0.0,0.0,0.0,0.0,0.0,1.0,1.0,0.0,0.0,0.0,0.0,0.0,0.0,0.0,0.0,0.0,0.0,0.0,0.0,0.0,0.0,0.0,0.0,0.0,0.0,0.0,0.0,0.0,0.0,0.0,0.0,0.0,0.0,0.0,0.0,0.0,0.0,0.0,0.0,0.0,0.0,0.0,0.0,0.0,0.0,0.0,0.0,0.0,0.0,0.0
