Name,BL32-1,BL1-6,BL6-34,BL5-12,BL12-11,BL33-11,BL11-16,BL16-31,BL6-5,BA32-1-6,BA1-6-34,BA1-6-5,BA6-5-12,BA5-12-11,BA12-11-33,BA5-6-34,BA33-11-16,BA11-16-31,BA12-11-16,DA32-1-6-34,DA32-1-6-5,DA1-6-5-12,DA5-12-11-33,DA12-11-16-31,DA33-11-16-31,DA6-5-12-11,NB32-34,NB33-31,NB1-34,NB33-16,NMR 32,NMR1,NMR6,NMR34,NMR33,NMR11,NMR12,NMR5,NMR16,NMR31,q32,q1,q6,q34,q33,q11,q12,q5,q16,q31,HOMO,LUMO,VF5-12,VF6-34,VF11-33,VF1-32,VF16-31,VI5-12,VI6-34,VI11-33,VI1-32,VI16-31,L1R1,B1R1,B5R1,L1R2,B1R2,B5R2,L1R3,B1R3,B5R3,L1R4,B1R4,B5R4,Area, Vol,PSA, Ovality,MW,dipolemoment,RCx,RCy,RCz,BL12-16S,NMR12-S,NMR16-S,q12-S,q16-S,HOMO-S,LUMO-S,VF12-16S,VI12-16S,Area-S, Vol-S,PSA-S, Ovality-S,MW-S,dipolemoment-S,RCx-S,RCy-S,RCz-S,%ee
R118,1.09,1.41,1.38,1.49,1.38,1.37,1.42,1.09,1.38,118.45,117.87,122.52,118.43,118.8,120.28,119.59,117.87,118.2,122.25,0.19,178.59,178.41,0.2,178.33,0.56,52.47,2.59,2.58,2.39,2.38,23.33,62.19,35.26,147.21,170.01,34.27,59.11,58.82,60.54,23.26,0.27,-0.28,0.32,-0.83,-0.83,0.32,-0.08,-0.08,-0.28,0.27,-0.25,-0.02,1525.15,1254.64,1254.64,3244.72,3233.94,100.47,141.97,141.97,3.54,3.85,2,1,1,7.84,1.45,3.87,4.55,1.35,6.76,2,1,1,377.23,386.01,15.78,1.47,385.4,2.93,0.25,0.15,0.11,1.34,66.4,50.62,-0.25,0.14,-0.26,0.01,1756.08,12.36,241.02,218.75,22.35,1.37,189.26,4.71,0.85,0.48,0.33,0
R110,1.09,1.41,1.38,1.49,1.38,1.37,1.41,1.09,1.38,118.48,117.78,122.54,118.5,118.65,120.16,119.65,117.78,118.28,122.33,0.3,178.6,178.54,0.5,178.49,0.64,52.7,2.59,2.58,2.39,2.38,23.31,61.96,35.28,144.98,171.09,34.37,59.61,58.63,61.01,23.33,0.27,-0.28,0.32,-0.83,-0.83,0.32,-0.08,-0.09,-0.28,0.27,-0.25,-0.02,1525.7,1384.93,1384.93,3229.56,3224.53,97.82,171.4,171.4,4.78,5.87,2,1,1,7.17,1.96,3.87,5.39,1.35,6.38,2,1,1,392.51,397.44,15.44,1.5,387.42,2.49,0.24,0.15,0.11,1.34,66.4,50.62,-0.25,0.14,-0.26,0.01,1756.08,12.36,241.02,218.75,22.35,1.37,189.26,4.71,0.85,0.48,0.33,1
R134,1.09,1.41,1.38,1.49,1.38,1.37,1.42,1.09,1.38,118.39,117.82,122.55,118.62,119.08,120.68,119.62,117.82,118.14,122.13,0.06,178.8,178.33,0.62,177.55,0.22,52.28,2.59,2.57,2.39,2.38,23.34,62.07,35.57,146.05,167.21,33.81,60.05,58.99,60.5,23.25,0.27,-0.28,0.32,-0.83,-0.83,0.33,-0.08,-0.09,-0.28,0.27,-0.25,-0.02,1521.67,1252.37,1252.37,3235.76,3237.19,99.89,154.52,154.52,4.27,4.58,2,1,1,8.84,1.47,3.89,4.93,1.35,7.63,2,1,1,408.26,420.03,15.68,1.51,413.46,2.65,0.24,0.11,0.09,1.34,66.4,50.62,-0.25,0.14,-0.26,0.01,1756.08,12.36,241.02,218.75,22.35,1.37,189.26,4.71,0.85,0.48,0.33,1
R126,1.09,1.41,1.38,1.49,1.38,1.37,1.41,1.09,1.38,118.46,117.75,122.5,118.43,118.61,120.13,119.72,117.75,118.3,122.34,0.49,178.65,178.46,0.38,178.49,0.71,52.56,2.59,2.58,2.39,2.39,23.31,61.99,35.48,140.79,169.69,34.53,59.37,58.69,60.91,23.32,0.27,-0.28,0.32,-0.83,-0.83,0.32,-0.08,-0.09,-0.28,0.27,-0.25,-0.02,1525.5,1385.31,1385.31,3225.62,3224.92,99.41,192.88,192.88,5.62,6.31,2,1,1,7.72,2,3.86,4.58,1.35,7.56,2,1,1,392.45,402.63,15.53,1.49,399.43,2.62,0.24,0.13,0.1,1.34,66.4,50.62,-0.25,0.14,-0.26,0.01,1756.08,12.36,241.02,218.75,22.35,1.37,189.26,4.71,0.85,0.48,0.33,3
R102,1.09,1.41,1.38,1.49,1.38,1.37,1.41,1.09,1.38,118.47,117.77,122.55,118.5,118.63,120.18,119.65,117.77,118.3,122.3,0.64,178.79,178.7,0.71,178.28,0.65,52.59,2.59,2.58,2.39,2.39,23.35,62.15,35.66,140.62,171.02,34.78,59.36,58.71,60.88,23.38,0.27,-0.28,0.32,-0.83,-0.83,0.32,-0.08,-0.09,-0.28,0.27,-0.25,-0.02,1523.48,1386.47,1386.47,3224.64,3230.77,95.25,157.78,157.78,5.26,8.49,2,1,1,6.57,1.35,3.87,4.58,1.35,5.49,2,1,1,354.56,360.63,15.63,1.45,359.37,2.33,0.26,0.2,0.13,1.34,66.4,50.62,-0.25,0.14,-0.26,0.01,1756.08,12.36,241.02,218.75,22.35,1.37,189.26,4.71,0.85,0.48,0.33,6
R158,1.09,1.41,1.38,1.49,1.38,1.38,1.41,1.09,1.38,118.52,117.94,122.49,118.43,118.56,120.05,119.55,117.94,118.36,122.34,0.22,178.66,178.87,0.51,178.71,0.63,52.79,2.59,2.58,2.39,2.39,23.34,62.04,35.74,141.47,172.69,34.82,59.31,58.56,61.09,23.28,0.27,-0.28,0.32,-0.83,-0.83,0.32,-0.08,-0.09,-0.28,0.27,-0.25,-0.02,1526.26,1384.46,1384.46,3232.51,3223.89,97.91,163.72,163.72,6.73,5.36,2,1,1,9.98,2.57,3.87,5.29,1.35,9.75,2,1,1,434.28,449.7,15.51,1.53,447.47,2.21,0.23,0.08,0.07,1.34,66.4,50.62,-0.25,0.14,-0.26,0.01,1756.08,12.36,241.02,218.75,22.35,1.37,189.26,4.71,0.85,0.48,0.33,12
R150,1.09,1.41,1.38,1.49,1.38,1.38,1.41,1.09,1.38,118.5,117.86,122.5,118.55,118.62,120.11,119.62,117.86,118.34,122.34,0.3,178.66,178.73,0.87,178.3,0.59,52.85,2.59,2.58,2.39,2.39,23.32,62.09,35.87,141.95,172.27,34.95,59.14,58.58,60.9,23.33,0.27,-0.28,0.32,-0.83,-0.83,0.32,-0.08,-0.09,-0.28,0.27,-0.25,-0.02,1526.07,1384.71,1384.71,3228.01,3224.58,102.04,176.82,176.82,7.88,3.18,2,1,1,11.65,2.09,5.32,4.58,1.35,11.78,2,1,1,466.57,480.84,17.67,1.57,476.52,1.18,0.21,0.06,0.05,1.34,66.4,50.62,-0.25,0.14,-0.26,0.01,1756.08,12.36,241.02,218.75,22.35,1.37,189.26,4.71,0.85,0.48,0.33,17
R236,1.09,1.42,1.37,1.49,1.38,1.38,1.42,1.09,1.38,119.35,120.41,121.42,119.19,119.94,119.46,118.07,118.8,118.5,121.74,4.29,179.66,178.44,2.86,179.67,1.01,100.3,2.66,2.61,2.42,2.4,23.13,62.16,30.99,221.75,227.09,28.06,57.28,59.07,52.11,23.39,0.27,-0.3,0.34,-0.82,-0.83,0.33,-0.08,-0.09,-0.08,0.27,-0.25,-0.01,1099.35,1275.05,1262.78,3219.89,3217.55,56.99,250.5,297.02,19.48,5.05,2,1,1,5.64,1.35,5.5,5.64,1.35,5.5,2,1,1,533.67,545.43,11.14,1.65,514.59,2.77,0.12,0.1,0.09,1.33,61.66,47.91,-0.38,0,-0.31,-0.01,1738.29,229.01,150.24,125.17,46.99,1.24,129.12,10.36,3.09,1.18,0.88,21
R142,1.09,1.41,1.38,1.49,1.38,1.38,1.41,1.09,1.38,118.48,117.73,122.55,118.43,118.64,120.11,119.69,117.73,118.34,122.4,0.61,178.71,178.42,0.45,178.42,0.82,52.55,2.59,2.58,2.39,2.39,23.33,62.15,35.73,141.85,170.07,34.82,59.34,58.8,60.99,23.32,0.27,-0.28,0.32,-0.83,-0.83,0.32,-0.08,-0.09,-0.28,0.27,-0.25,-0.02,1524.66,1385.09,1385.09,3224.15,3227.2,96.85,174.22,174.22,4.58,3.67,2,1,1,7.74,2.01,3.86,4.57,1.35,6.83,2,1,1,384.37,393.64,23.33,1.48,401.4,1.02,0.24,0.13,0.1,1.34,66.4,50.62,-0.25,0.14,-0.26,0.01,1756.08,12.36,241.02,218.75,22.35,1.37,189.26,4.71,0.85,0.48,0.33,23
R324,1.49,1.42,1.4,1.49,1.38,1.39,1.42,1.49,1.38,121.58,117.51,123.89,119.08,119.06,118.46,118.6,117.56,121.37,130.75,0.47,179.65,178.22,1.17,176.57,2.5,53.27,2.84,2.84,2.41,2.41,47.34,47.73,42.59,191.29,186.99,41.03,60.16,59.79,48.37,46.91,-0.07,-0.08,0.33,-0.83,-0.83,0.33,-0.07,-0.07,-0.08,-0.07,-0.26,-0.03,1504.06,1252.48,1252.48,1339.81,1339.81,35.71,103.74,103.74,45.75,45.75,11.6,2.73,4.43,5.23,1.35,3.89,4.92,1.35,3.98,11.6,2.73,4.43,748.78,764.71,51.01,1.85,736.85,4.07,0.05,0.03,0.02,1.28,16.16,-111.2,0.33,-0.49,-0.25,-0.01,1755.16,325.59,269.69,252.96,12.81,1.39,225.29,1.81,1.87,0.17,0.16,32
R238,1.09,1.42,1.37,1.49,1.38,1.38,1.42,1.09,1.38,119.35,120.41,121.42,119.19,119.94,119.46,118.07,118.8,118.5,121.74,4.29,179.66,178.44,2.86,179.67,1.01,100.3,2.66,2.61,2.42,2.4,23.13,62.16,30.99,221.75,227.09,28.06,57.28,59.07,52.11,23.39,0.27,-0.3,0.34,-0.82,-0.83,0.33,-0.08,-0.09,-0.08,0.27,-0.25,-0.01,1099.35,1275.05,1262.78,3219.89,3217.55,56.99,250.5,297.02,19.48,5.05,2,1,1,5.64,1.35,5.5,5.64,1.35,5.5,2,1,1,533.67,545.43,11.14,1.65,514.59,2.77,0.12,0.1,0.09,1.33,49.81,48.66,-0.35,-0.16,-0.33,0,1750.32,104.01,191.51,161.8,39.34,1.33,158.15,2.38,2.09,0.65,0.55,37.9
R255,1.49,1.42,1.39,1.49,1.38,1.39,1.42,1.49,1.38,121.75,117.53,123.89,119.2,119.03,118.47,118.59,117.55,121.58,130.28,0.71,179.4,178.76,0.34,177.18,2.03,53.4,2.85,2.84,2.41,2.41,45.97,47.56,42.63,191.13,186.68,41.06,60.13,59.8,48.1,45.9,-0.07,-0.08,0.33,-0.83,-0.83,0.33,-0.07,-0.07,-0.08,-0.07,-0.26,-0.03,1511.25,1251.48,1251.48,1697.17,1698.69,46.55,105.6,105.6,5.68,4.74,6.36,1.51,3.15,5.23,1.35,3.89,4.92,1.35,3.98,6.36,1.51,3.15,477.98,490.02,51.15,1.59,500.49,4.07,0.13,0.09,0.07,1.28,16.16,-111.2,0.33,-0.49,-0.25,-0.01,1755.16,325.59,269.69,252.96,12.81,1.39,225.29,1.81,1.87,0.17,0.16,40
R303,1.49,1.42,1.39,1.49,1.37,1.39,1.42,1.49,1.38,122.23,117.37,123.26,120.06,119.62,118.2,119.17,117.6,121.28,128.61,2.23,172.48,171,0.56,177.26,1.42,54.32,2.86,2.84,2.41,2.41,47.07,47.37,42.1,187.66,184.82,41.32,60.38,60.77,48.2,47.44,-0.06,-0.08,0.33,-0.83,-0.83,0.32,-0.07,-0.07,-0.08,-0.07,-0.26,-0.03,1507.4,1208.97,1208.97,1528.34,1528.34,59.88,77.25,77.25,17.83,17.83,6.43,1.52,5.63,5.23,1.35,3.89,4.92,1.35,3.98,6.43,1.52,5.63,567.9,592.26,49.78,1.67,600.61,4.61,0.09,0.05,0.04,1.28,15.28,-110.72,0.33,-0.49,-0.25,-0.02,1757.56,294.91,316.51,304.21,12.93,1.45,275.35,1.74,1.07,0.11,0.1,40
R321,1.49,1.42,1.39,1.49,1.38,1.39,1.42,1.49,1.38,120.91,117.47,123.74,119.24,119.09,118.67,118.79,117.42,120.48,130.05,1,177.81,178,0.04,179.77,0.79,53.12,2.83,2.82,2.4,2.4,49.16,49.94,41.61,189.5,184.04,40.05,59.82,59.59,49.81,48.92,-0.04,-0.08,0.33,-0.83,-0.83,0.33,-0.07,-0.07,-0.08,-0.04,-0.25,-0.03,1505.28,1256.83,1256.83,1519.93,1519.93,44.88,121.73,121.73,4.37,4.37,6.43,1.52,5.63,5.23,1.35,3.89,4.92,1.35,3.98,6.43,1.52,5.63,566.69,591.77,51.69,1.66,600.61,4.27,0.1,0.06,0.04,1.34,57.42,52.86,-0.25,-0.02,-0.23,0.03,1743.45,134.31,274.81,256.6,22.19,1.41,233.31,2.56,0.69,0.35,0.25,40
R302,1.49,1.42,1.39,1.49,1.38,1.39,1.42,1.49,1.38,122.03,117.7,123.85,119.19,119.01,118.62,118.45,117.38,121.31,130.03,0.69,179.48,179.26,0.03,177.16,2.14,53.33,2.86,2.83,2.41,2.4,49.18,47.6,42.58,192.42,185.17,40.78,60.12,59.75,48.07,47.29,-0.07,-0.08,0.33,-0.83,-0.83,0.33,-0.07,-0.07,-0.08,-0.07,-0.25,-0.03,1507.19,1249.79,1270.98,1531.14,1531.14,63.81,75.01,60.21,4.37,4.37,6.43,1.52,5.63,5.23,1.35,3.89,4.92,1.35,3.98,6.43,1.52,5.63,571.82,592.56,51.22,1.68,600.61,4.04,0.08,0.05,0.04,1.28,16.16,-111.2,0.33,-0.49,-0.25,-0.01,1755.16,325.59,269.69,252.96,12.81,1.39,225.29,1.81,1.87,0.17,0.16,44
R322,1.49,1.42,1.39,1.49,1.38,1.39,1.42,1.49,1.38,120.91,117.47,123.74,119.24,119.09,118.67,118.79,117.42,120.48,130.05,1,177.81,178,0.04,179.77,0.79,53.12,2.83,2.82,2.4,2.4,49.16,49.94,41.61,189.5,184.04,40.05,59.82,59.59,49.81,48.92,-0.04,-0.08,0.33,-0.83,-0.83,0.33,-0.07,-0.07,-0.08,-0.04,-0.25,-0.03,1505.28,1256.83,1256.83,1519.93,1519.93,44.88,121.73,121.73,4.37,4.37,6.43,1.52,5.63,5.23,1.35,3.89,4.92,1.35,3.98,6.43,1.52,5.63,566.69,591.77,51.69,1.66,600.61,4.27,0.1,0.06,0.04,1.28,15.28,-110.72,0.33,-0.49,-0.25,-0.02,1757.56,294.91,316.51,304.21,12.93,1.45,275.35,1.74,1.07,0.11,0.1,44
R304,1.49,1.42,1.39,1.49,1.38,1.39,1.42,1.48,1.38,122.68,117.55,123.26,120,119.59,118.03,119.01,117.82,121.55,128.39,2.6,172.41,171.4,0.68,178,0.82,54.55,2.87,2.85,2.41,2.41,46.34,47.99,42.43,187.84,185.87,41.6,60.14,60.58,49.07,46.54,-0.07,-0.08,0.33,-0.83,-0.83,0.32,-0.07,-0.07,-0.08,-0.07,-0.26,-0.03,1506.94,1280.21,1280.21,1337.89,1337.89,57.75,99.64,99.64,346.2,346.2,10.68,1.87,3.16,5.23,1.35,3.89,4.92,1.35,3.98,10.68,1.87,3.16,633.24,656.4,49.95,1.73,652.69,4.45,0.06,0.04,0.03,1.28,15.28,-110.72,0.33,-0.49,-0.25,-0.02,1757.56,294.91,316.51,304.21,12.93,1.45,275.35,1.74,1.07,0.11,0.1,48
R306,1.49,1.42,1.39,1.49,1.38,1.39,1.42,1.48,1.38,122.16,117.49,123.11,119.83,119.58,118.48,119.21,117.63,121.31,126.28,1.23,173.65,171.65,0.73,178.97,0.04,54.08,2.86,2.84,2.41,2.41,43.1,50.27,42.77,185.67,186.2,42.36,59.84,60.76,51.16,43.19,-0.04,-0.08,0.34,-0.83,-0.83,0.32,-0.06,-0.07,-0.08,-0.04,-0.27,-0.04,1566.49,1251.87,1251.87,1503.67,1503.67,37.97,15.55,15.55,30.42,30.42,6.96,2.28,4.9,5.23,1.35,3.89,4.92,1.35,3.98,6.96,2.28,4.9,614.57,616.51,49.73,1.75,772.48,8.95,0.06,0.03,0.03,1.28,16.26,-113.13,0.32,-0.48,-0.24,-0.02,1759.8,272.23,316.46,304.16,12.9,1.45,275.35,1.64,1.07,0.11,0.1,50
R323,1.48,1.42,1.4,1.49,1.38,1.39,1.42,1.49,1.38,121.82,117.59,123.87,119.29,119.03,118.46,118.54,117.58,121.77,130.16,0.01,179.77,179.27,0.2,175.99,3.43,53.19,2.85,2.85,2.41,2.41,46.75,48.15,42.52,191.48,186.74,41.06,60.27,59.87,48.67,46.44,-0.07,-0.08,0.33,-0.83,-0.83,0.33,-0.07,-0.07,-0.08,-0.07,-0.26,-0.03,1508.52,1253.6,1253.6,1341.51,1341.51,45.4,117.24,117.24,196.39,196.39,10.68,1.87,3.16,5.23,1.35,3.89,4.92,1.35,3.98,10.68,1.87,3.16,636.62,656.66,51.03,1.74,652.69,3.98,0.06,0.04,0.03,1.28,16.16,-111.2,0.33,-0.49,-0.25,-0.01,1755.16,325.59,269.69,252.96,12.81,1.39,225.29,1.81,1.87,0.17,0.16,51
R338,1.48,1.42,1.39,1.49,1.38,1.39,1.42,1.48,1.38,121.62,117.57,123.65,119.06,119.04,119.02,118.78,117.39,121.41,127.19,0.03,179.84,178.82,0.01,178.72,1.17,53.01,2.84,2.83,2.41,2.4,43.74,50.29,43.05,188.23,185.59,41.72,60.04,59.91,50.73,42.67,-0.04,-0.08,0.33,-0.83,-0.83,0.33,-0.06,-0.06,-0.08,-0.04,-0.27,-0.04,1526.43,1256.67,1256.67,1536.69,1540.33,17.38,246.31,246.31,8.58,24.82,6.96,2.28,4.9,5.23,1.35,3.89,4.92,1.35,3.98,6.96,2.28,4.9,618.77,616.8,51.2,1.77,772.48,8.36,0.06,0.03,0.03,1.28,5.95,-105.14,0.28,-0.63,-0.27,0,1747.09,150.8,227.25,213.14,37.58,1.32,197.24,2.46,1.26,0.38,0.33,56
R175,1.36,1.44,1.86,1.5,1.38,1.87,1.43,1.36,1.38,114.24,111.26,118.21,122.98,122.34,115.46,130.2,126.08,115.76,118.46,6.96,178.9,176.26,0.06,176.18,4.25,89.12,2.73,3.14,2.74,2.95,203.98,29.79,57.59,378.16,391.78,51.16,41.18,38.85,29.62,203.49,-0.55,0.34,-0.36,0.91,0.89,-0.35,-0.01,-0.02,0.34,-0.56,-0.25,-0.02,1188.06,1188.06,1177.78,1260.66,1252.32,4.41,4.41,16.54,226.21,180.04,7.27,1.35,5.31,7.12,2.38,5.84,7.12,2.38,5.84,7.27,1.35,5.31,787,881,7.2,1.77,834.94,3.86,0.06,0.03,0.03,1.34,79.88,39.83,-0.46,0.14,-0.27,0.01,1737.25,225.23,203.32,182.46,23.87,1.31,161.2,4.99,1.7,0.65,0.54,59.6
R180,1.09,1.43,1.85,1.5,1.39,1.86,1.42,1.09,1.39,119.31,117.17,118.86,121.45,120.04,117.7,122.8,122.76,119.44,119.51,8.94,176.89,174.09,3.21,179.06,3.02,80.1,2.9,3.03,2.81,2.89,23.02,54.02,41.63,365.63,383.84,39.55,37.46,42.18,55.15,23.97,0.27,-0.25,-0.33,0.9,0.91,-0.33,-0.02,-0.04,-0.25,0.26,-0.25,-0.02,1228.68,1198.75,1189.53,3214.44,3224.42,0.71,2.02,2.05,2.59,12.72,2,1,1,7.12,2.38,5.84,7.12,2.38,5.84,2,1,1,599.12,662.49,0,1.63,622.69,2.78,0.09,0.06,0.06,1.34,36.78,75.17,-0.04,-0.45,-0.26,0.01,1743.56,15.98,212.99,199.55,5.85,1.29,174.24,1.9,1.4,0.65,0.45,61
R81,1.49,1.42,1.39,1.49,1.37,1.39,1.42,1.48,1.38,122.23,117.5,123.11,119.87,119.58,118.41,119.2,117.66,121.28,126.91,1.32,173.56,171.61,0.77,178.88,0.06,54.18,2.86,2.84,2.41,2.41,43.03,50.39,42.92,186.61,186.33,42.39,60.01,60.76,51.17,43.33,-0.04,-0.08,0.33,-0.83,-0.83,0.32,-0.07,-0.07,-0.09,-0.04,-0.26,-0.03,1565.57,1076,1076,1502.89,1502.89,42.05,39.53,39.53,33.17,33.17,6.96,2.28,4.9,5.23,1.35,3.89,4.92,1.35,3.98,6.96,2.28,4.9,614.82,616.61,49.81,1.75,772.48,9.28,0.06,0.03,0.03,1.28,15.28,-110.72,0.33,-0.49,-0.25,-0.02,1757.56,294.91,316.51,304.21,12.93,1.45,275.35,1.74,1.07,0.11,0.1,62
R305,1.5,1.43,1.38,1.49,1.38,1.38,1.42,1.5,1.38,119.09,116.93,122.83,118.97,118.78,119.02,120.22,117.85,119.27,123.11,0.1,177.94,176.04,0.56,179.81,1.61,53.05,2.78,2.8,2.39,2.4,174.92,50.47,34.07,145.81,170.46,35.66,58.5,60.65,50.47,173.89,-0.71,-0.06,0.34,-0.83,-0.83,0.33,-0.07,-0.08,-0.06,-0.72,-0.25,-0.01,1514.86,1268.57,1281.21,1142.19,1133.9,69.11,55.67,224.42,73.62,49.91,2.99,1.5,2.04,9.68,1.35,11.12,10.56,1.66,8.01,2.99,1.5,2.04,661.57,689.16,14.09,1.75,661.72,4.6,0.1,0.04,0.04,1.28,10.86,-131.22,0.33,-0.48,-0.29,-0.06,1759.79,366.37,258.45,243.95,5.08,1.37,209.29,2.23,1.48,0.27,0.24,62
R167,1.49,1.42,1.39,1.49,1.38,1.39,1.42,1.49,1.38,120.97,117.08,123.7,119.14,119.14,119.12,119.2,117.17,120.62,130.11,0.18,178.96,177.07,0.54,177.47,2.42,53.07,2.82,2.81,2.4,2.4,48.03,47.19,40.9,183.65,177.79,39.67,60.95,61,47.95,46.64,-0.03,-0.08,0.33,-0.82,-0.83,0.33,-0.07,-0.07,-0.08,-0.03,-0.25,-0.03,1506.25,1280.54,1280.54,1516.58,1516.58,23.3,60.06,60.06,10.89,10.89,8.46,1.52,5.63,5.23,1.35,3.89,4.92,1.35,3.98,8.46,1.52,5.63,654.45,693.04,50.89,1.73,700.73,3.36,0.07,0.04,0.03,1.34,57.99,52.5,-0.24,-0.02,-0.22,0,1763.12,43.44,262.88,253.97,9.13,1.36,223.32,1.65,0.84,0.37,0.27,65
R178,1.09,1.43,1.85,1.5,1.39,1.86,1.42,1.09,1.39,119.31,117.17,118.86,121.45,120.04,117.7,122.8,122.76,119.44,119.51,8.94,176.89,174.09,3.21,179.06,3.02,80.1,2.9,3.03,2.81,2.89,23.02,54.02,41.63,365.63,383.84,39.55,37.46,42.18,55.15,23.97,0.27,-0.25,-0.33,0.9,0.91,-0.33,-0.02,-0.04,-0.25,0.26,-0.25,-0.02,1228.68,1198.75,1189.53,3214.44,3224.42,0.71,2.02,2.05,2.59,12.72,2,1,1,7.12,2.38,5.84,7.12,2.38,5.84,2,1,1,599.12,662.49,0,1.63,622.69,2.78,0.09,0.06,0.06,1.34,37.36,74.7,-0.04,-0.45,-0.26,0.01,1742.42,22.15,214.05,199.75,6.98,1.3,174.24,2.05,1.7,0.52,0.41,65
R257,1.49,1.42,1.39,1.49,1.38,1.39,1.42,1.49,1.38,121.12,117.14,123.67,119.3,119.22,118.99,119.17,117.18,120.55,130.04,0.24,178.8,176.76,0.02,177.85,1.8,53.45,2.83,2.81,2.4,2.4,47.57,47.96,41.34,184.89,179.24,40.04,61.18,61.01,48.34,46.97,-0.04,-0.08,0.33,-0.83,-0.83,0.33,-0.07,-0.07,-0.08,-0.04,-0.26,-0.03,1504.78,1250.72,1250.72,1515.32,1515.32,33.25,79.92,79.92,13.96,13.96,8.46,1.52,5.63,5.23,1.35,3.89,4.92,1.35,3.98,8.46,1.52,5.63,654.28,693.23,50.73,1.73,700.73,3.94,0.07,0.04,0.03,1.34,57.63,52.83,-0.25,-0.02,-0.23,0.03,1744.14,132.77,274.75,256.56,22.2,1.41,233.31,2.52,0.69,0.35,0.25,65
R270,1.52,1.44,1.87,1.5,1.39,1.87,1.44,1.51,1.39,121.74,113.21,118.8,121.83,122.2,113.13,127.56,128.15,120.73,118.72,7.62,179.28,178.81,5.05,170.65,8.76,82.66,3.01,3.38,2.77,2.98,123,45.89,46.43,372.31,380.39,41.17,42.52,41.38,44.4,127.73,-0.12,-0.05,-0.32,0.88,0.89,-0.31,-0.02,-0.04,-0.05,-0.14,-0.25,-0.02,1132.49,1187.56,1178.26,1162.71,1187.56,5.12,1.27,5.2,7.93,1.27,8.04,1.53,5.24,7.12,2.38,5.84,7.12,2.38,5.84,8.04,1.53,5.24,793.7,878.9,10.65,1.79,834.94,2.63,0.06,0.03,0.03,1.34,45.2,58.82,-0.16,0.03,-0.28,-0.03,1738.46,515.55,250.21,229.24,45.26,1.38,219.24,2.52,0.93,0.33,0.27,65
R325,1.49,1.42,1.4,1.49,1.38,1.39,1.42,1.49,1.38,120.66,116.94,124.05,119.47,119.28,118.95,118.99,116.96,120.48,130.95,0.31,178.86,177.66,0.82,177.34,3.92,52.2,2.81,2.81,2.4,2.4,45.64,47.94,42.08,187.45,182.1,40.79,60.72,60.23,49,45.96,-0.06,-0.08,0.32,-0.83,-0.83,0.33,-0.07,-0.07,-0.08,-0.06,-0.26,-0.03,1503.48,1247.2,1247.2,1536.36,1536.36,8.97,121.18,121.18,21.14,21.14,6.34,1.87,4.37,5.23,1.35,3.89,4.92,1.35,3.98,6.34,1.87,4.37,542.34,560.8,49.26,1.65,556.6,4.88,0.11,0.08,0.06,1.28,16.16,-111.2,0.33,-0.49,-0.25,-0.01,1755.16,325.59,269.69,252.96,12.81,1.39,225.29,1.81,1.87,0.17,0.16,65
R55,1.09,1.42,1.37,1.49,1.38,1.37,1.42,1.09,1.38,119.23,120.33,121.33,119.27,119.84,119.6,118.23,118.73,118.35,121.66,4.16,179.73,178.62,2.86,179.7,1.24,99.41,2.65,2.6,2.42,2.4,23.27,62.51,30.72,219.03,223.25,27.83,56.86,58.49,52.81,23.5,0.27,-0.3,0.34,-0.81,-0.81,0.34,-0.07,-0.08,-0.08,0.27,-0.25,-0.01,1100.12,1305.45,1283.34,3214.82,3201.38,54.41,90.96,120.03,6.64,3.51,2,1,1,5.64,1.35,5.5,5.64,1.35,5.5,2,1,1,534.62,545.48,10.81,1.66,514.59,2.39,0.12,0.1,0.09,1.32,73.85,38.56,-0.43,0.17,-0.34,0.02,1793.68,34.63,154.82,127.5,19.82,1.26,154.09,3.87,2.31,1.02,0.9,67
R237,1.09,1.41,1.38,1.49,1.38,1.38,1.41,1.08,1.38,118.6,118.75,122.64,118.66,120.56,121.52,118.6,116.33,118.33,121.95,1.78,178.83,176.93,0.58,177.41,2.45,52.88,2.61,2.56,2.4,2.38,23.14,61.9,37.55,140.19,179.02,35.3,60.09,57.45,61.41,25.77,0.27,-0.27,0.31,-0.82,-0.83,0.33,-0.08,-0.08,-0.26,0.27,-0.25,-0.02,1523.41,1277.22,1248.64,3242.28,3248.91,85.85,140.56,110.41,3.89,6.35,2,1,1,7.5,1.35,10.2,10.27,3.32,8.89,2,1,1,616.73,678.57,14.88,1.65,667.68,2.07,0.09,0.05,0.04,1.31,23.18,-90.11,0.25,-0.48,-0.26,0.04,1663.45,25.31,177.03,162.32,7.03,1.23,143.19,2.17,2.8,0.86,0.66,67
R221,1.5,1.43,1.38,1.49,1.38,1.37,1.43,1.5,1.38,120.74,119.19,122.08,119.82,119.77,124.08,118.65,113.56,118.81,122.25,1.61,178.35,177.92,2.41,175.38,0.82,68.68,2.87,2.7,2.42,2.34,172.16,51.13,28.79,223.7,232.36,34.82,63.14,60.11,48.76,174.17,-0.72,-0.06,0.36,-0.81,-0.81,0.36,-0.09,-0.09,-0.05,-0.71,-0.25,-0.01,1321.93,1274.73,1278.2,1193.69,1193.69,15.69,234.25,277.63,57.46,57.46,3,1.5,2.03,7.48,1.52,6.53,7.48,1.52,6.53,3,1.5,2.03,658.69,716.58,6.23,1.7,682.74,0.9,0.07,0.06,0.05,1.34,84.04,38.68,-0.48,0.15,-0.27,0.01,1736.36,157.22,203.2,182.46,23.73,1.31,161.2,4.14,1.7,0.65,0.54,67.2
R254,1.49,1.42,1.39,1.49,1.38,1.39,1.42,1.49,1.38,120.88,117.11,123.8,119.18,119.18,119.02,119.08,117.14,120.61,129.88,0.64,179.65,177.65,0.15,178.16,1.59,53.39,2.82,2.81,2.4,2.4,47.7,48.02,41.42,185.31,179.51,40.05,61.19,61.03,48.38,47.11,-0.04,-0.08,0.33,-0.83,-0.83,0.33,-0.07,-0.07,-0.08,-0.04,-0.26,-0.03,1504.11,1249.78,1249.78,1353.49,1353.49,29.82,88.42,88.42,10.15,10.15,8.46,1.52,5.63,5.23,1.35,3.89,4.92,1.35,3.98,8.46,1.52,5.63,655.26,693.34,51.19,1.73,700.73,3.97,0.07,0.04,0.03,1.34,57.42,52.86,-0.25,-0.02,-0.23,0.03,1743.45,134.31,274.81,256.6,22.19,1.41,233.31,2.56,0.69,0.35,0.25,68
R258,1.49,1.42,1.39,1.49,1.38,1.39,1.42,1.48,1.38,121.93,117.47,123.09,119.72,119.58,118.61,119.25,117.59,121.38,126.3,1.05,173.83,171.62,0.2,178.73,0.54,53.75,2.85,2.84,2.41,2.4,43.04,49.8,42.68,184.33,185.61,42.3,59.67,60.7,51.16,43.08,-0.04,-0.08,0.33,-0.83,-0.83,0.33,-0.06,-0.07,-0.08,-0.04,-0.27,-0.04,1567.85,1227.36,1238.23,1505.24,1505.24,30.37,20.67,68.24,27.67,27.67,6.96,2.28,4.9,5.23,1.35,3.89,4.92,1.35,3.98,6.96,2.28,4.9,614.42,616.41,49.73,1.75,772.48,8.36,0.06,0.03,0.03,1.28,17.8,-118.59,0.33,-0.47,-0.26,-0.02,1769.39,301.7,287.51,277.3,5.83,1.4,245.32,1.97,1.17,0.16,0.14,68
R273,1.49,1.42,1.39,1.49,1.38,1.39,1.42,1.49,1.38,120.73,117.06,123.79,119.05,119.09,119.15,119.14,117.14,120.61,129.91,0.49,179.63,177.79,0.5,177.66,2.3,52.98,2.81,2.81,2.4,2.4,48.18,47.24,40.96,183.88,177.93,39.7,60.98,61.04,47.99,46.77,-0.04,-0.08,0.33,-0.82,-0.83,0.33,-0.07,-0.07,-0.08,-0.03,-0.25,-0.03,1505.97,1253.75,1279.94,1516.57,1516.57,21.87,57.31,64.97,11.36,11.36,8.46,1.52,5.63,5.23,1.35,3.89,4.92,1.35,3.98,8.46,1.52,5.63,654.73,693.06,51.05,1.73,700.73,3.37,0.07,0.04,0.03,1.34,58.34,52.7,-0.25,-0.01,-0.23,0.03,1747.61,115.01,274.73,256.49,22.12,1.41,233.31,2.29,0.69,0.35,0.25,68
R309,1.5,1.42,1.4,1.49,1.38,1.39,1.42,1.5,1.38,120.75,116.68,124.2,119.7,119.38,118.96,119.07,116.71,120.69,131.21,3.06,179.43,177.62,1.16,176.37,6.33,51.16,2.81,2.81,2.4,2.39,51.21,47.47,40.74,184.99,179.3,39.59,61.62,61.24,49.09,51.4,-0.06,-0.07,0.32,-0.83,-0.83,0.33,-0.07,-0.07,-0.08,-0.07,-0.26,-0.03,1569.33,1249.35,1249.35,1538.84,1538.84,24.47,75.3,75.3,17.27,17.27,8.48,3.09,5.68,5.23,1.35,3.89,4.92,1.35,3.98,8.48,3.09,5.68,795.33,813.49,47.35,1.89,752.98,4.47,0.06,0.04,0.03,1.34,32.42,68.05,-0.05,-0.43,-0.25,0.01,1723.1,49.74,262.83,248.27,24.63,1.38,226.28,3.84,1.1,0.25,0.23,68
R163,1.52,1.44,1.87,1.5,1.39,1.87,1.44,1.51,1.39,121.74,113.21,118.8,121.83,122.2,113.13,127.56,128.15,120.73,118.72,7.62,179.28,178.81,5.05,170.65,8.76,82.66,3.01,3.38,2.77,2.98,123,45.89,46.43,372.31,380.39,41.17,42.52,41.38,44.4,127.73,-0.12,-0.05,-0.32,0.88,0.89,-0.31,-0.02,-0.04,-0.05,-0.14,-0.25,-0.02,1132.49,1187.56,1178.26,1162.71,1187.56,5.12,1.27,5.2,7.93,1.27,8.04,1.53,5.24,7.12,2.38,5.84,7.12,2.38,5.84,8.04,1.53,5.24,793.7,878.9,10.65,1.79,834.94,2.63,0.06,0.03,0.03,1.33,61.66,47.91,-0.38,0,-0.31,-0.01,1738.29,229.01,150.24,125.17,46.99,1.24,129.12,10.36,3.09,1.18,0.88,69
R177,1.09,1.43,1.85,1.5,1.39,1.86,1.42,1.09,1.39,119.31,117.17,118.86,121.45,120.04,117.7,122.8,122.76,119.44,119.51,8.94,176.89,174.09,3.21,179.06,3.02,80.1,2.9,3.03,2.81,2.89,23.02,54.02,41.63,365.63,383.84,39.55,37.46,42.18,55.15,23.97,0.27,-0.25,-0.33,0.9,0.91,-0.33,-0.02,-0.04,-0.25,0.26,-0.25,-0.02,1228.68,1198.75,1189.53,3214.44,3224.42,0.71,2.02,2.05,2.59,12.72,2,1,1,7.12,2.38,5.84,7.12,2.38,5.84,2,1,1,599.12,662.49,0,1.63,622.69,2.78,0.09,0.06,0.06,1.34,37.31,75.68,-0.04,-0.45,-0.27,0.01,1747.27,29,184.65,172.85,0,1.23,144.22,0.9,1.89,1.06,0.7,69
R10,1.09,1.41,1.38,1.49,1.38,1.39,1.41,1.09,1.38,118.63,118.37,122.98,119.06,120,120.83,118.65,116.35,118.52,122.74,0.71,178.97,178.45,2.9,176.95,0.16,54.04,2.6,2.56,2.4,2.38,23.22,62.45,39.34,142.99,157.14,37.01,59.07,7.96,60.37,25.33,0.28,-0.28,0.3,-0.82,-0.84,0.32,-0.08,-0.08,-0.28,0.27,-0.25,-0.02,1524.52,1266.49,1242.94,3236.59,3232.51,102.59,406.49,96.26,1.87,2.33,2,1,1,4.15,1.35,6.69,8.63,1.35,5.16,2,1,1,402.6,419.38,22.63,1.49,487.29,2.84,0.22,0.11,0.09,1.34,53.58,79.9,0.03,-0.44,-0.29,0,1740.59,88.62,175.48,146.85,41.41,1.3,143.14,3.49,3.39,0.69,0.58,70
R307,1.49,1.42,1.39,1.49,1.38,1.39,1.42,1.48,1.38,121.93,117.47,123.09,119.72,119.58,118.61,119.25,117.59,121.38,126.3,1.05,173.83,171.62,0.2,178.73,0.54,53.75,2.85,2.84,2.41,2.4,43.04,49.8,42.68,184.33,185.61,42.3,59.67,60.7,51.16,43.08,-0.04,-0.08,0.33,-0.83,-0.83,0.33,-0.06,-0.07,-0.08,-0.04,-0.27,-0.04,1567.85,1227.36,1238.23,1505.24,1505.24,30.37,20.67,68.24,27.67,27.67,6.96,2.28,4.9,5.23,1.35,3.89,4.92,1.35,3.98,6.96,2.28,4.9,614.42,616.41,49.73,1.75,772.48,8.36,0.06,0.03,0.03,1.28,18.28,-117.02,0.32,-0.47,-0.24,-0.02,1764.13,240.23,316.34,304.07,12.81,1.45,275.35,1.45,1.07,0.11,0.1,70
R308,1.49,1.42,1.39,1.49,1.38,1.39,1.42,1.48,1.38,121.93,117.47,123.09,119.72,119.58,118.61,119.25,117.59,121.38,126.3,1.05,173.83,171.62,0.2,178.73,0.54,53.75,2.85,2.84,2.41,2.4,43.04,49.8,42.68,184.33,185.61,42.3,59.67,60.7,51.16,43.08,-0.04,-0.08,0.33,-0.83,-0.83,0.33,-0.06,-0.07,-0.08,-0.04,-0.27,-0.04,1567.85,1227.36,1238.23,1505.24,1505.24,30.37,20.67,68.24,27.67,27.67,6.96,2.28,4.9,5.23,1.35,3.89,4.92,1.35,3.98,6.96,2.28,4.9,614.42,616.41,49.73,1.75,772.48,8.36,0.06,0.03,0.03,1.28,18.58,-128.29,0.32,-0.46,-0.27,-0.03,1769.61,250.33,275.92,257.84,5.79,1.41,263.26,3.62,1.39,0.13,0.12,70
R310,1.49,1.42,1.39,1.49,1.38,1.39,1.42,1.48,1.38,121.93,117.46,123.09,119.73,119.58,118.6,119.25,117.59,121.38,126.33,1.04,173.84,171.62,0.21,178.73,0.52,53.76,2.85,2.84,2.41,2.4,43.03,49.83,42.7,184.43,185.64,42.32,59.68,60.7,51.17,43.09,-0.04,-0.08,0.33,-0.83,-0.83,0.33,-0.06,-0.07,-0.08,-0.04,-0.27,-0.04,1567.76,1254.51,1254.51,1505.17,1505.17,30.82,285.17,285.17,27.94,27.94,6.96,2.28,4.9,5.23,1.35,3.89,4.92,1.35,3.98,6.96,2.28,4.9,614.41,616.41,49.72,1.75,772.48,8.41,0.06,0.03,0.03,1.28,18.16,-116.71,0.32,-0.47,-0.24,-0.02,1763.84,242.54,316.35,304.08,12.81,1.45,275.35,1.46,1.07,0.11,0.1,70
R41,1.09,1.41,1.37,1.49,1.38,1.38,1.41,1.09,1.38,118.29,117.64,122.25,118.76,118.48,119.61,120.11,117.91,118.46,122.45,0.25,178.41,178.36,0.04,178.64,0.49,52.67,2.58,2.59,2.39,2.39,23.3,61.12,34.48,141.59,169.68,35.55,58.62,59.44,62.03,23.31,0.27,-0.28,0.32,-0.83,-0.83,0.32,-0.08,-0.09,-0.28,0.27,-0.25,-0.02,1521.61,1252,1280.81,3225.36,3233.88,104.79,45.37,141.12,5.43,10.07,2,1,1,7.75,2.01,3.87,4.65,1.35,7.56,2,1,1,392.82,402.68,15.6,1.49,399.43,2.59,0.24,0.13,0.1,1.28,15.94,-111.26,0.33,-0.49,-0.27,-0.05,1755.73,320.76,269.81,253.02,12.8,1.39,225.29,1.76,1.86,0.17,0.16,71
R71,1.49,1.42,1.39,1.49,1.38,1.39,1.42,1.48,1.38,121.93,117.47,123.09,119.72,119.58,118.61,119.25,117.59,121.38,126.3,1.05,173.83,171.62,0.2,178.73,0.54,53.75,2.85,2.84,2.41,2.4,43.04,49.8,42.68,184.33,185.61,42.3,59.67,60.7,51.16,43.08,-0.04,-0.08,0.33,-0.83,-0.83,0.33,-0.06,-0.07,-0.08,-0.04,-0.27,-0.04,1567.85,1227.36,1238.23,1505.24,1505.24,30.37,20.67,68.24,27.67,27.67,6.96,2.28,4.9,5.23,1.35,3.89,4.92,1.35,3.98,6.96,2.28,4.9,614.42,616.41,49.73,1.75,772.48,8.36,0.06,0.03,0.03,1.28,18.7,-126.44,0.32,-0.46,-0.26,-0.03,1766.92,232.27,306.86,285.16,13.26,1.46,293.29,4.58,1.32,0.09,0.09,72
R82,1.5,1.43,1.38,1.49,1.38,1.38,1.42,1.5,1.38,119.09,116.93,122.83,118.97,118.78,119.02,120.22,117.85,119.27,123.11,0.1,177.94,176.04,0.56,179.81,1.61,53.05,2.78,2.8,2.39,2.4,174.92,50.47,34.07,145.81,170.46,35.66,58.5,60.65,50.47,173.89,-0.71,-0.06,0.34,-0.83,-0.83,0.33,-0.07,-0.08,-0.06,-0.72,-0.25,-0.01,1514.86,1268.57,1281.21,1142.19,1133.9,69.11,55.67,224.42,73.62,49.91,2.99,1.5,2.04,9.68,1.35,11.12,10.56,1.66,8.01,2.99,1.5,2.04,661.57,689.16,14.09,1.75,661.72,4.6,0.1,0.04,0.04,1.28,16.51,-113.15,0.33,-0.48,-0.27,-0.02,1758.99,369.93,259.96,244.28,5.07,1.38,209.29,2.57,1.43,0.26,0.24,72
R311,1.49,1.42,1.39,1.49,1.38,1.39,1.42,1.48,1.38,121.93,117.47,123.09,119.72,119.58,118.61,119.25,117.59,121.38,126.3,1.05,173.83,171.62,0.2,178.73,0.54,53.75,2.85,2.84,2.41,2.4,43.04,49.8,42.68,184.33,185.61,42.3,59.67,60.7,51.16,43.08,-0.04,-0.08,0.33,-0.83,-0.83,0.33,-0.06,-0.07,-0.08,-0.04,-0.27,-0.04,1567.85,1227.36,1238.23,1505.24,1505.24,30.37,20.67,68.24,27.67,27.67,6.96,2.28,4.9,5.23,1.35,3.89,4.92,1.35,3.98,6.96,2.28,4.9,614.42,616.41,49.73,1.75,772.48,8.36,0.06,0.03,0.03,1.28,19.02,-125.57,0.32,-0.46,-0.26,-0.02,1771.04,273.24,291.91,271.45,13.27,1.44,304.19,1.92,1.15,0.1,0.09,72
R313,1.49,1.42,1.39,1.49,1.38,1.39,1.42,1.48,1.38,121.93,117.47,123.09,119.72,119.58,118.61,119.25,117.59,121.38,126.3,1.05,173.83,171.62,0.2,178.73,0.54,53.75,2.85,2.84,2.41,2.4,43.04,49.8,42.68,184.33,185.61,42.3,59.67,60.7,51.16,43.08,-0.04,-0.08,0.33,-0.83,-0.83,0.33,-0.06,-0.07,-0.08,-0.04,-0.27,-0.04,1567.85,1227.36,1238.23,1505.24,1505.24,30.37,20.67,68.24,27.67,27.67,6.96,2.28,4.9,5.23,1.35,3.89,4.92,1.35,3.98,6.96,2.28,4.9,614.42,616.41,49.73,1.75,772.48,8.36,0.06,0.03,0.03,1.28,19.14,-110.4,0.33,-0.48,-0.25,0,1760.39,320.95,301.19,280.28,20.22,1.45,255.32,5.06,1.75,0.12,0.11,72
R318,1.09,1.41,1.38,1.49,1.38,1.38,1.41,1.08,1.38,118.49,118.13,122.59,118.57,119.32,120.78,119.27,117.08,118.37,122.08,0.06,178.78,178.3,1.39,176.71,0.51,52.7,2.59,2.57,2.39,2.38,23.29,62.28,35.8,162.16,151.78,36.19,60.96,58.97,60.24,23.76,0.27,-0.28,0.32,-0.83,-0.83,0.32,-0.09,-0.08,-0.28,0.27,-0.25,-0.02,1522.69,1279.47,1252.94,3229.41,3243.51,100.07,233.63,101.09,5.97,2.72,2,1,1,5.03,1.35,7.53,10.26,1.92,4.58,2,1,1,427.27,443.34,15.41,1.52,435.46,2.02,0.23,0.11,0.08,1.29,2.03,57.11,0.42,-0.68,-0.26,-0.02,1748.42,487.45,299.92,275.18,14.22,1.47,300.62,14.95,0.33,0.2,0.14,72
R319,1.49,1.42,1.39,1.49,1.38,1.39,1.42,1.48,1.38,121.93,117.47,123.09,119.72,119.58,118.61,119.25,117.59,121.38,126.3,1.05,173.83,171.62,0.2,178.73,0.54,53.75,2.85,2.84,2.41,2.4,43.04,49.8,42.68,184.33,185.61,42.3,59.67,60.7,51.16,43.08,-0.04,-0.08,0.33,-0.83,-0.83,0.33,-0.06,-0.07,-0.08,-0.04,-0.27,-0.04,1567.85,1227.36,1238.23,1505.24,1505.24,30.37,20.67,68.24,27.67,27.67,6.96,2.28,4.9,5.23,1.35,3.89,4.92,1.35,3.98,6.96,2.28,4.9,614.42,616.41,49.73,1.75,772.48,8.36,0.06,0.03,0.03,1.28,17.82,-120.77,0.33,-0.47,-0.26,-0.01,1767.66,306.95,240.71,226.06,5.83,1.34,195.26,2.12,2,0.27,0.25,72
R7,1.09,1.41,1.41,1.49,1.38,1.38,1.41,1.09,1.38,118.34,116.89,122.54,119.34,118.84,119.29,120.53,118,118.56,122.71,0.16,177.5,176.27,0.83,178.84,0.44,52.98,2.57,2.59,2.38,2.39,23.17,61.47,35.4,144.56,163.01,37.7,59.06,60.05,62.34,23.29,0.28,-0.28,0.32,-0.84,-0.84,0.31,-0.08,-0.08,-0.28,0.28,-0.25,-0.02,1522.16,1246.69,1276.42,3234.76,3229.96,80.81,140.03,193.47,2.8,2.64,2,1,1,5.98,1.54,3.76,5.86,1.35,3.87,2,1,1,329.34,337.38,22.35,1.41,346.32,3.19,0.27,0.23,0.14,1.34,53.58,79.9,0.03,-0.44,-0.29,0,1740.59,88.62,175.48,146.85,41.41,1.3,143.14,3.49,3.39,0.69,0.58,72.8
R216,1.09,1.41,1.37,1.49,1.38,1.36,1.42,1.09,1.38,118.88,119.57,121.85,118.62,120.57,126.06,118.57,112.88,117.47,121.04,0.38,179.65,176.76,3.69,177.86,0.69,71.8,2.63,5.03,2.41,2.32,23.59,63.01,28.04,213.44,214.34,35.71,66.41,61.13,62.22,24.47,0.26,-0.28,0.35,-0.8,-0.81,0.35,-0.1,-0.1,-0.27,0.26,-0.25,-0.01,1227.12,1306.47,1294.72,3224.79,3238.78,2.43,53.03,114.16,8.21,3.13,2,1,1,7.48,1.52,6.53,7.48,1.52,6.53,2,1,1,641.21,682.86,7.56,1.71,654.69,1.43,0.08,0.06,0.05,1.33,86.86,47.29,-0.47,0.05,-0.29,0.02,1753.9,139.7,172.01,145.99,44.2,1.28,143.14,6.34,2.04,1.01,0.92,73.2
R73,1.09,1.42,1.37,1.49,1.38,1.37,1.42,1.09,1.38,119.23,120.33,121.33,119.27,119.84,119.6,118.23,118.73,118.35,121.66,4.16,179.73,178.62,2.86,179.7,1.24,99.41,2.65,2.6,2.42,2.4,23.27,62.51,30.72,219.03,223.25,27.83,56.86,58.49,52.81,23.5,0.27,-0.3,0.34,-0.81,-0.81,0.34,-0.07,-0.08,-0.08,0.27,-0.25,-0.01,1100.12,1305.45,1283.34,3214.82,3201.38,54.41,90.96,120.03,6.64,3.51,2,1,1,5.64,1.35,5.5,5.64,1.35,5.5,2,1,1,534.62,545.48,10.81,1.66,514.59,2.39,0.12,0.1,0.09,1.35,49.31,58.28,-0.18,0.04,-0.27,-0.03,1745.18,183.77,249.99,229.41,44.78,1.38,219.24,2.13,0.91,0.33,0.26,74
R234,1.49,1.42,1.39,1.49,1.38,1.39,1.42,1.48,1.38,121.93,117.47,123.09,119.72,119.58,118.61,119.25,117.59,121.38,126.3,1.05,173.83,171.62,0.2,178.73,0.54,53.75,2.85,2.84,2.41,2.4,43.04,49.8,42.68,184.33,185.61,42.3,59.67,60.7,51.16,43.08,-0.04,-0.08,0.33,-0.83,-0.83,0.33,-0.06,-0.07,-0.08,-0.04,-0.27,-0.04,1567.85,1227.36,1238.23,1505.24,1505.24,30.37,20.67,68.24,27.67,27.67,6.96,2.28,4.9,5.23,1.35,3.89,4.92,1.35,3.98,6.96,2.28,4.9,614.42,616.41,49.73,1.75,772.48,8.36,0.06,0.03,0.03,1.28,18.09,-119.42,0.32,-0.47,-0.26,-0.02,1762.12,337.66,351.22,336.73,13.28,1.5,301.39,3.33,1.3,0.07,0.07,74
R259,1.49,1.42,1.39,1.49,1.38,1.39,1.42,1.49,1.38,120.96,117.08,123.7,119.14,119.13,119.12,119.2,117.17,120.62,130.11,0.2,179,177.12,0.55,177.47,2.41,53.06,2.82,2.81,2.4,2.4,48.04,47.18,40.9,183.64,177.77,39.67,60.95,61,47.94,46.64,-0.03,-0.08,0.33,-0.82,-0.83,0.33,-0.07,-0.07,-0.08,-0.03,-0.25,-0.03,1506.3,1280.59,1280.59,1516.66,1516.66,23.09,59.89,59.89,10.84,10.84,8.46,1.52,5.63,5.23,1.35,3.89,4.92,1.35,3.98,8.46,1.52,5.63,654.4,693.02,50.88,1.73,700.73,3.35,0.07,0.04,0.03,1.34,58.58,52.68,-0.25,-0.01,-0.23,0.03,1748.02,113.42,274.76,256.48,22.09,1.41,233.31,2.23,0.69,0.35,0.25,74
R299,1.49,1.42,1.39,1.49,1.38,1.39,1.42,1.49,1.38,120.86,117.03,123.74,119.32,118.94,119.22,119.2,116.97,120.52,129.27,0.78,178.87,178.65,0.79,178.11,0.53,52.45,2.82,2.81,2.39,2.39,51.53,49.44,39.7,184.4,178.22,38.49,60.68,60.86,50.33,51.01,-0.01,-0.08,0.33,-0.82,-0.83,0.33,-0.07,-0.07,-0.09,-0.01,-0.23,-0.04,1505.32,1276.54,1276.54,1516.81,1516.81,47.38,119.67,119.67,6.97,6.97,6.4,1.53,5.61,5.23,1.35,3.89,4.92,1.35,3.98,6.4,1.53,5.61,650.7,692.74,49.81,1.72,700.73,3.71,0.07,0.04,0.04,1.34,38.67,81.61,0.14,-0.46,-0.27,0,1737.99,82.51,229.7,208.66,32.42,1.35,191.23,2.58,0.92,0.52,0.4,74
R312,1.49,1.42,1.39,1.49,1.38,1.39,1.42,1.48,1.38,121.93,117.47,123.09,119.72,119.58,118.61,119.25,117.59,121.38,126.3,1.05,173.83,171.62,0.2,178.73,0.54,53.75,2.85,2.84,2.41,2.4,43.04,49.8,42.68,184.33,185.61,42.3,59.67,60.7,51.16,43.08,-0.04,-0.08,0.33,-0.83,-0.83,0.33,-0.06,-0.07,-0.08,-0.04,-0.27,-0.04,1567.85,1227.36,1238.23,1505.24,1505.24,30.37,20.67,68.24,27.67,27.67,6.96,2.28,4.9,5.23,1.35,3.89,4.92,1.35,3.98,6.96,2.28,4.9,614.42,616.41,49.73,1.75,772.48,8.36,0.06,0.03,0.03,1.28,18.04,-118.71,0.33,-0.47,-0.26,-0.01,1767.66,301.29,271.78,253.41,13.29,1.4,225.29,3.44,1.83,0.17,0.17,74
R317,1.09,1.41,1.38,1.49,1.38,1.38,1.41,1.08,1.38,118.49,118.13,122.59,118.57,119.32,120.78,119.27,117.08,118.37,122.08,0.06,178.78,178.3,1.39,176.71,0.51,52.7,2.59,2.57,2.39,2.38,23.29,62.28,35.8,162.16,151.78,36.19,60.96,58.97,60.24,23.76,0.27,-0.28,0.32,-0.83,-0.83,0.32,-0.09,-0.08,-0.28,0.27,-0.25,-0.02,1522.69,1279.47,1252.94,3229.41,3243.51,100.07,233.63,101.09,5.97,2.72,2,1,1,5.03,1.35,7.53,10.26,1.92,4.58,2,1,1,427.27,443.34,15.41,1.52,435.46,2.02,0.23,0.11,0.08,1.3,1.29,67.92,0.42,-0.7,-0.27,-0.01,1730.66,388.51,311.76,288.06,20.07,1.48,296.2,15.3,0.31,0.19,0.13,74
R172,1.4,1.43,1.86,1.5,1.4,1.86,1.42,1.4,1.39,118.72,115.59,116.88,121.5,120.04,115.86,126.92,127.06,120.88,117.03,0.95,172.66,169.26,0.31,171.34,6.12,76.2,2.94,3.27,2.79,2.94,90.73,35.54,46.14,375.83,389.03,45.16,37.47,40.28,32.59,71.7,-0.56,0.29,-0.35,0.9,0.91,-0.36,-0.01,-0.03,0.3,-0.56,-0.25,-0.03,1095.76,1171.49,1164.96,1236.8,1257.87,6.03,320.99,144.9,204.5,131.21,6.23,1.69,4.25,7.12,2.38,5.84,7.12,2.38,5.84,6.23,1.69,4.25,782.75,861.63,33.9,1.79,822.92,4.19,0.06,0.04,0.04,1.34,45.2,58.82,-0.16,0.03,-0.28,-0.03,1738.46,515.55,250.21,229.24,45.26,1.38,219.24,2.52,0.93,0.33,0.27,74.7
R179,1.89,1.42,1.4,1.49,1.38,1.39,1.42,1.89,1.38,121.25,116.69,124.35,120.56,120.86,118.68,118.77,116.82,121.3,125.99,6.99,167.89,169.07,2.4,168.33,6.93,55.55,3.05,3.06,2.4,2.4,401.91,54.13,35.71,172.72,171.5,33.26,62.02,62.41,55.54,403.72,1.89,-0.55,0.33,-0.83,-0.83,0.34,-0.08,-0.07,-0.56,1.89,-0.26,-0.03,1498.8,1272.18,1272.18,786.91,786.91,65.57,128.32,128.32,37.77,37.77,6.38,4.21,6.49,5.23,1.35,3.89,4.92,1.35,3.98,6.38,4.21,6.49,825.6,886.42,42.16,1.85,865.09,4.21,0.06,0.03,0.03,1.34,34.31,63.46,-0.06,-0.42,-0.25,-0.01,1702.7,38.86,395.63,386.84,11.5,1.54,348.52,3.17,0.29,0.14,0.12,75
R256,1.49,1.42,1.39,1.49,1.38,1.39,1.42,1.49,1.38,120.97,117.08,123.7,119.14,119.14,119.12,119.2,117.17,120.62,130.11,0.18,178.96,177.07,0.54,177.47,2.42,53.07,2.82,2.81,2.4,2.4,48.03,47.19,40.9,183.65,177.79,39.67,60.95,61,47.95,46.64,-0.03,-0.08,0.33,-0.82,-0.83,0.33,-0.07,-0.07,-0.08,-0.03,-0.25,-0.03,1506.25,1280.54,1280.54,1516.58,1516.58,23.3,60.06,60.06,10.89,10.89,8.46,1.52,5.63,5.23,1.35,3.89,4.92,1.35,3.98,8.46,1.52,5.63,654.45,693.04,50.89,1.73,700.73,3.36,0.07,0.04,0.03,1.34,58.57,52.68,-0.25,-0.01,-0.23,0.03,1748,113.71,274.76,256.48,22.09,1.41,233.31,2.24,0.69,0.35,0.25,75
R291,1.09,1.43,1.85,1.5,1.39,1.86,1.42,1.09,1.39,119.31,117.17,118.86,121.45,120.04,117.7,122.8,122.76,119.44,119.51,8.94,176.89,174.09,3.21,179.06,3.02,80.1,2.9,3.03,2.81,2.89,23.02,54.02,41.63,365.63,383.84,39.55,37.46,42.18,55.15,23.97,0.27,-0.25,-0.33,0.9,0.91,-0.33,-0.02,-0.04,-0.25,0.26,-0.25,-0.02,1228.68,1198.75,1189.53,3214.44,3224.42,0.71,2.02,2.05,2.59,12.72,2,1,1,7.12,2.38,5.84,7.12,2.38,5.84,2,1,1,599.12,662.49,0,1.63,622.69,2.78,0.09,0.06,0.06,1.34,38.07,78.61,-0.03,-0.46,-0.25,0.02,1745.95,40.28,214.1,199.76,6.95,1.3,174.24,1.11,1.81,0.5,0.4,75
R13,1.09,1.41,1.38,1.49,1.38,1.38,1.41,1.08,1.38,118.49,118.13,122.59,118.57,119.32,120.78,119.27,117.08,118.37,122.08,0.06,178.78,178.3,1.39,176.71,0.51,52.7,2.59,2.57,2.39,2.38,23.29,62.28,35.8,162.16,151.78,36.19,60.96,58.97,60.24,23.76,0.27,-0.28,0.32,-0.83,-0.83,0.32,-0.09,-0.08,-0.28,0.27,-0.25,-0.02,1522.69,1279.47,1252.94,3229.41,3243.51,100.07,233.63,101.09,5.97,2.72,2,1,1,5.03,1.35,7.53,10.26,1.92,4.58,2,1,1,427.27,443.34,15.41,1.52,435.46,2.02,0.23,0.11,0.08,1.29,2.84,66.48,0.42,-0.68,-0.26,-0.01,1738.3,524.43,277.7,256.73,22.36,1.42,247.72,14.19,0.61,0.28,0.22,76
R64,1.09,1.41,1.38,1.49,1.38,1.37,1.42,1.09,1.38,118.45,117.87,122.52,118.43,118.8,120.28,119.59,117.87,118.2,122.25,0.19,178.59,178.41,0.2,178.33,0.56,52.47,2.59,2.58,2.39,2.38,23.33,62.19,35.26,147.21,170.01,34.27,59.11,58.82,60.54,23.26,0.27,-0.28,0.32,-0.83,-0.83,0.32,-0.08,-0.08,-0.28,0.27,-0.25,-0.02,1525.15,1254.64,1254.64,3244.72,3233.94,100.47,141.97,141.97,3.54,3.85,2,1,1,7.84,1.45,3.87,4.55,1.35,6.76,2,1,1,377.23,386.01,15.78,1.47,385.4,2.93,0.25,0.15,0.11,1.34,90.82,43.29,-0.51,0.15,-0.25,0.02,1731.24,74.34,232.88,209.46,28.92,1.37,191.23,5.49,2.12,0.28,0.26,76
R113,1.09,1.41,1.41,1.49,1.38,1.38,1.41,1.09,1.38,118.34,116.89,122.54,119.34,118.84,119.29,120.53,118,118.56,122.71,0.16,177.5,176.27,0.83,178.84,0.44,52.98,2.57,2.59,2.38,2.39,23.17,61.47,35.4,144.56,163.01,37.7,59.06,60.05,62.34,23.29,0.28,-0.28,0.32,-0.84,-0.84,0.31,-0.08,-0.08,-0.28,0.28,-0.25,-0.02,1522.16,1246.69,1276.42,3234.76,3229.96,80.81,140.03,193.47,2.8,2.64,2,1,1,5.98,1.54,3.76,5.86,1.35,3.87,2,1,1,329.34,337.38,22.35,1.41,346.32,3.19,0.27,0.23,0.14,1.34,42.65,89.35,0.15,-0.5,-0.27,0.01,1733.89,52.63,203.37,182.54,21.95,1.31,161.2,5.17,2.3,0.5,0.43,76
R116,1.09,1.41,1.38,1.49,1.38,1.37,1.42,1.09,1.38,118.45,117.87,122.52,118.43,118.8,120.28,119.59,117.87,118.2,122.25,0.19,178.59,178.41,0.2,178.33,0.56,52.47,2.59,2.58,2.39,2.38,23.33,62.19,35.26,147.21,170.01,34.27,59.11,58.82,60.54,23.26,0.27,-0.28,0.32,-0.83,-0.83,0.32,-0.08,-0.08,-0.28,0.27,-0.25,-0.02,1525.15,1254.64,1254.64,3244.72,3233.94,100.47,141.97,141.97,3.54,3.85,2,1,1,7.84,1.45,3.87,4.55,1.35,6.76,2,1,1,377.23,386.01,15.78,1.47,385.4,2.93,0.25,0.15,0.11,1.35,57.04,62.91,-0.2,0.05,-0.27,-0.02,1751.43,44.03,251.68,229.55,41.26,1.39,219.24,2.78,0.77,0.35,0.26,76
R32,1.09,1.41,1.38,1.49,1.38,1.38,1.41,1.09,1.38,118.41,116.44,122.46,120.07,119.36,118.82,120.98,118.25,118.56,122.93,0.01,175.98,171.73,0.4,178.82,0.29,53.94,2.56,2.6,2.38,2.4,24.17,60.41,37.27,156.22,145.93,38.48,58.37,0.91,62.23,23.19,0.27,-0.27,0.33,-0.84,-0.83,0.31,-0.08,-0.08,-0.28,0.28,-0.25,-0.02,1522.83,1243.98,1277.75,3226.17,3229.65,87.56,25.47,159.85,6.24,3.46,2,1,1,7.43,1.35,7.03,5.43,1.35,6.27,2,1,1,416.63,438.08,21.3,1.49,436.45,2.07,0.22,0.12,0.09,1.34,49.69,64.49,0.13,-0.21,-0.26,0.01,1761.24,13.61,221.61,200.46,22.64,1.34,175.23,4.24,1.48,0.49,0.39,76.2
R117,1.09,1.41,1.38,1.49,1.38,1.37,1.42,1.09,1.38,118.45,117.87,122.52,118.43,118.8,120.28,119.59,117.87,118.2,122.25,0.19,178.59,178.41,0.2,178.33,0.56,52.47,2.59,2.58,2.39,2.38,23.33,62.19,35.26,147.21,170.01,34.27,59.11,58.82,60.54,23.26,0.27,-0.28,0.32,-0.83,-0.83,0.32,-0.08,-0.08,-0.28,0.27,-0.25,-0.02,1525.15,1254.64,1254.64,3244.72,3233.94,100.47,141.97,141.97,3.54,3.85,2,1,1,7.84,1.45,3.87,4.55,1.35,6.76,2,1,1,377.23,386.01,15.78,1.47,385.4,2.93,0.25,0.15,0.11,1.34,60.87,46.82,-0.23,0.14,-0.26,0.01,1755.29,52.32,242.74,219.07,23.25,1.38,189.26,4.78,0.86,0.51,0.36,77
R83,1.5,1.43,1.38,1.49,1.38,1.38,1.42,1.5,1.38,119.09,116.93,122.83,118.97,118.78,119.02,120.22,117.85,119.27,123.11,0.1,177.94,176.04,0.56,179.81,1.61,53.05,2.78,2.8,2.39,2.4,174.92,50.47,34.07,145.81,170.46,35.66,58.5,60.65,50.47,173.89,-0.71,-0.06,0.34,-0.83,-0.83,0.33,-0.07,-0.08,-0.06,-0.72,-0.25,-0.01,1514.86,1268.57,1281.21,1142.19,1133.9,69.11,55.67,224.42,73.62,49.91,2.99,1.5,2.04,9.68,1.35,11.12,10.56,1.66,8.01,2.99,1.5,2.04,661.57,689.16,14.09,1.75,661.72,4.6,0.1,0.04,0.04,1.28,10.97,-105.8,0.35,-0.49,-0.28,-0.01,1769.66,500.41,272.39,257.6,5.3,1.39,263.26,3.77,0.73,0.23,0.2,78
R166,1.09,1.43,1.85,1.5,1.39,1.86,1.42,1.09,1.39,119.31,117.17,118.86,121.45,120.04,117.7,122.8,122.76,119.44,119.51,8.94,176.89,174.09,3.21,179.06,3.02,80.1,2.9,3.03,2.81,2.89,23.02,54.02,41.63,365.63,383.84,39.55,37.46,42.18,55.15,23.97,0.27,-0.25,-0.33,0.9,0.91,-0.33,-0.02,-0.04,-0.25,0.26,-0.25,-0.02,1228.68,1198.75,1189.53,3214.44,3224.42,0.71,2.02,2.05,2.59,12.72,2,1,1,7.12,2.38,5.84,7.12,2.38,5.84,2,1,1,599.12,662.49,0,1.63,622.69,2.78,0.09,0.06,0.06,1.33,30.37,81.78,-0.04,-0.46,-0.26,0.01,1756.71,37.14,171.07,156.61,0,1.22,130.19,0.83,2.53,1.26,0.86,78
R176,1.49,1.42,1.39,1.49,1.38,1.39,1.42,1.48,1.38,121.93,117.47,123.09,119.72,119.58,118.61,119.25,117.59,121.38,126.3,1.05,173.83,171.62,0.2,178.73,0.54,53.75,2.85,2.84,2.41,2.4,43.04,49.8,42.68,184.33,185.61,42.3,59.67,60.7,51.16,43.08,-0.04,-0.08,0.33,-0.83,-0.83,0.33,-0.06,-0.07,-0.08,-0.04,-0.27,-0.04,1567.85,1227.36,1238.23,1505.24,1505.24,30.37,20.67,68.24,27.67,27.67,6.96,2.28,4.9,5.23,1.35,3.89,4.92,1.35,3.98,6.96,2.28,4.9,614.42,616.41,49.73,1.75,772.48,8.36,0.06,0.03,0.03,1.28,10.18,-134.43,0.33,-0.47,-0.26,0,1757.73,291.42,309.2,289.34,13.82,1.46,253.34,3.81,1.27,0.14,0.13,78
R267,1.49,1.42,1.39,1.49,1.38,1.39,1.42,1.48,1.38,121.93,117.47,123.09,119.72,119.58,118.61,119.25,117.59,121.38,126.3,1.05,173.83,171.62,0.2,178.73,0.54,53.75,2.85,2.84,2.41,2.4,43.04,49.8,42.68,184.33,185.61,42.3,59.67,60.7,51.16,43.08,-0.04,-0.08,0.33,-0.83,-0.83,0.33,-0.06,-0.07,-0.08,-0.04,-0.27,-0.04,1567.85,1227.36,1238.23,1505.24,1505.24,30.37,20.67,68.24,27.67,27.67,6.96,2.28,4.9,5.23,1.35,3.89,4.92,1.35,3.98,6.96,2.28,4.9,614.42,616.41,49.73,1.75,772.48,8.36,0.06,0.03,0.03,1.28,12.05,-133.54,0.32,-0.47,-0.25,0,1758.6,235.33,286.88,270.55,13.12,1.42,239.32,1.74,1.36,0.17,0.15,78
R315,1.49,1.42,1.39,1.49,1.38,1.39,1.42,1.49,1.38,120.97,117.08,123.7,119.14,119.14,119.12,119.2,117.17,120.62,130.11,0.18,178.96,177.07,0.54,177.47,2.42,53.07,2.82,2.81,2.4,2.4,48.03,47.19,40.9,183.65,177.79,39.67,60.95,61,47.95,46.64,-0.03,-0.08,0.33,-0.82,-0.83,0.33,-0.07,-0.07,-0.08,-0.03,-0.25,-0.03,1506.25,1280.54,1280.54,1516.58,1516.58,23.3,60.06,60.06,10.89,10.89,8.46,1.52,5.63,5.23,1.35,3.89,4.92,1.35,3.98,8.46,1.52,5.63,654.45,693.04,50.89,1.73,700.73,3.36,0.07,0.04,0.03,1.34,55.51,54.71,-0.23,-0.02,-0.23,0.02,1762.91,31.35,252.49,234.59,17.8,1.37,221.28,2.27,1.02,0.33,0.27,78
R316,1.52,1.44,1.86,1.5,1.39,1.88,1.44,1.51,1.39,122.81,112.93,119.22,122.97,121.81,113.64,127.85,127.36,120.3,118.99,2.73,177.27,177.42,1.75,176.13,4.75,95.28,3.02,3.35,2.77,2.98,147.7,36.26,52.07,378.5,383.02,43.92,38.83,35.7,39.64,159.45,-0.47,-0.02,-0.33,0.89,0.88,-0.31,-0.01,-0.02,-0.02,-0.5,-0.25,-0.02,1312.3,1187.33,1187.33,1162.41,1187.33,1.35,1.77,1.77,5.24,1.76,8.42,1.58,4.96,7.12,2.38,5.84,7.12,2.38,5.84,8.42,1.58,4.96,811.31,897.83,0,1.8,830.99,3.9,0.05,0.03,0.03,1.34,45.2,58.82,-0.16,0.03,-0.28,-0.03,1738.46,515.55,250.21,229.24,45.26,1.38,219.24,2.52,0.93,0.33,0.27,78
R184,1.09,1.43,1.85,1.5,1.39,1.86,1.42,1.09,1.39,119.31,117.17,118.86,121.45,120.04,117.7,122.8,122.76,119.44,119.51,8.94,176.89,174.09,3.21,179.06,3.02,80.1,2.9,3.03,2.81,2.89,23.02,54.02,41.63,365.63,383.84,39.55,37.46,42.18,55.15,23.97,0.27,-0.25,-0.33,0.9,0.91,-0.33,-0.02,-0.04,-0.25,0.26,-0.25,-0.02,1228.24,1197.77,1173.17,3218.98,3224.16,0.86,1.58,1.38,2.12,7.92,2,1,1,7.12,2.38,5.84,7.12,2.38,5.84,2,1,1,597.86,662.41,0,1.63,622.69,3.05,0.09,0.06,0.06,1.33,54.96,49.23,-0.37,0.01,-0.3,-0.01,1746.71,371.18,213.59,191.61,59.45,1.33,191.19,2.96,1.2,0.46,0.39,79
R101,1.89,1.42,1.39,1.49,1.38,1.39,1.42,1.9,1.38,119.14,116.45,124.75,119.96,120.77,118.69,118.66,116.75,122.34,126.84,10.59,165.02,168.51,0.03,168.84,6.8,55.25,3,3.09,2.39,2.39,404.38,54.59,34.9,172.45,171.4,32.81,62.04,62.14,55.09,400.77,1.89,-0.55,0.33,-0.83,-0.83,0.34,-0.07,-0.07,-0.55,1.89,-0.26,-0.03,1498.77,1276.5,1276.5,786.32,786.32,62.49,123.35,123.35,26.67,26.67,6.38,4.21,6.49,5.23,1.35,3.89,4.92,1.35,3.98,6.38,4.21,6.49,820.72,885.82,40.88,1.84,865.09,3.62,0.06,0.03,0.03,1.28,4.8,-97.97,0.28,-0.65,-0.27,0,1742.55,195.62,227.34,213.21,37.61,1.32,197.24,2.72,1.26,0.38,0.33,80
R211,1.49,1.43,1.38,1.49,1.38,1.37,1.43,1.49,1.38,121.56,119.48,121.56,120.98,120.03,122.67,118.96,116.11,121.97,121.14,3.49,176.17,175.1,8.46,177.17,5.91,73.91,2.89,2.83,2.43,2.38,44.48,43.48,30.97,228.77,227.93,36.38,59.86,58.22,44.65,44.08,-0.06,-0.08,0.36,-0.81,-0.81,0.36,-0.09,-0.08,-0.07,-0.05,-0.25,-0.02,1050.05,1269.46,1269.46,1211.73,1211.73,61.95,241.46,241.46,98.16,98.16,6.33,1.62,4.37,7.48,1.52,6.53,7.48,1.52,6.53,6.33,1.62,4.37,823.83,917.16,6.67,1.8,862.99,1.12,0.05,0.04,0.03,1.36,85.04,35.66,-0.41,0.24,-0.28,-0.03,1703.3,820.78,274.96,255.65,48.46,1.41,249.27,4.25,0.59,0.31,0.24,80
R292,1.89,1.42,1.4,1.49,1.38,1.39,1.42,1.89,1.38,121.25,116.69,124.35,120.56,120.86,118.68,118.77,116.82,121.3,125.99,6.99,167.89,169.07,2.4,168.33,6.93,55.55,3.05,3.06,2.4,2.4,401.91,54.13,35.71,172.72,171.5,33.26,62.02,62.41,55.54,403.72,1.89,-0.55,0.33,-0.83,-0.83,0.34,-0.08,-0.07,-0.56,1.89,-0.26,-0.03,1498.8,1272.18,1272.18,786.91,786.91,65.57,128.32,128.32,37.77,37.77,6.38,4.21,6.49,5.23,1.35,3.89,4.92,1.35,3.98,6.38,4.21,6.49,825.6,886.42,42.16,1.85,865.09,4.21,0.06,0.03,0.03,1.34,36.95,67.95,-0.05,-0.42,-0.25,0.01,1723.86,45.9,355.49,336.78,12.19,1.52,298.46,1.9,0.57,0.13,0.12,80
R328,1.49,1.42,1.39,1.49,1.38,1.39,1.42,1.5,1.38,120.43,116.32,123.86,120.18,119.36,118.87,119.71,116.69,120.16,131.9,7.36,176.48,177.12,1,172.77,8.12,49.8,2.8,2.8,2.39,2.39,51.47,48.52,38.95,184.03,178.96,39.02,61.19,61.49,49.67,51.34,-0.06,-0.07,0.33,-0.83,-0.83,0.33,-0.07,-0.07,-0.07,-0.07,-0.26,-0.03,1503.56,1267.49,1273.27,1536.7,1536.7,34.32,16.35,56.47,12.59,12.59,8.48,3.09,5.68,5.23,1.35,3.89,4.92,1.35,3.98,8.48,3.09,5.68,783.2,811.15,42.5,1.86,752.98,4.13,0.06,0.04,0.03,1.28,14.56,-123.39,0.33,-0.48,-0.24,0,1753.96,295.3,298.01,279.6,17.65,1.44,255.32,2.54,1.05,0.15,0.14,80
R332,1.49,1.42,1.39,1.49,1.38,1.39,1.42,1.5,1.38,120.43,116.32,123.86,120.18,119.36,118.87,119.71,116.69,120.16,131.9,7.36,176.48,177.12,1,172.77,8.12,49.8,2.8,2.8,2.39,2.39,51.47,48.52,38.95,184.03,178.96,39.02,61.19,61.49,49.67,51.34,-0.06,-0.07,0.33,-0.83,-0.83,0.33,-0.07,-0.07,-0.07,-0.07,-0.26,-0.03,1503.56,1267.49,1273.27,1536.7,1536.7,34.32,16.35,56.47,12.59,12.59,8.48,3.09,5.68,5.23,1.35,3.89,4.92,1.35,3.98,8.48,3.09,5.68,783.2,811.15,42.5,1.86,752.98,4.13,0.06,0.04,0.03,1.28,20.37,-129.72,0.31,-0.46,-0.25,-0.04,1759.99,175.52,290.34,272.41,27.95,1.43,250.3,6.46,1.69,0.12,0.12,80
R334,1.49,1.42,1.39,1.49,1.38,1.39,1.42,1.5,1.38,120.43,116.32,123.86,120.18,119.36,118.87,119.71,116.69,120.16,131.9,7.36,176.48,177.12,1,172.77,8.12,49.8,2.8,2.8,2.39,2.39,51.47,48.52,38.95,184.03,178.96,39.02,61.19,61.49,49.67,51.34,-0.06,-0.07,0.33,-0.83,-0.83,0.33,-0.07,-0.07,-0.07,-0.07,-0.26,-0.03,1503.56,1267.49,1273.27,1536.7,1536.7,34.32,16.35,56.47,12.59,12.59,8.48,3.09,5.68,5.23,1.35,3.89,4.92,1.35,3.98,8.48,3.09,5.68,783.2,811.15,42.5,1.86,752.98,4.13,0.06,0.04,0.03,1.28,20.49,-133.46,0.31,-0.46,-0.25,-0.06,1761.58,77.63,294.66,274.17,51.26,1.44,270.29,6.61,1.49,0.1,0.1,80
R342,1.09,1.41,1.38,1.49,1.38,1.37,1.41,1.09,1.38,118.47,117.77,122.55,118.5,118.63,120.18,119.65,117.77,118.3,122.3,0.64,178.79,178.7,0.71,178.28,0.65,52.59,2.59,2.58,2.39,2.39,23.35,62.15,35.66,140.62,171.02,34.78,59.36,58.71,60.88,23.38,0.27,-0.28,0.32,-0.83,-0.83,0.32,-0.08,-0.09,-0.28,0.27,-0.25,-0.02,1523.48,1386.47,1386.47,3224.64,3230.77,95.25,157.78,157.78,5.26,8.49,2,1,1,6.57,1.35,3.87,4.58,1.35,5.49,2,1,1,354.56,360.63,15.63,1.45,359.37,2.33,0.26,0.2,0.13,1.34,60.87,46.82,-0.23,0.14,-0.26,0.01,1755.29,52.32,242.74,219.07,23.25,1.38,189.26,4.78,0.86,0.51,0.36,80
R9,1.08,1.41,1.38,1.49,1.38,1.38,1.41,1.08,1.38,118.55,117.15,122.94,119.26,118.82,119.17,119.9,117.98,118.65,122.83,0.34,178.65,177.88,0.56,178.64,0.02,53.58,2.58,2.59,2.39,2.4,23.16,60.95,37.27,142.47,156.29,38.08,59.04,8.07,62.84,23.55,0.28,-0.28,0.31,-0.83,-0.83,0.31,-0.08,-0.08,-0.28,0.28,-0.26,-0.02,1524.44,1245.98,1281.35,3232.85,3229.84,87.01,151.66,167.21,1.46,2.7,2,1,1,7.07,1.88,5.18,5.1,1.35,8.17,2,1,1,389.73,403.09,20.82,1.48,408.39,2.97,0.22,0.13,0.11,1.34,53.58,79.9,0.03,-0.44,-0.29,0,1740.59,88.62,175.48,146.85,41.41,1.3,143.14,3.49,3.39,0.69,0.58,80.6
R58,1.09,1.41,1.38,1.49,1.38,1.37,1.41,1.09,1.38,118.47,117.77,122.55,118.5,118.63,120.18,119.65,117.77,118.3,122.3,0.64,178.79,178.7,0.71,178.28,0.65,52.59,2.59,2.58,2.39,2.39,23.35,62.15,35.66,140.62,171.02,34.78,59.36,58.71,60.88,23.38,0.27,-0.28,0.32,-0.83,-0.83,0.32,-0.08,-0.09,-0.28,0.27,-0.25,-0.02,1523.48,1386.47,1386.47,3224.64,3230.77,95.25,157.78,157.78,5.26,8.49,2,1,1,6.57,1.35,3.87,4.58,1.35,5.49,2,1,1,354.56,360.63,15.63,1.45,359.37,2.33,0.26,0.2,0.13,1.34,90.82,43.29,-0.51,0.15,-0.25,0.02,1731.24,74.34,232.88,209.46,28.92,1.37,191.23,5.49,2.12,0.28,0.26,81
R72,1.08,1.42,1.37,1.49,1.38,1.38,1.41,1.08,1.38,118.02,115.93,121.61,120.43,118.6,119.01,122.36,118.49,118.38,122.5,0.03,176.37,175.58,3.8,178.66,1.72,52.72,2.54,2.6,2.37,2.4,22.86,60.27,33.38,172.11,145.83,36.66,58.51,60.72,62.02,23.7,0.27,-0.28,0.33,-0.82,-0.82,0.31,-0.08,-0.09,-0.27,0.27,-0.25,-0.02,1530.55,1261.68,1286.46,3243.49,3235.61,71.44,244.38,206.06,6.07,7.73,2,1,1,9.08,1.35,10.25,10.84,2.22,9.14,2,1,1,717.44,767.75,14.51,1.77,745.8,1.95,0.07,0.04,0.03,1.31,23.18,-90.11,0.25,-0.48,-0.26,0.04,1663.45,25.31,177.03,162.32,7.03,1.23,143.19,2.17,2.8,0.86,0.66,81
R100,1.5,1.42,1.39,1.49,1.38,1.39,1.42,1.5,1.38,120.4,116.47,123.92,120.2,119.52,118.8,119.49,116.76,120.61,130.24,7.18,176.84,176.8,0.16,174.86,6.43,50.39,2.81,2.81,2.4,2.4,51.33,49.49,39.46,184.34,179.71,39.23,61.67,61.64,49.45,51.56,-0.06,-0.07,0.33,-0.83,-0.83,0.32,-0.07,-0.07,-0.07,-0.07,-0.26,-0.03,1500.68,1271.29,1271.29,1535.57,1535.57,41.23,87.21,87.21,12.32,12.32,8.48,3.09,5.68,5.23,1.35,3.89,4.92,1.35,3.98,8.48,3.09,5.68,786.13,811.89,44.04,1.87,752.98,4.51,0.06,0.04,0.03,1.28,16.16,-111.2,0.33,-0.49,-0.25,-0.01,1755.16,325.59,269.69,252.96,12.81,1.39,225.29,1.81,1.87,0.17,0.16,81
R326,1.09,1.41,1.38,1.49,1.38,1.38,1.41,1.08,1.38,118.49,118.13,122.59,118.57,119.32,120.78,119.27,117.08,118.37,122.08,0.06,178.78,178.3,1.39,176.71,0.51,52.7,2.59,2.57,2.39,2.38,23.29,62.28,35.8,162.16,151.78,36.19,60.96,58.97,60.24,23.76,0.27,-0.28,0.32,-0.83,-0.83,0.32,-0.09,-0.08,-0.28,0.27,-0.25,-0.02,1522.69,1279.47,1252.94,3229.41,3243.51,100.07,233.63,101.09,5.97,2.72,2,1,1,5.03,1.35,7.53,10.26,1.92,4.58,2,1,1,427.27,443.34,15.41,1.52,435.46,2.02,0.23,0.11,0.08,1.29,3.18,59.34,0.41,-0.67,-0.29,-0.06,1748.57,472.26,299.3,274.79,14.74,1.46,300.62,16.66,0.33,0.22,0.19,81
R228,1.49,1.43,1.38,1.49,1.38,1.36,1.44,1.49,1.38,120.02,118.38,121.94,120.1,120.23,123.64,119.54,114.79,122.14,121.49,6.16,178.26,175.58,5.46,173.14,9.92,79.75,2.83,2.81,2.41,2.36,43.03,42.76,29.13,235.07,222.47,35.5,62.22,57.72,48.74,44,-0.06,-0.08,0.37,-0.81,-0.81,0.37,-0.1,-0.08,-0.07,-0.06,-0.25,-0.01,1113.68,1285,1285,1337.08,1337.08,3.74,98.12,98.12,17.66,17.66,6.36,1.5,3.15,7.48,1.52,6.53,7.48,1.52,6.53,6.36,1.5,3.15,762.46,845.38,6.56,1.76,806.88,1.18,0.06,0.04,0.04,1.34,56.54,56.17,-0.2,0.06,-0.28,-0.03,1752.53,83.57,263.73,242.62,44.43,1.4,253.69,1.33,0.62,0.28,0.23,81.5
R63,1.09,1.41,1.38,1.49,1.38,1.38,1.41,1.08,1.38,118.49,118.13,122.59,118.57,119.32,120.78,119.27,117.08,118.37,122.08,0.06,178.78,178.3,1.39,176.71,0.51,52.7,2.59,2.57,2.39,2.38,23.29,62.28,35.8,162.16,151.78,36.19,60.96,58.97,60.24,23.76,0.27,-0.28,0.32,-0.83,-0.83,0.32,-0.09,-0.08,-0.28,0.27,-0.25,-0.02,1522.69,1279.47,1252.94,3229.41,3243.51,100.07,233.63,101.09,5.97,2.72,2,1,1,5.03,1.35,7.53,10.26,1.92,4.58,2,1,1,427.27,443.34,15.41,1.52,435.46,2.02,0.23,0.11,0.08,1.29,-2.19,62.61,0.43,-0.69,-0.26,-0.01,1737.35,474.47,267.17,247.67,13.44,1.4,231.73,15.55,0.63,0.32,0.24,82
R114,1.49,1.42,1.39,1.49,1.38,1.39,1.42,1.48,1.38,121.93,117.47,123.09,119.72,119.58,118.61,119.25,117.59,121.38,126.3,1.05,173.83,171.62,0.2,178.73,0.54,53.75,2.85,2.84,2.41,2.4,43.04,49.8,42.68,184.33,185.61,42.3,59.67,60.7,51.16,43.08,-0.04,-0.08,0.33,-0.83,-0.83,0.33,-0.06,-0.07,-0.08,-0.04,-0.27,-0.04,1567.85,1227.36,1238.23,1505.24,1505.24,30.37,20.67,68.24,27.67,27.67,6.96,2.28,4.9,5.23,1.35,3.89,4.92,1.35,3.98,6.96,2.28,4.9,614.42,616.41,49.73,1.75,772.48,8.36,0.06,0.03,0.03,1.28,10.67,-139.07,0.32,-0.45,-0.26,-0.01,1770.47,208.68,301.41,284.21,13.98,1.44,293.29,3.36,0.69,0.14,0.13,82
R274,1.09,1.41,1.38,1.49,1.38,1.37,1.42,1.09,1.38,118.45,117.87,122.52,118.43,118.8,120.28,119.59,117.87,118.2,122.25,0.19,178.59,178.41,0.2,178.33,0.56,52.47,2.59,2.58,2.39,2.38,23.33,62.19,35.26,147.21,170.01,34.27,59.11,58.82,60.54,23.26,0.27,-0.28,0.32,-0.83,-0.83,0.32,-0.08,-0.08,-0.28,0.27,-0.25,-0.02,1525.15,1254.64,1254.64,3244.72,3233.94,100.47,141.97,141.97,3.54,3.85,2,1,1,7.84,1.45,3.87,4.55,1.35,6.76,2,1,1,377.23,386.01,15.78,1.47,385.4,2.93,0.25,0.15,0.11,1.34,88.87,43.1,-0.5,0.15,-0.27,0.01,1734.2,49.45,203.32,182.53,21.95,1.31,161.2,5.15,2.29,0.5,0.43,82
R320,1.49,1.42,1.39,1.49,1.38,1.39,1.42,1.49,1.38,120.86,117.06,123.82,119.44,119.04,119.12,119.1,116.92,120.41,129.28,0.97,179.06,178.76,1.36,177.86,0.81,52.73,2.82,2.8,2.4,2.39,51.23,50.49,40.22,186.32,180.2,38.97,60.97,60.86,50.91,51.29,-0.01,-0.09,0.33,-0.83,-0.83,0.33,-0.07,-0.07,-0.09,-0.01,-0.24,-0.04,1502.9,1270.53,1270.53,1514.33,1514.33,59.76,167.86,167.86,8.78,8.78,6.4,1.53,5.61,5.23,1.35,3.89,4.92,1.35,3.98,6.4,1.53,5.61,651.07,693.02,49.99,1.72,700.73,4.36,0.07,0.04,0.04,1.34,32.42,68.05,-0.05,-0.43,-0.25,0.01,1723.1,49.74,262.83,248.27,24.63,1.38,226.28,3.84,1.1,0.25,0.23,82
R84,1.09,1.41,1.38,1.49,1.38,1.37,1.42,1.09,1.38,118.45,117.87,122.52,118.43,118.8,120.28,119.59,117.87,118.2,122.25,0.19,178.59,178.41,0.2,178.33,0.56,52.47,2.59,2.58,2.39,2.38,23.33,62.19,35.26,147.21,170.01,34.27,59.11,58.82,60.54,23.26,0.27,-0.28,0.32,-0.83,-0.83,0.32,-0.08,-0.08,-0.28,0.27,-0.25,-0.02,1525.15,1254.64,1254.64,3244.72,3233.94,100.47,141.97,141.97,3.54,3.85,2,1,1,7.84,1.45,3.87,4.55,1.35,6.76,2,1,1,377.23,386.01,15.78,1.47,385.4,2.93,0.25,0.15,0.11,1.34,87.83,44.15,-0.49,0.14,-0.27,0,1734.31,52.87,218.94,196.14,21.97,1.34,195.65,3.63,2.11,0.28,0.25,83
R115,1.09,1.43,1.85,1.5,1.39,1.86,1.42,1.09,1.39,119.37,116.92,118.89,121.57,120,117.79,123.01,122.67,119.54,119.51,8.88,176.85,173.4,2.68,179.27,2.68,79.94,2.89,3.03,2.8,2.89,22.91,32.27,21.11,279.74,297.99,19.05,17.47,20.3,34.65,23.92,0.27,-0.25,-0.33,0.9,0.91,-0.33,-0.02,-0.04,-0.25,0.27,-0.25,-0.02,1228.08,1197.56,1173.07,3219.05,3224.22,0.88,1.52,1.48,13.64,3.74,2,1,1,7.12,2.38,5.84,7.12,2.38,5.84,2,1,1,597.92,662.43,0,1.63,622.69,3.09,0.09,0.06,0.06,1.35,32.19,55.66,0.07,-0.17,-0.3,0.01,1751.66,120.16,202.85,176.85,51.75,1.33,172.18,7.59,1.95,0.48,0.43,83
R119,1.5,1.43,1.38,1.49,1.38,1.38,1.42,1.5,1.38,119.09,116.93,122.83,118.97,118.78,119.02,120.22,117.85,119.27,123.11,0.1,177.94,176.04,0.56,179.81,1.61,53.05,2.78,2.8,2.39,2.4,174.92,50.47,34.07,145.81,170.46,35.66,58.5,60.65,50.47,173.89,-0.71,-0.06,0.34,-0.83,-0.83,0.33,-0.07,-0.08,-0.06,-0.72,-0.25,-0.01,1514.86,1268.57,1281.21,1142.19,1133.9,69.11,55.67,224.42,73.62,49.91,2.99,1.5,2.04,9.68,1.35,11.12,10.56,1.66,8.01,2.99,1.5,2.04,661.57,689.16,14.09,1.75,661.72,4.6,0.1,0.04,0.04,1.28,15.23,-111.17,0.33,-0.49,-0.25,0.03,1750.95,410.46,316.73,304.23,12.76,1.45,275.35,5.02,1.45,0.1,0.1,83
R162,1.09,1.41,1.38,1.49,1.38,1.37,1.42,1.09,1.38,118.45,117.87,122.52,118.43,118.8,120.28,119.59,117.87,118.2,122.25,0.19,178.59,178.41,0.2,178.33,0.56,52.47,2.59,2.58,2.39,2.38,23.33,62.19,35.26,147.21,170.01,34.27,59.11,58.82,60.54,23.26,0.27,-0.28,0.32,-0.83,-0.83,0.32,-0.08,-0.08,-0.28,0.27,-0.25,-0.02,1525.15,1254.64,1254.64,3244.72,3233.94,100.47,141.97,141.97,3.54,3.85,2,1,1,7.84,1.45,3.87,4.55,1.35,6.76,2,1,1,377.23,386.01,15.78,1.47,385.4,2.93,0.25,0.15,0.11,1.33,51.89,50.27,-0.36,-0.16,-0.32,0,1752.73,50.1,191.24,161.83,39.33,1.33,158.15,3.83,2.56,0.51,0.44,83
R192,1.52,1.44,1.87,1.5,1.39,1.87,1.44,1.51,1.39,121.74,113.21,118.8,121.83,122.2,113.13,127.56,128.15,120.73,118.72,7.62,179.28,178.81,5.05,170.65,8.76,82.66,3.01,3.38,2.77,2.98,123,45.89,46.43,372.31,380.39,41.17,42.52,41.38,44.4,127.73,-0.12,-0.05,-0.32,0.88,0.89,-0.31,-0.02,-0.04,-0.05,-0.14,-0.25,-0.02,1132.49,1187.56,1178.26,1162.71,1187.56,5.12,1.27,5.2,7.93,1.27,8.04,1.53,5.24,7.12,2.38,5.84,7.12,2.38,5.84,8.04,1.53,5.24,793.7,878.9,10.65,1.79,834.94,2.63,0.06,0.03,0.03,1.33,80.81,50.47,-0.44,0.03,-0.3,0.01,1741.77,389.88,173.2,146,44.92,1.29,143.14,8.49,2.06,1,0.92,83
R241,1.09,1.42,1.38,1.49,1.38,1.37,1.42,1.09,1.38,119.05,119.41,121.74,119.49,119.59,123.41,118.85,115,118.03,121.46,1.45,178.37,176.33,3.52,179.51,3.58,64.76,2.63,2.53,2.41,2.35,23.53,62.17,29.12,218.22,229.31,34.18,62.31,61.17,57.77,23.57,0.27,-0.29,0.35,-0.81,-0.82,0.35,-0.09,-0.09,-0.28,0.27,-0.25,-0.02,1103.67,1301.12,1286.35,3224.15,3228.59,82.98,59.08,86.87,8.83,5.89,2,1,1,8.55,1.35,7.91,8.55,1.35,7.91,2,1,1,797.79,828.89,7.56,1.87,766.9,1.63,0.06,0.04,0.04,1.34,45.2,58.82,-0.16,0.03,-0.28,-0.03,1738.46,515.44,250.21,229.24,45.26,1.38,219.24,2.52,0.93,0.33,0.27,83
R93,1.49,1.42,1.39,1.49,1.38,1.39,1.42,1.5,1.38,120.43,116.32,123.86,120.18,119.36,118.87,119.71,116.69,120.16,131.9,7.36,176.48,177.12,1,172.77,8.12,49.8,2.8,2.8,2.39,2.39,51.47,48.52,38.95,184.03,178.96,39.02,61.19,61.49,49.67,51.34,-0.06,-0.07,0.33,-0.83,-0.83,0.33,-0.07,-0.07,-0.07,-0.07,-0.26,-0.03,1503.56,1267.49,1273.27,1536.7,1536.7,34.32,16.35,56.47,12.59,12.59,8.48,3.09,5.68,5.23,1.35,3.89,4.92,1.35,3.98,8.48,3.09,5.68,783.2,811.15,42.5,1.86,752.98,4.13,0.06,0.04,0.03,1.28,18.12,-116.77,0.32,-0.47,-0.24,-0.02,1763.71,242.18,316.34,304.07,12.82,1.45,275.35,1.46,1.07,0.11,0.1,84
R183,1.09,1.43,1.85,1.5,1.39,1.86,1.42,1.09,1.39,119.31,117.17,118.86,121.45,120.04,117.7,122.8,122.76,119.44,119.51,8.94,176.89,174.09,3.21,179.06,3.02,80.1,2.9,3.03,2.81,2.89,23.02,54.02,41.63,365.63,383.84,39.55,37.46,42.18,55.15,23.97,0.27,-0.25,-0.33,0.9,0.91,-0.33,-0.02,-0.04,-0.25,0.26,-0.25,-0.02,1228.24,1197.77,1173.17,3218.98,3224.16,0.86,1.58,1.38,2.12,7.92,2,1,1,7.12,2.38,5.84,7.12,2.38,5.84,2,1,1,597.86,662.41,0,1.63,622.69,3.05,0.09,0.06,0.06,1.34,37.13,61.76,-0.13,-0.01,-0.29,-0.04,1734.58,440.3,229.81,209.45,56.97,1.35,205.21,4.71,0.93,0.41,0.31,84
R235,1.5,1.43,1.38,1.49,1.38,1.38,1.42,1.5,1.38,119.09,116.93,122.83,118.97,118.78,119.02,120.22,117.85,119.27,123.11,0.1,177.94,176.04,0.56,179.81,1.61,53.05,2.78,2.8,2.39,2.4,174.92,50.47,34.07,145.81,170.46,35.66,58.5,60.65,50.47,173.89,-0.71,-0.06,0.34,-0.83,-0.83,0.33,-0.07,-0.08,-0.06,-0.72,-0.25,-0.01,1514.86,1268.57,1281.21,1142.19,1133.9,69.11,55.67,224.42,73.62,49.91,2.99,1.5,2.04,9.68,1.35,11.12,10.56,1.66,8.01,2.99,1.5,2.04,661.57,689.16,14.09,1.75,661.72,4.6,0.1,0.04,0.04,1.28,-0.53,-109.43,0.36,-0.5,-0.29,-0.06,1780.75,337.76,254.57,233.32,5.97,1.39,189.3,3.14,1.24,0.45,0.37,84
R314,1.09,1.42,1.37,1.49,1.38,1.37,1.42,1.09,1.38,119.23,120.33,121.33,119.27,119.84,119.6,118.23,118.73,118.35,121.66,4.16,179.73,178.62,2.86,179.7,1.24,99.41,2.65,2.6,2.42,2.4,23.27,62.51,30.72,219.03,223.25,27.83,56.86,58.49,52.81,23.5,0.27,-0.3,0.34,-0.81,-0.81,0.34,-0.07,-0.08,-0.08,0.27,-0.25,-0.01,1100.12,1305.45,1283.34,3214.82,3201.38,54.41,90.96,120.03,6.64,3.51,2,1,1,5.64,1.35,5.5,5.64,1.35,5.5,2,1,1,534.62,545.48,10.81,1.66,514.59,2.39,0.12,0.1,0.09,1.33,85.87,48.18,-0.47,0.04,-0.29,0.02,1747.17,183.33,172.14,146,44.24,1.28,143.14,7.35,2.03,1.01,0.92,84
R335,1.49,1.42,1.39,1.49,1.38,1.39,1.42,1.48,1.38,121.93,117.47,123.09,119.72,119.58,118.61,119.25,117.59,121.38,126.3,1.05,173.83,171.62,0.2,178.73,0.54,53.75,2.85,2.84,2.41,2.4,43.04,49.8,42.68,184.33,185.61,42.3,59.67,60.7,51.16,43.08,-0.04,-0.08,0.33,-0.83,-0.83,0.33,-0.06,-0.07,-0.08,-0.04,-0.27,-0.04,1567.85,1227.36,1238.23,1505.24,1505.24,30.37,20.67,68.24,27.67,27.67,6.96,2.28,4.9,5.23,1.35,3.89,4.92,1.35,3.98,6.96,2.28,4.9,614.42,616.41,49.73,1.75,772.48,8.36,0.06,0.03,0.03,1.28,19.46,-122.65,0.32,-0.47,-0.25,-0.01,1758.48,223.43,273.88,257.21,12.75,1.4,243.28,1.62,1.39,0.16,0.15,84
R239,1.09,1.42,1.37,1.49,1.38,1.37,1.42,1.09,1.38,119.06,119.76,121.44,119.22,119.84,119.37,118.74,119.08,118.42,121.53,2.58,179.84,178.95,3.22,179.76,0.96,87.74,2.64,2.61,2.41,2.4,23.19,62.6,30.58,221.22,221.1,27.7,57.18,57.36,53,23.39,0.26,-0.29,0.34,-0.81,-0.81,0.34,-0.08,-0.08,-0.08,0.27,-0.25,-0.01,1103.73,1304.84,1295.51,3215.59,3216.41,59.55,55.33,53.62,8.34,5.55,2,1,1,5.64,1.35,5.5,5.64,1.35,5.5,2,1,1,536.48,545.92,10.14,1.66,514.59,2.16,0.11,0.1,0.09,1.33,53.99,46.9,-0.36,-0.15,-0.33,0,1757.09,27.8,191.58,161.77,39.53,1.33,158.15,1.65,2.06,0.65,0.56,84.6
R85,1.5,1.43,1.38,1.49,1.38,1.38,1.42,1.5,1.38,119.09,116.93,122.83,118.97,118.78,119.02,120.22,117.85,119.27,123.11,0.1,177.94,176.04,0.56,179.81,1.61,53.05,2.78,2.8,2.39,2.4,174.92,50.47,34.07,145.81,170.46,35.66,58.5,60.65,50.47,173.89,-0.71,-0.06,0.34,-0.83,-0.83,0.33,-0.07,-0.08,-0.06,-0.72,-0.25,-0.01,1514.86,1268.57,1281.21,1142.19,1133.9,69.11,55.67,224.42,73.62,49.91,2.99,1.5,2.04,9.68,1.35,11.12,10.56,1.66,8.01,2.99,1.5,2.04,661.57,689.16,14.09,1.75,661.72,4.6,0.1,0.04,0.04,1.28,21.12,-100.79,0.31,-0.49,-0.25,-0.01,1745.65,485.89,230.93,213.81,6.31,1.34,201.29,3.43,1.91,0.29,0.27,85
R98,1.09,1.41,1.38,1.49,1.38,1.37,1.41,1.09,1.38,118.48,117.78,122.54,118.5,118.65,120.16,119.65,117.78,118.28,122.33,0.3,178.6,178.54,0.5,178.49,0.64,52.7,2.59,2.58,2.39,2.38,23.31,61.96,35.28,144.98,171.09,34.37,59.61,58.63,61.01,23.33,0.27,-0.28,0.32,-0.83,-0.83,0.32,-0.08,-0.09,-0.28,0.27,-0.25,-0.02,1525.7,1384.93,1384.93,3229.56,3224.53,97.82,171.4,171.4,4.78,5.87,2,1,1,7.17,1.96,3.87,5.39,1.35,6.38,2,1,1,392.51,397.44,15.44,1.5,387.42,2.49,0.24,0.15,0.11,1.34,60.87,46.82,-0.23,0.14,-0.26,0.01,1755.29,52.32,242.74,219.07,23.25,1.38,189.26,4.78,0.86,0.51,0.36,85
R109,1.09,1.41,1.38,1.49,1.38,1.37,1.42,1.09,1.38,118.45,117.87,122.52,118.43,118.8,120.28,119.59,117.87,118.2,122.25,0.19,178.59,178.41,0.2,178.33,0.56,52.47,2.59,2.58,2.39,2.38,23.33,62.19,35.26,147.21,170.01,34.27,59.11,58.82,60.54,23.26,0.27,-0.28,0.32,-0.83,-0.83,0.32,-0.08,-0.08,-0.28,0.27,-0.25,-0.02,1525.15,1254.64,1254.64,3244.72,3233.94,100.47,141.97,141.97,3.54,3.85,2,1,1,7.84,1.45,3.87,4.55,1.35,6.76,2,1,1,377.23,386.01,15.78,1.47,385.4,2.93,0.25,0.15,0.11,1.34,80.04,53.6,-0.44,0.03,-0.29,0,1743.25,89.92,175.49,146.86,41.4,1.3,143.14,3.51,3.38,0.69,0.58,85
R112,1.09,1.41,1.38,1.49,1.38,1.37,1.41,1.09,1.38,118.47,117.77,122.55,118.5,118.63,120.18,119.65,117.77,118.3,122.3,0.64,178.79,178.7,0.71,178.28,0.65,52.59,2.59,2.58,2.39,2.39,23.35,62.15,35.66,140.62,171.02,34.78,59.36,58.71,60.88,23.38,0.27,-0.28,0.32,-0.83,-0.83,0.32,-0.08,-0.09,-0.28,0.27,-0.25,-0.02,1523.48,1386.47,1386.47,3224.64,3230.77,95.25,157.78,157.78,5.26,8.49,2,1,1,6.57,1.35,3.87,4.58,1.35,5.49,2,1,1,354.56,360.63,15.63,1.45,359.37,2.33,0.26,0.2,0.13,1.34,88.87,43.1,-0.5,0.15,-0.27,0.01,1734.2,49.45,203.32,182.53,21.95,1.31,161.2,5.15,2.29,0.5,0.43,85
R186,1.49,1.42,1.39,1.49,1.38,1.39,1.42,1.5,1.38,120.43,116.32,123.86,120.18,119.36,118.87,119.71,116.69,120.16,131.9,7.36,176.48,177.12,1,172.77,8.12,49.8,2.8,2.8,2.39,2.39,51.47,48.52,38.95,184.03,178.96,39.02,61.19,61.49,49.67,51.34,-0.06,-0.07,0.33,-0.83,-0.83,0.33,-0.07,-0.07,-0.07,-0.07,-0.26,-0.03,1503.56,1267.49,1273.27,1536.7,1536.7,34.32,16.35,56.47,12.59,12.59,8.48,3.09,5.68,5.23,1.35,3.89,4.92,1.35,3.98,8.48,3.09,5.68,783.2,811.15,42.5,1.86,752.98,4.13,0.06,0.04,0.03,1.28,17.96,-123.02,0.32,-0.47,-0.26,-0.01,1760.6,272.21,275.84,257.69,13.37,1.41,243.28,2.65,1.36,0.16,0.15,85
R242,1.09,1.42,1.38,1.49,1.38,1.37,1.42,1.09,1.38,119.01,119.26,121.85,119.47,119.6,123.45,118.89,114.95,117.97,121.47,1.23,178.64,176.29,3.21,179.35,3.37,64.31,2.63,2.52,2.41,2.35,23.67,62.15,29.23,225.63,228.59,33.85,62.28,60.84,57.72,23.62,0.27,-0.29,0.35,-0.81,-0.81,0.35,-0.09,-0.09,-0.28,0.27,-0.25,-0.02,1103.2,1300.19,1286.21,3225.86,3228.1,82.61,66.7,90.93,6.18,6.35,2,1,1,8.55,1.35,7.91,8.55,1.35,7.91,2,1,1,797.28,828.83,7.16,1.87,766.9,1.66,0.06,0.04,0.04,1.34,46.19,58.63,-0.17,0.04,-0.28,-0.03,1740.7,361.39,250.18,229.27,45.18,1.38,219.24,2.42,0.93,0.33,0.27,85
R327,1.09,1.43,1.85,1.5,1.39,1.86,1.42,1.09,1.39,119.37,116.92,118.89,121.57,120,117.79,123.01,122.67,119.54,119.51,8.88,176.85,173.4,2.68,179.27,2.68,79.94,2.89,3.03,2.8,2.89,22.91,32.27,21.11,279.74,297.99,19.05,17.47,20.3,34.65,23.92,0.27,-0.25,-0.33,0.9,0.91,-0.33,-0.02,-0.04,-0.25,0.27,-0.25,-0.02,1228.08,1197.56,1173.07,3219.05,3224.22,0.88,1.52,1.48,13.64,3.74,2,1,1,7.12,2.38,5.84,7.12,2.38,5.84,2,1,1,597.92,662.43,0,1.63,622.69,3.09,0.09,0.06,0.06,1.34,20.77,65.87,0.06,-0.39,-0.29,-0.01,1730.91,69.3,193.3,176.21,31.16,1.27,162.19,7.71,1.5,0.7,0.55,85
R174,1.4,1.43,1.86,1.5,1.4,1.86,1.42,1.4,1.39,118.72,115.59,116.88,121.5,120.04,115.86,126.92,127.06,120.88,117.03,0.95,172.66,169.26,0.31,171.34,6.12,76.2,2.94,3.27,2.79,2.94,90.73,35.54,46.14,375.83,389.03,45.16,37.47,40.28,32.59,71.7,-0.56,0.29,-0.35,0.9,0.91,-0.36,-0.01,-0.03,0.3,-0.56,-0.25,-0.03,1095.76,1171.49,1164.96,1236.8,1257.87,6.03,320.99,144.9,204.5,131.21,6.23,1.69,4.25,7.12,2.38,5.84,7.12,2.38,5.84,6.23,1.69,4.25,782.75,861.63,33.9,1.79,822.92,4.19,0.06,0.04,0.04,1.34,79.88,39.83,-0.46,0.14,-0.27,0.01,1737.25,225.23,203.32,182.46,23.87,1.31,161.2,4.99,1.7,0.65,0.54,85.6
R23,1.49,1.42,1.39,1.49,1.38,1.39,1.42,1.49,1.38,120.97,117.08,123.7,119.14,119.14,119.12,119.2,117.17,120.62,130.11,0.18,178.96,177.07,0.54,177.47,2.42,53.07,2.82,2.81,2.4,2.4,48.03,47.19,40.9,183.65,177.79,39.67,60.95,61,47.95,46.64,-0.03,-0.08,0.33,-0.82,-0.83,0.33,-0.07,-0.07,-0.08,-0.03,-0.25,-0.03,1506.25,1280.54,1280.54,1516.58,1516.58,23.3,60.06,60.06,10.89,10.89,8.46,1.52,5.63,5.23,1.35,3.89,4.92,1.35,3.98,8.46,1.52,5.63,654.45,693.04,50.89,1.73,700.73,3.36,0.07,0.04,0.03,1.34,55.64,54.71,-0.23,-0.02,-0.23,0.01,1769,37.93,266.96,248.17,17.9,1.4,282.18,3.49,0.83,0.22,0.19,86
R65,1.09,1.41,1.38,1.49,1.38,1.38,1.41,1.09,1.38,118.39,116.94,122.78,119.07,118.74,119.4,120.27,117.89,118.52,122.71,0.23,178.34,178.02,0.99,178.71,0.66,52.96,2.57,2.59,2.38,2.39,23.23,61.76,35.97,143.59,163.85,37.71,58.94,0.02,62.35,23.33,0.28,-0.28,0.32,-0.83,-0.84,0.31,-0.08,-0.08,-0.28,0.28,-0.26,-0.02,1522.32,1246.81,1275.08,3239.11,3232.59,84.6,152.66,175.5,2.77,3.05,2,1,1,7.87,1.48,5.18,4.05,1.35,8.18,2,1,1,381.64,383.35,29.18,1.5,390.38,2.48,0.23,0.14,0.11,1.34,42.65,89.35,0.15,-0.5,-0.27,0.01,1733.89,52.63,203.37,182.54,21.95,1.31,161.2,5.17,2.3,0.5,0.43,86
R253,1.09,1.42,1.38,1.49,1.38,1.37,1.42,1.09,1.38,119.05,119.41,121.74,119.49,119.59,123.41,118.85,115,118.03,121.46,1.45,178.37,176.33,3.52,179.51,3.58,64.76,2.63,2.53,2.41,2.35,23.53,62.17,29.12,218.22,229.31,34.18,62.31,61.17,57.77,23.57,0.27,-0.29,0.35,-0.81,-0.82,0.35,-0.09,-0.09,-0.28,0.27,-0.25,-0.02,1103.67,1301.12,1286.35,3224.15,3228.59,82.98,59.08,86.87,8.83,5.89,2,1,1,8.55,1.35,7.91,8.55,1.35,7.91,2,1,1,797.79,828.89,7.56,1.87,766.9,1.52,0.06,0.04,0.04,1.33,61.66,47.91,-0.38,0,-0.31,-0.01,1738.29,229.01,150.24,125.17,46.99,1.24,129.12,6.32,1.02,0.38,0.29,86
R262,1.49,1.42,1.39,1.49,1.38,1.39,1.42,1.49,1.38,120.97,117.08,123.7,119.14,119.14,119.12,119.2,117.17,120.62,130.11,0.18,178.96,177.07,0.54,177.47,2.42,53.07,2.82,2.81,2.4,2.4,48.03,47.19,40.9,183.65,177.79,39.67,60.95,61,47.95,46.64,-0.03,-0.08,0.33,-0.82,-0.83,0.33,-0.07,-0.07,-0.08,-0.03,-0.25,-0.03,1506.25,1280.54,1280.54,1516.58,1516.58,23.3,60.06,60.06,10.89,10.89,8.46,1.52,5.63,5.23,1.35,3.89,4.92,1.35,3.98,8.46,1.52,5.63,654.45,693.04,50.89,1.73,700.73,3.36,0.07,0.04,0.03,1.34,57.63,54.24,-0.24,-0.02,-0.23,0.02,1765.43,59.05,247.84,229.99,17.72,1.37,203.28,0.77,1.15,0.38,0.31,86
R268,1.49,1.42,1.39,1.49,1.38,1.39,1.42,1.49,1.38,120.97,117.08,123.7,119.14,119.14,119.12,119.2,117.17,120.62,130.11,0.18,178.96,177.07,0.54,177.47,2.42,53.07,2.82,2.81,2.4,2.4,48.03,47.19,40.9,183.65,177.79,39.67,60.95,61,47.95,46.64,-0.03,-0.08,0.33,-0.82,-0.83,0.33,-0.07,-0.07,-0.08,-0.03,-0.25,-0.03,1506.25,1280.54,1280.54,1516.58,1516.58,23.3,60.06,60.06,10.89,10.89,8.46,1.52,5.63,5.23,1.35,3.89,4.92,1.35,3.98,8.46,1.52,5.63,654.45,693.04,50.89,1.73,700.73,3.36,0.07,0.04,0.03,1.34,55.1,54.59,-0.23,-0.02,-0.23,0.01,1769.51,34.69,263.99,244.04,18.11,1.4,237.73,4.01,0.89,0.29,0.24,86
R269,1.09,1.41,1.38,1.49,1.38,1.38,1.41,1.08,1.38,118.49,118.13,122.59,118.57,119.32,120.78,119.27,117.08,118.37,122.08,0.06,178.78,178.3,1.39,176.71,0.51,52.7,2.59,2.57,2.39,2.38,23.29,62.28,35.8,162.16,151.78,36.19,60.96,58.97,60.24,23.76,0.27,-0.28,0.32,-0.83,-0.83,0.32,-0.09,-0.08,-0.28,0.27,-0.25,-0.02,1522.69,1279.47,1252.94,3229.41,3243.51,100.07,233.63,101.09,5.97,2.72,2,1,1,5.03,1.35,7.53,10.26,1.92,4.58,2,1,1,427.27,443.34,15.41,1.52,435.46,2.02,0.23,0.11,0.08,1.29,-2.37,60.86,0.43,-0.69,-0.29,-0.06,1735.01,458.09,285.01,265.43,13.48,1.43,245.75,15.11,0.59,0.27,0.21,86
R40,1.89,1.42,1.4,1.49,1.38,1.39,1.42,1.89,1.38,121.2,116.73,124.34,120.58,120.84,118.65,118.75,116.87,121.27,126.32,6.86,168.12,169.32,2.49,168.27,6.92,55.59,3.05,3.06,2.4,2.4,402.57,54.27,35.86,172.97,171.78,33.37,62.05,62.3,55.72,403.95,1.89,-0.55,0.33,-0.83,-0.83,0.34,-0.08,-0.07,-0.56,1.89,-0.26,-0.03,1498.47,1270.91,1270.91,787.04,787.04,69.25,133.09,133.09,40.55,40.55,6.38,4.21,6.49,5.23,1.35,3.89,4.92,1.35,3.98,6.38,4.21,6.49,825.71,886.31,42.13,1.85,865.09,4.44,0.06,0.03,0.03,1.28,3.96,-92.17,0.29,-0.66,-0.27,-0.01,1740.08,240.69,227.48,213.26,37.75,1.32,197.24,2.97,1.26,0.38,0.34,87
R61,1.09,1.43,1.85,1.5,1.39,1.86,1.42,1.09,1.39,119.31,117.17,118.86,121.45,120.04,117.7,122.8,122.76,119.44,119.51,8.94,176.89,174.09,3.21,179.06,3.02,80.1,2.9,3.03,2.81,2.89,23.02,54.02,41.63,365.63,383.84,39.55,37.46,42.18,55.15,23.97,0.27,-0.25,-0.33,0.9,0.91,-0.33,-0.02,-0.04,-0.25,0.26,-0.25,-0.02,1228.24,1197.77,1173.17,3218.98,3224.16,0.86,1.58,1.38,2.12,7.92,2,1,1,7.12,2.38,5.84,7.12,2.38,5.84,2,1,1,597.86,662.41,0,1.63,622.69,3.05,0.09,0.06,0.06,1.34,42.51,54.41,-0.19,0.03,-0.28,-0.03,1728.79,80.28,288.08,273.95,57.05,1.41,267.28,8.57,0.47,0.27,0.21,87
R108,1.09,1.41,1.38,1.49,1.38,1.37,1.41,1.09,1.38,118.48,117.78,122.54,118.5,118.65,120.16,119.65,117.78,118.28,122.33,0.3,178.6,178.54,0.5,178.49,0.64,52.7,2.59,2.58,2.39,2.38,23.31,61.96,35.28,144.98,171.09,34.37,59.61,58.63,61.01,23.33,0.27,-0.28,0.32,-0.83,-0.83,0.32,-0.08,-0.09,-0.28,0.27,-0.25,-0.02,1525.7,1384.93,1384.93,3229.56,3224.53,97.82,171.4,171.4,4.78,5.87,2,1,1,7.17,1.96,3.87,5.39,1.35,6.38,2,1,1,392.51,397.44,15.44,1.5,387.42,2.49,0.24,0.15,0.11,1.34,90.82,43.29,-0.51,0.15,-0.25,0.02,1731.24,74.34,232.88,209.46,28.92,1.37,191.23,5.49,2.12,0.28,0.26,87
R181,1.09,1.42,1.37,1.49,1.38,1.37,1.42,1.09,1.38,118.93,119.19,121.76,119.51,119.57,123.31,119.05,115.09,117.82,121.48,0.97,178.68,176.76,3.5,179.36,3.27,63.5,2.62,2.52,2.41,2.35,23.73,61.85,28.97,224.72,226.77,33.32,61.41,60.73,57.29,23.66,0.24,-0.29,0.35,-0.8,-0.81,0.35,-0.09,-0.09,-0.27,0.24,-0.25,-0.01,1103.16,1300.67,1288.14,3225.71,3228.97,74.99,78.82,68.79,15.92,6.38,2,1,1,8.55,1.35,7.91,8.55,1.35,7.91,2,1,1,795.61,828.5,6.88,1.87,766.9,1.44,0.06,0.04,0.04,1.34,50,58.01,-0.18,0.04,-0.27,-0.03,1745.58,157.86,249.91,229.35,44.75,1.38,219.24,2.03,0.92,0.33,0.27,87
R195,1.49,1.42,1.39,1.49,1.38,1.39,1.42,1.49,1.38,120.86,117.03,123.74,119.32,118.94,119.22,119.2,116.97,120.52,129.27,0.78,178.87,178.65,0.79,178.11,0.53,52.45,2.82,2.81,2.39,2.39,51.53,49.44,39.7,184.4,178.22,38.49,60.68,60.86,50.33,51.01,-0.01,-0.08,0.33,-0.82,-0.83,0.33,-0.07,-0.07,-0.09,-0.01,-0.23,-0.04,1505.32,1276.54,1276.54,1516.81,1516.81,47.38,119.67,119.67,6.97,6.97,6.4,1.53,5.61,5.23,1.35,3.89,4.92,1.35,3.98,6.4,1.53,5.61,650.7,692.74,49.81,1.72,700.73,3.71,0.07,0.04,0.04,1.34,39.71,79.16,0.14,-0.45,-0.28,-0.02,1740.73,100.69,235.73,213.6,25.51,1.36,229.2,3.31,1.15,0.25,0.23,87
R243,1.09,1.41,1.38,1.49,1.38,1.38,1.41,1.08,1.38,118.49,118.13,122.59,118.57,119.32,120.78,119.27,117.08,118.37,122.08,0.06,178.78,178.3,1.39,176.71,0.51,52.7,2.59,2.57,2.39,2.38,23.29,62.28,35.8,162.16,151.78,36.19,60.96,58.97,60.24,23.76,0.27,-0.28,0.32,-0.83,-0.83,0.32,-0.09,-0.08,-0.28,0.27,-0.25,-0.02,1522.69,1279.47,1252.94,3229.41,3243.51,100.07,233.63,101.09,5.97,2.72,2,1,1,5.03,1.35,7.53,10.26,1.92,4.58,2,1,1,427.27,443.34,15.41,1.52,435.46,2.02,0.23,0.11,0.08,1.29,0.1,54.9,0.43,-0.68,-0.29,-0.06,1748.75,515.14,264.41,243.43,14.12,1.4,252.14,16.87,0.51,0.3,0.21,87
R297,1.09,1.41,1.37,1.49,1.38,1.38,1.41,1.09,1.38,118.29,117.64,122.25,118.76,118.48,119.61,120.11,117.91,118.46,122.45,0.25,178.41,178.36,0.04,178.64,0.49,52.67,2.58,2.59,2.39,2.39,23.3,61.12,34.48,141.59,169.68,35.55,58.62,59.44,62.03,23.31,0.27,-0.28,0.32,-0.83,-0.83,0.32,-0.08,-0.09,-0.28,0.27,-0.25,-0.02,1521.61,1252,1280.81,3225.36,3233.88,104.79,45.37,141.12,5.43,10.07,2,1,1,7.75,2.01,3.87,4.65,1.35,7.56,2,1,1,392.82,402.68,15.6,1.49,399.43,2.59,0.24,0.13,0.1,1.28,15.26,-112.57,0.33,-0.48,-0.27,-0.01,1756.86,378.83,240.71,226.13,5.88,1.34,195.26,2.59,2,0.27,0.25,87
R340,1.09,1.43,1.85,1.5,1.39,1.86,1.42,1.09,1.39,119.37,116.92,118.89,121.57,120,117.79,123.01,122.67,119.54,119.51,8.88,176.85,173.4,2.68,179.27,2.68,79.94,2.89,3.03,2.8,2.89,22.91,32.27,21.11,279.74,297.99,19.05,17.47,20.3,34.65,23.92,0.27,-0.25,-0.33,0.9,0.91,-0.33,-0.02,-0.04,-0.25,0.27,-0.25,-0.02,1228.08,1197.56,1173.07,3219.05,3224.22,0.88,1.52,1.48,13.64,3.74,2,1,1,7.12,2.38,5.84,7.12,2.38,5.84,2,1,1,597.92,662.43,0,1.63,622.69,3.09,0.09,0.06,0.06,1.36,88.59,26.76,-0.45,0.27,-0.29,-0.01,1708.91,128.94,249.52,219.15,39.99,1.42,199.25,9.51,0.8,0.48,0.32,87
R226,1.49,1.43,1.38,1.49,1.38,1.36,1.44,1.49,1.38,120.02,118.38,121.94,120.1,120.23,123.64,119.54,114.79,122.14,121.49,6.16,178.26,175.58,5.46,173.14,9.92,79.75,2.83,2.81,2.41,2.36,43.03,42.76,29.13,235.07,222.47,35.5,62.22,57.72,48.74,44,-0.06,-0.08,0.37,-0.81,-0.81,0.37,-0.1,-0.08,-0.07,-0.06,-0.25,-0.01,1113.68,1285,1285,1337.08,1337.08,3.74,98.12,98.12,17.66,17.66,6.36,1.5,3.15,7.48,1.52,6.53,7.48,1.52,6.53,6.36,1.5,3.15,762.46,845.38,6.56,1.76,806.88,1.18,0.06,0.04,0.04,1.35,47.14,61.96,-0.16,0.02,-0.26,-0.03,1740.44,137.55,279.99,256.57,51.76,1.43,249.27,4.08,0.86,0.2,0.17,87.2
R99,1.09,1.43,1.85,1.5,1.39,1.86,1.42,1.09,1.39,119.37,116.92,118.89,121.57,120,117.79,123.01,122.67,119.54,119.51,8.88,176.85,173.4,2.68,179.27,2.68,79.94,2.89,3.03,2.8,2.89,22.91,32.27,21.11,279.74,297.99,19.05,17.47,20.3,34.65,23.92,0.27,-0.25,-0.33,0.9,0.91,-0.33,-0.02,-0.04,-0.25,0.27,-0.25,-0.02,1228.08,1197.56,1173.07,3219.05,3224.22,0.88,1.52,1.48,13.64,3.74,2,1,1,7.12,2.38,5.84,7.12,2.38,5.84,2,1,1,597.92,662.43,0,1.63,622.69,3.09,0.09,0.06,0.06,1.35,10,69.71,0.11,-0.42,-0.32,0,1728.57,400.13,208.65,177.93,53.27,1.36,172.18,5.57,2.7,0.3,0.29,88
R133,1.09,1.41,1.38,1.49,1.38,1.37,1.42,1.09,1.38,118.39,117.82,122.55,118.62,119.08,120.68,119.62,117.82,118.14,122.13,0.06,178.8,178.33,0.62,177.55,0.22,52.28,2.59,2.57,2.39,2.38,23.34,62.07,35.57,146.05,167.21,33.81,60.05,58.99,60.5,23.25,0.27,-0.28,0.32,-0.83,-0.83,0.33,-0.08,-0.09,-0.28,0.27,-0.25,-0.02,1521.67,1252.37,1252.37,3235.76,3237.19,99.89,154.52,154.52,4.27,4.58,2,1,1,8.84,1.47,3.89,4.93,1.35,7.63,2,1,1,408.26,420.03,15.68,1.51,413.46,2.65,0.24,0.11,0.09,1.34,60.87,46.82,-0.23,0.14,-0.26,0.01,1755.29,52.32,242.74,219.07,23.25,1.38,189.26,4.78,0.86,0.51,0.36,88
R191,1.49,1.42,1.39,1.49,1.38,1.39,1.42,1.5,1.38,120.43,116.32,123.86,120.18,119.36,118.87,119.71,116.69,120.16,131.9,7.36,176.48,177.12,1,172.77,8.12,49.8,2.8,2.8,2.39,2.39,51.47,48.52,38.95,184.03,178.96,39.02,61.19,61.49,49.67,51.34,-0.06,-0.07,0.33,-0.83,-0.83,0.33,-0.07,-0.07,-0.07,-0.07,-0.26,-0.03,1503.56,1267.49,1273.27,1536.7,1536.7,34.32,16.35,56.47,12.59,12.59,8.48,3.09,5.68,5.23,1.35,3.89,4.92,1.35,3.98,8.48,3.09,5.68,783.2,811.15,42.5,1.86,752.98,4.13,0.06,0.04,0.03,1.28,18.72,-114.96,0.32,-0.47,-0.24,-0.01,1758.98,278.26,289.49,271.07,12.78,1.43,239.32,1.56,1.78,0.14,0.13,88
R261,1.49,1.42,1.39,1.49,1.38,1.39,1.42,1.5,1.38,120.43,116.32,123.86,120.18,119.36,118.87,119.71,116.69,120.16,131.9,7.36,176.48,177.12,1,172.77,8.12,49.8,2.8,2.8,2.39,2.39,51.47,48.52,38.95,184.03,178.96,39.02,61.19,61.49,49.67,51.34,-0.06,-0.07,0.33,-0.83,-0.83,0.33,-0.07,-0.07,-0.07,-0.07,-0.26,-0.03,1503.56,1267.49,1273.27,1536.7,1536.7,34.32,16.35,56.47,12.59,12.59,8.48,3.09,5.68,5.23,1.35,3.89,4.92,1.35,3.98,8.48,3.09,5.68,783.2,811.15,42.5,1.86,752.98,4.13,0.06,0.04,0.03,1.28,17.93,-118.34,0.33,-0.47,-0.26,-0.01,1767.3,304.6,271.77,253.41,13.29,1.4,225.29,3.47,1.83,0.17,0.17,88
R331,1.89,1.42,1.39,1.49,1.38,1.39,1.42,1.89,1.38,121.47,116.67,124.23,120.61,120.76,118.79,118.9,116.84,121.35,126.32,5.21,169.6,169.69,2.54,168.55,6.88,55.11,3.06,3.06,2.39,2.39,400.09,53.2,35.15,172.22,168.95,32.68,61.85,62.51,55.18,402.59,1.89,-0.55,0.34,-0.83,-0.83,0.34,-0.08,-0.08,-0.55,1.89,-0.26,-0.02,1500.07,1277.65,1277.65,787.23,787.23,52.93,94.94,94.94,28.57,28.57,6.38,4.21,6.49,5.23,1.35,3.89,4.92,1.35,3.98,6.38,4.21,6.49,822.06,885.7,40.55,1.84,865.09,3.54,0.06,0.03,0.03,1.28,5.8,-104.84,0.28,-0.63,-0.26,0,1745.31,153.1,247.28,231.41,37.65,1.36,211.26,2.69,0.88,0.36,0.29,88
R336,1.49,1.42,1.39,1.49,1.38,1.39,1.42,1.49,1.38,120.97,117.08,123.7,119.14,119.14,119.12,119.2,117.17,120.62,130.11,0.18,178.96,177.07,0.54,177.47,2.42,53.07,2.82,2.81,2.4,2.4,48.03,47.19,40.9,183.65,177.79,39.67,60.95,61,47.95,46.64,-0.03,-0.08,0.33,-0.82,-0.83,0.33,-0.07,-0.07,-0.08,-0.03,-0.25,-0.03,1506.25,1280.54,1280.54,1516.58,1516.58,23.3,60.06,60.06,10.89,10.89,8.46,1.52,5.63,5.23,1.35,3.89,4.92,1.35,3.98,8.46,1.52,5.63,654.45,693.04,50.89,1.73,700.73,3.36,0.07,0.04,0.03,1.34,55.65,53.99,-0.23,-0.02,-0.22,0.02,1763.59,38.41,275.36,257.23,24.1,1.41,233.31,1.35,0.91,0.29,0.24,88
R359,1.09,1.41,1.38,1.49,1.38,1.37,1.41,1.09,1.38,118.47,117.77,122.55,118.5,118.63,120.18,119.65,117.77,118.3,122.3,0.64,178.79,178.7,0.71,178.28,0.65,52.59,2.59,2.58,2.39,2.39,23.35,62.15,35.66,140.62,171.02,34.78,59.36,58.71,60.88,23.38,0.27,-0.28,0.32,-0.83,-0.83,0.32,-0.08,-0.09,-0.28,0.27,-0.25,-0.02,1523.48,1386.47,1386.47,3224.64,3230.77,95.25,157.78,157.78,5.26,8.49,2,1,1,6.57,1.35,3.87,4.58,1.35,5.49,2,1,1,354.56,360.63,15.63,1.45,359.37,2.33,0.26,0.2,0.13,1.34,87.83,44.15,-0.49,0.14,-0.27,0,1734.31,52.87,218.94,196.14,21.97,1.34,195.65,3.63,2.11,0.28,0.25,88
R60,1.09,1.41,1.38,1.49,1.38,1.38,1.41,1.09,1.38,118.52,117.94,122.49,118.43,118.56,120.05,119.55,117.94,118.36,122.34,0.22,178.66,178.87,0.51,178.71,0.63,52.79,2.59,2.58,2.39,2.39,23.34,62.04,35.74,141.47,172.69,34.82,59.31,58.56,61.09,23.28,0.27,-0.28,0.32,-0.83,-0.83,0.32,-0.08,-0.09,-0.28,0.27,-0.25,-0.02,1526.26,1384.46,1384.46,3232.51,3223.89,97.91,163.72,163.72,6.73,5.36,2,1,1,9.98,2.57,3.87,5.29,1.35,9.75,2,1,1,434.28,449.7,15.51,1.53,447.47,2.21,0.23,0.08,0.07,1.34,60.87,46.82,-0.23,0.14,-0.26,0.01,1755.29,52.32,242.74,219.07,23.25,1.38,189.26,4.78,0.86,0.51,0.36,89
R157,1.09,1.42,1.37,1.49,1.38,1.37,1.42,1.09,1.38,118.99,119.28,121.78,119.46,119.67,123.36,118.94,115.05,117.83,121.46,0.93,178.68,176.98,3.31,179.43,3.3,63.66,2.63,2.52,2.41,2.35,23.73,62,29.15,225.52,227.07,33.37,61.51,60.66,57.44,23.63,0.27,-0.29,0.35,-0.8,-0.81,0.35,-0.09,-0.09,-0.27,0.27,-0.25,-0.02,1100.12,1305.45,1283.34,3214.82,3201.38,54.41,90.96,120.03,6.64,3.51,2,1,1,8.55,1.35,7.91,8.55,1.35,7.91,2,1,1,799.25,829.05,6.92,1.87,766.9,1.52,0.06,0.04,0.04,1.34,54.37,54.84,-0.2,0.06,-0.28,-0.06,1749.7,197.38,275,250.58,83.17,1.43,264.24,6.93,0.85,0.17,0.16,89
R249,1.09,1.42,1.37,1.49,1.38,1.37,1.42,1.09,1.38,118.99,119.28,121.78,119.46,119.67,123.36,118.94,115.05,117.83,121.46,0.93,178.68,176.98,3.31,179.43,3.3,63.66,2.63,2.52,2.41,2.35,23.73,62,29.15,225.52,227.07,33.37,61.51,60.66,57.44,23.63,0.27,-0.29,0.35,-0.8,-0.81,0.35,-0.09,-0.09,-0.27,0.27,-0.25,-0.02,1100.12,1305.45,1283.34,3214.82,3201.38,54.41,90.96,120.03,6.64,3.51,2,1,1,8.55,1.35,7.91,8.55,1.35,7.91,2,1,1,799.25,829.05,6.92,1.87,766.9,1.52,0.06,0.04,0.04,1.35,76.17,58.8,-0.27,0.07,-0.25,-0.02,1759.23,88.96,236.96,208.66,47.66,1.39,209.2,6.32,1.02,0.38,0.29,89
R251,1.08,1.41,1.38,1.49,1.38,1.38,1.41,1.08,1.38,118.61,117.19,122.28,119.74,119.06,119,120.48,118.03,118.48,122.92,1.27,176.12,175.41,0.13,178.27,1.04,53.33,2.58,2.59,2.38,2.4,22.98,59.54,33.86,155.57,167.37,37.27,56.33,58.48,62.94,23.54,0.26,-0.27,0.34,-0.83,-0.83,0.31,-0.07,-0.08,-0.28,0.27,-0.24,-0.02,1525.11,1255.47,1280.94,3232.38,3231.97,57.18,94.63,162.07,6.55,2.86,2,1,1,11.99,3.24,8.27,7.04,1.35,10.3,2,1,1,682.39,764.67,13.03,1.69,745.8,1.54,0.09,0.04,0.04,1.32,25.07,-84.8,0.23,-0.47,-0.28,-0.06,1697.09,88.06,237.07,227.53,6.3,1.32,205.26,2,1.75,0.28,0.24,89
R300,1.49,1.42,1.39,1.49,1.38,1.39,1.42,1.49,1.38,120.86,117.03,123.74,119.32,118.94,119.22,119.2,116.97,120.52,129.27,0.78,178.87,178.65,0.79,178.11,0.53,52.45,2.82,2.81,2.39,2.39,51.53,49.44,39.7,184.4,178.22,38.49,60.68,60.86,50.33,51.01,-0.01,-0.08,0.33,-0.82,-0.83,0.33,-0.07,-0.07,-0.09,-0.01,-0.23,-0.04,1505.32,1276.54,1276.54,1516.81,1516.81,47.38,119.67,119.67,6.97,6.97,6.4,1.53,5.61,5.23,1.35,3.89,4.92,1.35,3.98,6.4,1.53,5.61,650.7,692.74,49.81,1.72,700.73,3.71,0.07,0.04,0.04,1.34,38.81,83.26,0.14,-0.48,-0.26,-0.02,1729.59,134.86,243.64,232.67,24.76,1.33,211.26,3.64,0.76,0.46,0.37,89
R333,1.49,1.42,1.39,1.49,1.38,1.39,1.42,1.5,1.38,120.43,116.32,123.86,120.18,119.36,118.87,119.71,116.69,120.16,131.9,7.36,176.48,177.12,1,172.77,8.12,49.8,2.8,2.8,2.39,2.39,51.47,48.52,38.95,184.03,178.96,39.02,61.19,61.49,49.67,51.34,-0.06,-0.07,0.33,-0.83,-0.83,0.33,-0.07,-0.07,-0.07,-0.07,-0.26,-0.03,1503.56,1267.49,1273.27,1536.7,1536.7,34.32,16.35,56.47,12.59,12.59,8.48,3.09,5.68,5.23,1.35,3.89,4.92,1.35,3.98,8.48,3.09,5.68,783.2,811.15,42.5,1.86,752.98,4.13,0.06,0.04,0.03,1.28,19.02,-108.1,0.33,-0.48,-0.24,0,1756.62,291.39,327.93,306.51,26.12,1.49,285.34,1.79,0.9,0.11,0.1,89
R1,1.09,1.41,1.41,1.49,1.38,1.38,1.41,1.09,1.38,118.34,116.89,122.54,119.34,118.84,119.29,120.53,118,118.56,122.71,0.16,177.5,176.27,0.83,178.84,0.44,52.98,2.57,2.59,2.38,2.39,23.17,61.47,35.4,144.56,163.01,37.7,59.06,60.05,62.34,23.29,0.28,-0.28,0.32,-0.84,-0.84,0.31,-0.08,-0.08,-0.28,0.28,-0.25,-0.02,1522.16,1246.69,1276.42,3234.76,3229.96,80.81,140.03,193.47,2.8,2.64,2,1,1,5.98,1.54,3.76,5.86,1.35,3.87,2,1,1,329.34,337.38,22.35,1.41,346.32,3.19,0.27,0.23,0.14,1.33,49.8,52.44,-0.15,-0.36,-0.33,0,1749.08,25.91,191.37,161.86,39.51,1.33,158.15,1.4,3.49,0.46,0.42,89.2
R14,1.49,1.43,1.38,1.49,1.38,1.37,1.43,1.49,1.38,121.64,119.57,121.48,120.92,119.99,122.68,118.95,116.13,121.88,121.12,3.35,176.31,175,8.63,176.92,6.05,73.41,2.89,2.83,2.42,2.38,44.37,43.26,30.61,226.56,227.11,36,59.5,58.26,44.36,44,-0.06,-0.08,0.36,-0.81,-0.81,0.37,-0.08,-0.08,-0.07,-0.05,-0.25,-0.02,1050.7,1273.16,1284.9,1214.49,1214.49,52.69,216.25,200.12,67.36,67.36,6.33,1.62,4.37,7.48,1.52,6.53,7.48,1.52,6.53,6.33,1.62,4.37,822.27,916.63,6.46,1.8,862.99,0.94,0.05,0.04,0.03,1.34,84.04,38.68,-0.48,0.15,-0.27,0.01,1736.36,157.22,203.2,182.46,23.73,1.31,161.2,4.14,1.7,0.65,0.54,89.4
R223,1.09,1.41,1.38,1.49,1.38,1.38,1.41,1.09,1.38,118.37,117.01,122.63,119.16,118.76,119.34,120.33,117.97,118.51,122.68,1.19,177.2,177.13,0.37,178.8,0.17,52.97,2.57,2.59,2.38,2.39,23.24,61.75,35.45,139.68,159.85,37.25,58.77,0.12,62.2,23.31,0.28,-0.28,0.32,-0.83,-0.84,0.31,-0.08,-0.08,-0.28,0.28,-0.25,-0.02,1523.44,1251.73,1279.56,3232.85,3229.84,89.89,130.68,163.93,1.46,2.7,2,1,1,4.86,1.35,5.88,4.31,1.35,6.33,2,1,1,367.38,374.12,21.11,1.46,374.38,3.27,0.25,0.18,0.12,1.34,42.65,89.35,0.15,-0.5,-0.27,0.01,1733.89,52.63,203.37,182.54,21.95,1.31,161.2,5.17,2.3,0.5,0.43,89.4
R4,1.09,1.41,1.38,1.49,1.38,1.39,1.41,1.09,1.38,118.63,118.37,122.98,119.06,120,120.83,118.65,116.35,118.52,122.74,0.71,178.97,178.45,2.9,176.95,0.16,54.04,2.6,2.56,2.4,2.38,23.22,62.45,39.34,142.99,157.14,37.01,59.07,7.96,60.37,25.33,0.28,-0.28,0.3,-0.82,-0.84,0.32,-0.08,-0.08,-0.28,0.27,-0.25,-0.02,1524.52,1266.49,1242.94,3236.59,3232.51,102.59,406.49,96.26,1.87,2.33,2,1,1,4.15,1.35,6.69,8.63,1.35,5.16,2,1,1,402.6,419.38,22.63,1.49,487.29,2.84,0.22,0.11,0.09,1.33,49.8,52.44,-0.15,-0.36,-0.33,0,1749.08,25.91,191.37,161.86,39.51,1.33,158.15,1.4,3.49,0.46,0.42,89.8
R173,1.36,1.44,1.86,1.5,1.39,1.86,1.44,1.35,1.38,114.13,111.8,118.38,124.02,120.42,116.1,129.59,125.3,115.5,118.61,3.72,171.31,173.48,8.05,173.37,6.48,93.27,2.73,3.11,2.74,2.94,178.03,32.26,50.07,377.81,390.68,52.06,34.73,39.54,31.11,181.73,-0.57,0.34,-0.36,0.91,0.9,-0.36,0,-0.03,0.34,-0.57,-0.25,-0.02,1093.23,1230.97,1265.86,1230.97,1265.86,13.44,137.29,165.64,129.78,165.64,5.15,1.35,4.16,7.12,2.38,5.84,7.12,2.38,5.84,5.15,1.35,4.16,716.44,788.04,5.8,1.74,738.85,3.63,0.07,0.05,0.04,1.34,79.88,39.83,-0.46,0.14,-0.27,0.01,1737.25,225.23,203.32,182.46,23.87,1.31,161.2,4.99,1.7,0.65,0.54,89.9
R59,1.89,1.42,1.39,1.49,1.38,1.39,1.42,1.89,1.38,121.46,116.67,124.23,120.61,120.76,118.79,118.9,116.84,121.34,126.32,5.26,169.56,169.68,2.54,168.54,6.88,55.12,3.06,3.06,2.39,2.39,400.14,53.23,35.17,172.26,169.02,32.7,61.86,62.5,55.19,402.62,1.89,-0.55,0.34,-0.83,-0.83,0.34,-0.08,-0.08,-0.55,1.89,-0.26,-0.02,1500.02,1277.44,1277.44,787.23,787.23,53.53,96.13,96.13,28.97,28.97,6.38,4.21,6.49,5.23,1.35,3.89,4.92,1.35,3.98,6.38,4.21,6.49,822.12,885.73,40.59,1.84,865.09,3.57,0.06,0.03,0.03,1.28,5.89,-104.66,0.28,-0.63,-0.27,0,1746.84,153.6,227.25,213.14,37.58,1.32,197.24,2.48,1.26,0.38,0.33,90
R107,1.09,1.41,1.38,1.49,1.38,1.37,1.41,1.09,1.38,118.48,117.78,122.54,118.5,118.65,120.16,119.65,117.78,118.28,122.33,0.3,178.6,178.54,0.5,178.49,0.64,52.7,2.59,2.58,2.39,2.38,23.31,61.96,35.28,144.98,171.09,34.37,59.61,58.63,61.01,23.33,0.27,-0.28,0.32,-0.83,-0.83,0.32,-0.08,-0.09,-0.28,0.27,-0.25,-0.02,1525.7,1384.93,1384.93,3229.56,3224.53,97.82,171.4,171.4,4.78,5.87,2,1,1,7.17,1.96,3.87,5.39,1.35,6.38,2,1,1,392.51,397.44,15.44,1.5,387.42,2.49,0.24,0.15,0.11,1.34,87.83,44.15,-0.49,0.14,-0.27,0,1734.31,52.87,218.94,196.14,21.97,1.34,195.65,3.63,2.11,0.28,0.25,90
R247,1.08,1.41,1.37,1.49,1.38,1.38,1.41,1.08,1.38,117.99,116.58,122.18,120.17,119.61,119.58,120.9,117.56,118.27,122.86,5.49,178.81,175.72,4.81,178.11,1.97,51.55,2.55,2.58,2.37,2.39,23.09,59.21,34.83,147.65,166.03,36.09,57.55,61.66,62.6,23.63,0.27,-0.27,0.34,-0.83,-0.82,0.31,-0.07,-0.09,-0.28,0.27,-0.25,-0.01,1522.89,1250.55,1278.28,3237.53,3224.41,96.98,41.69,254.04,2.91,4.9,2,1,1,10.93,3.97,8.27,11.84,3.61,8.55,2,1,1,648.77,713.86,15.01,1.68,695.74,2.38,0.08,0.05,0.04,1.32,25.07,-84.8,0.23,-0.47,-0.28,-0.06,1697.09,88.06,237.07,227.53,6.3,1.32,205.26,2,1.75,0.28,0.24,90
R250,1.89,1.42,1.39,1.49,1.38,1.39,1.42,1.89,1.38,121.47,116.67,124.23,120.61,120.76,118.79,118.9,116.84,121.35,126.32,5.21,169.6,169.69,2.54,168.55,6.88,55.11,3.06,3.06,2.39,2.39,400.09,53.2,35.15,172.22,168.95,32.68,61.85,62.51,55.18,402.59,1.89,-0.55,0.34,-0.83,-0.83,0.34,-0.08,-0.08,-0.55,1.89,-0.26,-0.02,1500.07,1277.65,1277.65,787.23,787.23,52.93,94.94,94.94,28.57,28.57,6.38,4.21,6.49,5.23,1.35,3.89,4.92,1.35,3.98,6.38,4.21,6.49,822.06,885.7,40.55,1.84,865.09,3.54,0.06,0.03,0.03,1.28,6.63,-103.35,0.28,-0.63,-0.27,0,1748.27,128.81,256.54,239.97,44.5,1.37,227.26,3.46,0.81,0.28,0.24,90
R260,1.49,1.42,1.39,1.49,1.38,1.39,1.42,1.49,1.38,120.97,117.08,123.7,119.14,119.14,119.12,119.2,117.17,120.62,130.11,0.18,178.96,177.07,0.54,177.47,2.42,53.07,2.82,2.81,2.4,2.4,48.03,47.19,40.9,183.65,177.79,39.67,60.95,61,47.95,46.64,-0.03,-0.08,0.33,-0.82,-0.83,0.33,-0.07,-0.07,-0.08,-0.03,-0.25,-0.03,1506.25,1280.54,1280.54,1516.58,1516.58,23.3,60.06,60.06,10.89,10.89,8.46,1.52,5.63,5.23,1.35,3.89,4.92,1.35,3.98,8.46,1.52,5.63,654.45,693.04,50.89,1.73,700.73,3.36,0.07,0.04,0.03,1.34,57.94,53.87,-0.24,-0.02,-0.23,0.03,1762.04,59.83,308.69,285.12,17.36,1.47,245.37,0.8,1.07,0.15,0.14,90
R264,1.09,1.42,1.37,1.49,1.38,1.37,1.42,1.09,1.38,118.99,119.28,121.78,119.46,119.67,123.36,118.94,115.05,117.83,121.46,0.93,178.68,176.98,3.31,179.43,3.3,63.66,2.63,2.52,2.41,2.35,23.73,62,29.15,225.52,227.07,33.37,61.51,60.66,57.44,23.63,0.27,-0.29,0.35,-0.8,-0.81,0.35,-0.09,-0.09,-0.27,0.27,-0.25,-0.02,1100.12,1305.45,1283.34,3214.82,3201.38,54.41,90.96,120.03,6.64,3.51,2,1,1,8.55,1.35,7.91,8.55,1.35,7.91,2,1,1,799.25,829.05,6.92,1.87,766.9,1.52,0.06,0.04,0.04,1.34,55.44,55.73,-0.2,0.06,-0.28,-0.03,1751.51,135.49,264,242.7,44.64,1.4,253.69,1.51,0.62,0.28,0.23,90
R266,1.49,1.42,1.39,1.49,1.38,1.39,1.42,1.5,1.38,120.43,116.32,123.86,120.18,119.36,118.87,119.71,116.69,120.16,131.9,7.36,176.48,177.12,1,172.77,8.12,49.8,2.8,2.8,2.39,2.39,51.47,48.52,38.95,184.03,178.96,39.02,61.19,61.49,49.67,51.34,-0.06,-0.07,0.33,-0.83,-0.83,0.33,-0.07,-0.07,-0.07,-0.07,-0.26,-0.03,1503.56,1267.49,1273.27,1536.7,1536.7,34.32,16.35,56.47,12.59,12.59,8.48,3.09,5.68,5.23,1.35,3.89,4.92,1.35,3.98,8.48,3.09,5.68,783.2,811.15,42.5,1.86,752.98,4.13,0.06,0.04,0.03,1.28,5.33,-116.03,0.35,-0.49,-0.26,0.03,1780.61,257.18,249.49,224.44,13.33,1.4,191.27,3.69,2.02,0.29,0.27,90
R296,1.49,1.42,1.39,1.49,1.38,1.39,1.42,1.49,1.38,120.86,117.03,123.74,119.32,118.94,119.22,119.2,116.97,120.52,129.27,0.78,178.87,178.65,0.79,178.11,0.53,52.45,2.82,2.81,2.39,2.39,51.53,49.44,39.7,184.4,178.22,38.49,60.68,60.86,50.33,51.01,-0.01,-0.08,0.33,-0.82,-0.83,0.33,-0.07,-0.07,-0.09,-0.01,-0.23,-0.04,1505.32,1276.54,1276.54,1516.81,1516.81,47.38,119.67,119.67,6.97,6.97,6.4,1.53,5.61,5.23,1.35,3.89,4.92,1.35,3.98,6.4,1.53,5.61,650.7,692.74,49.81,1.72,700.73,3.71,0.07,0.04,0.04,1.34,39.82,82.05,0.14,-0.46,-0.27,0,1739.38,121.51,206.16,186.39,25.5,1.31,179.19,3.13,1.52,0.47,0.41,90
R337,1.49,1.42,1.39,1.49,1.38,1.39,1.42,1.49,1.38,120.97,117.08,123.7,119.14,119.14,119.12,119.2,117.17,120.62,130.11,0.18,178.96,177.07,0.54,177.47,2.42,53.07,2.82,2.81,2.4,2.4,48.03,47.19,40.9,183.65,177.79,39.67,60.95,61,47.95,46.64,-0.03,-0.08,0.33,-0.82,-0.83,0.33,-0.07,-0.07,-0.08,-0.03,-0.25,-0.03,1506.25,1280.54,1280.54,1516.58,1516.58,23.3,60.06,60.06,10.89,10.89,8.46,1.52,5.63,5.23,1.35,3.89,4.92,1.35,3.98,8.46,1.52,5.63,654.45,693.04,50.89,1.73,700.73,3.36,0.07,0.04,0.03,1.34,57.52,53.86,-0.24,-0.02,-0.23,-0.01,1764.63,59.47,374.4,364.59,16.26,1.52,329.44,0.92,0.64,0.08,0.07,90
R343,1.89,1.42,1.39,1.49,1.38,1.39,1.42,1.89,1.38,121.42,116.75,124.28,120.58,120.81,118.69,118.79,116.9,121.36,126.44,6.19,168.78,169.57,2.52,168.43,6.84,55.44,3.06,3.06,2.4,2.4,401.68,53.99,35.65,172.61,170.87,33.11,61.97,62.32,55.51,403.56,1.89,-0.55,0.33,-0.83,-0.83,0.34,-0.08,-0.07,-0.56,1.89,-0.26,-0.03,1498.93,1273.53,1273.53,787.05,787.05,64.69,118.23,118.23,38.02,38.02,6.38,4.21,6.49,5.23,1.35,3.89,4.92,1.35,3.98,6.38,4.21,6.49,825.06,886.12,41.89,1.85,865.09,4.15,0.06,0.03,0.03,1.28,4.53,-95.63,0.28,-0.66,-0.27,-0.01,1742.44,211.14,227.45,213.22,37.74,1.32,197.24,2.84,1.26,0.38,0.34,90
R344,1.49,1.42,1.39,1.49,1.38,1.39,1.42,1.49,1.38,120.97,117.08,123.7,119.14,119.14,119.12,119.2,117.17,120.62,130.11,0.18,178.96,177.07,0.54,177.47,2.42,53.07,2.82,2.81,2.4,2.4,48.03,47.19,40.9,183.65,177.79,39.67,60.95,61,47.95,46.64,-0.03,-0.08,0.33,-0.82,-0.83,0.33,-0.07,-0.07,-0.08,-0.03,-0.25,-0.03,1506.25,1280.54,1280.54,1516.58,1516.58,23.3,60.06,60.06,10.89,10.89,8.46,1.52,5.63,5.23,1.35,3.89,4.92,1.35,3.98,8.46,1.52,5.63,654.45,693.04,50.89,1.73,700.73,3.36,0.07,0.04,0.03,1.34,55.75,53.03,-0.24,-0.02,-0.23,0.02,1753.94,71.82,300.79,283.9,28.23,1.44,263.34,0.28,0.61,0.28,0.21,90
R352,1.09,1.42,1.37,1.49,1.38,1.37,1.42,1.09,1.38,118.99,119.28,121.78,119.46,119.67,123.36,118.94,115.05,117.83,121.46,0.93,178.68,176.98,3.31,179.43,3.3,63.66,2.63,2.52,2.41,2.35,23.73,62,29.15,225.52,227.07,33.37,61.51,60.66,57.44,23.63,0.27,-0.29,0.35,-0.8,-0.81,0.35,-0.09,-0.09,-0.27,0.27,-0.25,-0.02,1100.12,1305.45,1283.34,3214.82,3201.38,54.41,90.96,120.03,6.64,3.51,2,1,1,8.55,1.35,7.91,8.55,1.35,7.91,2,1,1,799.25,829.05,6.92,1.87,766.9,1.52,0.06,0.04,0.04,1.35,49.93,58.32,-0.18,0.04,-0.27,-0.03,1745.39,175.97,303.44,277.49,65,1.47,277.28,3.81,0.82,0.15,0.13,90
R362,1.89,1.42,1.39,1.49,1.38,1.39,1.42,1.89,1.38,121.47,116.67,124.23,120.61,120.76,118.79,118.9,116.84,121.35,126.32,5.21,169.6,169.69,2.54,168.55,6.88,55.11,3.06,3.06,2.39,2.39,400.09,53.2,35.15,172.22,168.95,32.68,61.85,62.51,55.18,402.59,1.89,-0.55,0.34,-0.83,-0.83,0.34,-0.08,-0.08,-0.55,1.89,-0.26,-0.02,1500.07,1277.65,1277.65,787.23,787.23,52.93,94.94,94.94,28.57,28.57,6.38,4.21,6.49,5.23,1.35,3.89,4.92,1.35,3.98,6.38,4.21,6.49,822.06,885.7,40.55,1.84,865.09,3.54,0.06,0.03,0.03,1.28,5.9,-106.15,0.28,-0.63,-0.25,0,1746.21,107.23,256.59,240.01,44.66,1.37,227.26,2.89,0.67,0.34,0.26,90
R224,1.49,1.42,1.38,1.49,1.38,1.36,1.44,1.49,1.38,119.82,118.28,121.96,120.81,121.16,125.16,119.75,113.65,121.87,121.17,2.26,179.34,176.55,7.05,172.66,8.67,86.24,2.82,2.78,2.4,2.34,42.38,43.62,27.89,232.11,215.75,35.9,64.67,58.4,49.44,44.05,-0.06,-0.08,0.36,-0.81,-0.8,0.38,-0.1,-0.09,-0.07,-0.06,-0.25,-0.01,1111.6,1280.29,1280.29,195.27,83.53,13.4,162.66,162.66,195.27,83.53,6.36,1.5,3.15,8.55,1.35,7.91,8.55,1.35,7.91,6.36,1.5,3.15,900.84,989.82,6.96,1.88,919.1,1.78,0.04,0.03,0.03,1.34,84.04,38.68,-0.48,0.15,-0.27,0.01,1736.36,157.22,203.2,182.46,23.73,1.31,161.2,4.14,1.7,0.65,0.54,90.3
R39,1.09,1.41,1.38,1.49,1.38,1.39,1.41,1.08,1.38,118.52,118.23,122.47,118.38,118.87,119.7,119.29,117.47,118.51,122.83,0.07,178.7,178.24,0.19,178.59,0.42,53.3,2.6,2.58,2.4,2.39,23.34,62.07,36.93,143.17,159.21,36.3,58.9,8.53,60.23,23.24,0.27,-0.28,0.32,-0.84,-0.83,0.32,-0.08,-0.08,-0.28,0.28,-0.25,-0.02,1521.55,1276.27,1247.14,3224.66,3230.75,82.82,188.9,121.9,4.44,5.32,2,1,1,5.26,1.35,8.73,8.78,2.88,5.63,2,1,1,475.82,488.08,19.76,1.59,470.55,1.61,0.2,0.09,0.07,1.33,49.8,52.44,-0.15,-0.36,-0.33,0,1749.08,25.91,191.37,161.86,39.51,1.33,158.15,1.4,3.49,0.46,0.42,90.5
R30,1.09,1.41,1.38,1.49,1.38,1.38,1.41,1.09,1.38,118.39,117.11,122.43,119.56,119.03,119.15,120.4,118.08,118.53,122.76,0.34,177.43,175.45,0.84,178.68,0.02,53.18,2.57,2.59,2.38,2.4,23.23,60.42,35.76,137.65,154.21,37.77,58.46,9.27,62.4,23.34,0.28,-0.28,0.33,-0.83,-0.84,0.31,-0.08,-0.09,-0.28,0.28,-0.25,-0.02,1526.82,1255.72,1281.96,3238.86,3234.43,91.36,137.28,227.58,5.14,6.05,2,1,1,6.43,2.75,3.88,4.54,1.35,6.77,2,1,1,382.76,392.24,19.28,1.48,388.4,3.06,0.23,0.16,0.11,1.34,42.3,87.39,0.15,-0.5,-0.26,-0.01,1734.78,47.04,250.47,233.86,22.08,1.36,211.26,5.17,1.68,0.24,0.21,90.6
R240,1.09,1.42,1.37,1.49,1.38,1.37,1.42,1.09,1.38,119.07,119.77,121.44,119.22,119.83,119.36,118.73,119.09,118.43,121.54,2.55,179.83,179,3.22,179.75,0.92,87.69,2.64,2.61,2.41,2.4,23.16,62.53,30.54,221.2,221.06,27.67,57.18,57.41,52.9,23.37,0.26,-0.29,0.34,-0.81,-0.81,0.34,-0.08,-0.08,-0.08,0.27,-0.25,-0.01,1103.52,1304.65,1295.29,3216.04,3216.25,60.98,57.84,57.8,9.49,4.44,2,1,1,5.64,1.35,5.5,5.64,1.35,5.5,2,1,1,536.52,545.92,10.14,1.66,514.59,2.25,0.11,0.1,0.09,1.33,53.83,46.89,-0.36,-0.15,-0.33,0,1756.63,28.95,191.59,161.78,39.54,1.33,158.15,1.68,2.06,0.65,0.56,90.7
R62,1.49,1.42,1.39,1.49,1.38,1.39,1.42,1.49,1.38,120.86,117.03,123.74,119.32,118.94,119.22,119.2,116.97,120.52,129.27,0.78,178.87,178.65,0.79,178.11,0.53,52.45,2.82,2.81,2.39,2.39,51.53,49.44,39.7,184.4,178.22,38.49,60.68,60.86,50.33,51.01,-0.01,-0.08,0.33,-0.82,-0.83,0.33,-0.07,-0.07,-0.09,-0.01,-0.23,-0.04,1505.32,1276.54,1276.54,1516.81,1516.81,47.38,119.67,119.67,6.97,6.97,6.4,1.53,5.61,5.23,1.35,3.89,4.92,1.35,3.98,6.4,1.53,5.61,650.7,692.74,49.81,1.72,700.73,3.71,0.07,0.04,0.04,1.34,38.99,81.56,0.14,-0.46,-0.27,0,1737.6,108.19,200.47,181.82,25.5,1.29,161.2,3.79,1.65,0.65,0.55,91
R68,1.89,1.42,1.39,1.49,1.38,1.39,1.42,1.89,1.38,121.47,116.67,124.23,120.61,120.76,118.79,118.9,116.84,121.35,126.32,5.21,169.6,169.69,2.54,168.55,6.88,55.11,3.06,3.06,2.39,2.39,400.09,53.2,35.15,172.22,168.95,32.68,61.85,62.51,55.18,402.59,1.89,-0.55,0.34,-0.83,-0.83,0.34,-0.08,-0.08,-0.55,1.89,-0.26,-0.02,1500.07,1277.65,1277.65,787.23,787.23,52.93,94.94,94.94,28.57,28.57,6.38,4.21,6.49,5.23,1.35,3.89,4.92,1.35,3.98,6.38,4.21,6.49,822.06,885.7,40.55,1.84,865.09,3.54,0.06,0.03,0.03,1.28,9.11,-115.47,0.28,-0.62,-0.27,-0.01,1746.73,166.13,231.48,217.49,37.61,1.32,215.23,2.17,1.08,0.37,0.33,91
R151,1.49,1.42,1.39,1.49,1.38,1.39,1.42,1.49,1.38,120.86,117.03,123.74,119.32,118.94,119.22,119.2,116.97,120.52,129.27,0.78,178.87,178.65,0.79,178.11,0.53,52.45,2.82,2.81,2.39,2.39,51.53,49.44,39.7,184.4,178.22,38.49,60.68,60.86,50.33,51.01,-0.01,-0.08,0.33,-0.82,-0.83,0.33,-0.07,-0.07,-0.09,-0.01,-0.23,-0.04,1505.32,1276.54,1276.54,1516.81,1516.81,47.38,119.67,119.67,6.97,6.97,6.4,1.53,5.61,5.23,1.35,3.89,4.92,1.35,3.98,6.4,1.53,5.61,650.7,692.74,49.81,1.72,700.73,3.71,0.07,0.04,0.04,1.34,38.96,82.8,0.14,-0.47,-0.27,0,1739.46,117.5,220.33,200.04,25.51,1.33,175.23,4.11,1.51,0.48,0.41,91
R185,1.09,1.42,1.37,1.49,1.38,1.37,1.42,1.09,1.38,118.99,119.28,121.78,119.46,119.67,123.36,118.94,115.05,117.83,121.46,0.93,178.68,176.98,3.31,179.43,3.3,63.66,2.63,2.52,2.41,2.35,23.73,62,29.15,225.52,227.07,33.37,61.51,60.66,57.44,23.63,0.27,-0.29,0.35,-0.8,-0.81,0.35,-0.09,-0.09,-0.27,0.27,-0.25,-0.02,1100.12,1305.45,1283.34,3214.82,3201.38,54.41,90.96,120.03,6.64,3.51,2,1,1,8.55,1.35,7.91,8.55,1.35,7.91,2,1,1,799.25,829.05,6.92,1.87,766.9,1.52,0.06,0.04,0.04,1.35,41.67,62.04,-0.15,0.01,-0.26,-0.03,1735.49,213.3,282.44,257.19,52.14,1.44,249.27,4.85,0.88,0.19,0.17,91
R245,1.09,1.42,1.37,1.49,1.38,1.37,1.42,1.09,1.38,118.99,119.28,121.78,119.46,119.67,123.36,118.94,115.05,117.83,121.46,0.93,178.68,176.98,3.31,179.43,3.3,63.66,2.63,2.52,2.41,2.35,23.73,62,29.15,225.52,227.07,33.37,61.51,60.66,57.44,23.63,0.27,-0.29,0.35,-0.8,-0.81,0.35,-0.09,-0.09,-0.27,0.27,-0.25,-0.02,1100.12,1305.45,1283.34,3214.82,3201.38,54.41,90.96,120.03,6.64,3.51,2,1,1,8.55,1.35,7.91,8.55,1.35,7.91,2,1,1,799.25,829.05,6.92,1.87,766.9,1.52,0.06,0.04,0.04,1.35,50.35,58,-0.18,0.04,-0.27,-0.03,1747,185.04,265.69,243.17,44.72,1.41,253.69,3.28,0.89,0.19,0.17,91
R248,1.09,1.41,1.38,1.49,1.38,1.38,1.41,1.08,1.38,118.49,118.13,122.59,118.57,119.32,120.78,119.27,117.08,118.37,122.08,0.06,178.78,178.3,1.39,176.71,0.51,52.7,2.59,2.57,2.39,2.38,23.29,62.28,35.8,162.16,151.78,36.19,60.96,58.97,60.24,23.76,0.27,-0.28,0.32,-0.83,-0.83,0.32,-0.09,-0.08,-0.28,0.27,-0.25,-0.02,1522.69,1279.47,1252.94,3229.41,3243.51,100.07,233.63,101.09,5.97,2.72,2,1,1,5.03,1.35,7.53,10.26,1.92,4.58,2,1,1,427.27,443.34,15.41,1.52,435.46,2.02,0.23,0.11,0.08,1.29,-1.26,53.76,0.43,-0.68,-0.27,-0.01,1746.79,487.6,268.71,247.8,14.15,1.41,296.6,16.73,0.42,0.26,0.19,91
R263,1.49,1.42,1.39,1.49,1.38,1.39,1.42,1.49,1.38,120.97,117.08,123.7,119.14,119.14,119.12,119.2,117.17,120.62,130.11,0.18,178.96,177.07,0.54,177.47,2.42,53.07,2.82,2.81,2.4,2.4,48.03,47.19,40.9,183.65,177.79,39.67,60.95,61,47.95,46.64,-0.03,-0.08,0.33,-0.82,-0.83,0.33,-0.07,-0.07,-0.08,-0.03,-0.25,-0.03,1506.25,1280.54,1280.54,1516.58,1516.58,23.3,60.06,60.06,10.89,10.89,8.46,1.52,5.63,5.23,1.35,3.89,4.92,1.35,3.98,8.46,1.52,5.63,654.45,693.04,50.89,1.73,700.73,3.36,0.07,0.04,0.03,1.34,58.25,54.1,-0.24,-0.02,-0.22,0.03,1762.99,64.4,286.01,266.59,17.02,1.43,231.34,0.86,1.01,0.24,0.21,91
R293,1.89,1.42,1.39,1.49,1.38,1.39,1.42,1.89,1.38,121.47,116.67,124.23,120.61,120.76,118.79,118.9,116.84,121.35,126.32,5.21,169.6,169.69,2.54,168.55,6.88,55.11,3.06,3.06,2.39,2.39,400.09,53.2,35.15,172.22,168.95,32.68,61.85,62.51,55.18,402.59,1.89,-0.55,0.34,-0.83,-0.83,0.34,-0.08,-0.08,-0.55,1.89,-0.26,-0.02,1500.07,1277.65,1277.65,787.23,787.23,52.93,94.94,94.94,28.57,28.57,6.38,4.21,6.49,5.23,1.35,3.89,4.92,1.35,3.98,6.38,4.21,6.49,822.06,885.7,40.55,1.84,865.09,3.54,0.06,0.03,0.03,1.28,6.59,-100.62,0.28,-0.63,-0.27,0,1746.32,154,247.11,231.36,37.6,1.36,211.26,2.8,1.18,0.29,0.26,91
R294,1.09,1.41,1.38,1.49,1.38,1.38,1.41,1.08,1.38,118.49,118.13,122.59,118.57,119.32,120.78,119.27,117.08,118.37,122.08,0.06,178.78,178.3,1.39,176.71,0.51,52.7,2.59,2.57,2.39,2.38,23.29,62.28,35.8,162.16,151.78,36.19,60.96,58.97,60.24,23.76,0.27,-0.28,0.32,-0.83,-0.83,0.32,-0.09,-0.08,-0.28,0.27,-0.25,-0.02,1522.69,1279.47,1252.94,3229.41,3243.51,100.07,233.63,101.09,5.97,2.72,2,1,1,5.03,1.35,7.53,10.26,1.92,4.58,2,1,1,427.27,443.34,15.41,1.52,435.46,2.02,0.23,0.11,0.08,1.29,-1.93,63.11,0.42,-0.7,-0.28,-0.06,1735.95,490.72,286.5,265.76,13.04,1.43,245.75,15.34,0.49,0.28,0.19,91
R345,1.09,1.41,1.38,1.49,1.38,1.38,1.41,1.09,1.38,118.5,117.86,122.5,118.55,118.62,120.11,119.62,117.86,118.34,122.34,0.3,178.66,178.73,0.87,178.3,0.59,52.85,2.59,2.58,2.39,2.39,23.32,62.09,35.87,141.95,172.27,34.95,59.14,58.58,60.9,23.33,0.27,-0.28,0.32,-0.83,-0.83,0.32,-0.08,-0.09,-0.28,0.27,-0.25,-0.02,1526.07,1384.71,1384.71,3228.01,3224.58,102.04,176.82,176.82,7.88,3.18,2,1,1,11.65,2.09,5.32,4.58,1.35,11.78,2,1,1,466.57,480.84,17.67,1.57,476.52,1.18,0.21,0.06,0.05,1.33,51.89,50.27,-0.36,-0.16,-0.32,0,1752.73,50.1,191.24,161.83,39.33,1.33,158.15,3.83,2.56,0.51,0.44,91
R354,1.09,1.43,1.85,1.5,1.39,1.86,1.42,1.09,1.39,119.37,116.92,118.89,121.57,120,117.79,123.01,122.67,119.54,119.51,8.88,176.85,173.4,2.68,179.27,2.68,79.94,2.89,3.03,2.8,2.89,22.91,32.27,21.11,279.74,297.99,19.05,17.47,20.3,34.65,23.92,0.27,-0.25,-0.33,0.9,0.91,-0.33,-0.02,-0.04,-0.25,0.27,-0.25,-0.02,1228.08,1197.56,1173.07,3219.05,3224.22,0.88,1.52,1.48,13.64,3.74,2,1,1,7.12,2.38,5.84,7.12,2.38,5.84,2,1,1,597.92,662.43,0,1.63,622.69,3.09,0.09,0.06,0.06,1.34,43.95,53.44,-0.16,-0.18,-0.31,0.01,1766.13,23.27,135.17,111.52,32.59,1.21,100.12,6.85,4.46,1.88,1.38,91
R20,1.89,1.42,1.39,1.49,1.38,1.39,1.42,1.89,1.38,121.47,116.67,124.23,120.61,120.76,118.79,118.9,116.84,121.35,126.32,5.21,169.6,169.69,2.54,168.55,6.88,55.11,3.06,3.06,2.39,2.39,400.09,53.2,35.15,172.22,168.95,32.68,61.85,62.51,55.18,402.59,1.89,-0.55,0.34,-0.83,-0.83,0.34,-0.08,-0.08,-0.55,1.89,-0.26,-0.02,1500.07,1277.65,1277.65,787.23,787.23,52.93,94.94,94.94,28.57,28.57,6.38,4.21,6.49,5.23,1.35,3.89,4.92,1.35,3.98,6.38,4.21,6.49,822.06,885.7,40.55,1.84,865.09,3.54,0.06,0.03,0.03,1.27,8.04,-111.79,0.28,-0.62,-0.28,-0.05,1746.88,166.88,252.53,234.46,76.19,1.37,242.23,2.86,0.7,0.27,0.22,92
R27,1.36,1.44,1.86,1.5,1.38,1.87,1.43,1.36,1.38,114.24,111.26,118.21,122.98,122.34,115.46,130.2,126.08,115.76,118.46,6.96,178.9,176.26,0.06,176.18,4.25,89.12,2.73,3.14,2.74,2.95,203.98,29.79,57.59,378.16,391.78,51.16,41.18,38.85,29.62,203.49,-0.55,0.34,-0.36,0.91,0.89,-0.35,-0.01,-0.02,0.34,-0.56,-0.25,-0.02,1188.06,1188.06,1177.78,1260.66,1252.32,4.41,4.41,16.54,226.21,180.04,7.27,1.35,5.31,7.12,2.38,5.84,7.12,2.38,5.84,7.27,1.35,5.31,787,881,7.2,1.77,834.94,3.86,0.06,0.03,0.03,1.33,61.66,47.91,-0.38,0,-0.31,-0.01,1738.29,229.01,150.24,125.17,46.99,1.24,129.12,10.36,3.09,1.18,0.88,92
R66,1.89,1.42,1.39,1.49,1.38,1.39,1.42,1.89,1.38,121.47,116.67,124.23,120.61,120.76,118.79,118.9,116.84,121.35,126.32,5.21,169.6,169.69,2.54,168.55,6.88,55.11,3.06,3.06,2.39,2.39,400.09,53.2,35.15,172.22,168.95,32.68,61.85,62.51,55.18,402.59,1.89,-0.55,0.34,-0.83,-0.83,0.34,-0.08,-0.08,-0.55,1.89,-0.26,-0.02,1500.07,1277.65,1277.65,787.23,787.23,52.93,94.94,94.94,28.57,28.57,6.38,4.21,6.49,5.23,1.35,3.89,4.92,1.35,3.98,6.38,4.21,6.49,822.06,885.7,40.55,1.84,865.09,3.54,0.06,0.03,0.03,1.28,6.07,-101.94,0.28,-0.63,-0.27,0,1747.26,134.15,244.98,230.81,35.89,1.35,211.26,2.53,1.2,0.31,0.28,92
R70,1.5,1.43,1.38,1.49,1.38,1.38,1.42,1.5,1.38,119.09,116.93,122.83,118.97,118.78,119.02,120.22,117.85,119.27,123.11,0.1,177.94,176.04,0.56,179.81,1.61,53.05,2.78,2.8,2.39,2.4,174.92,50.47,34.07,145.81,170.46,35.66,58.5,60.65,50.47,173.89,-0.71,-0.06,0.34,-0.83,-0.83,0.33,-0.07,-0.08,-0.06,-0.72,-0.25,-0.01,1514.86,1268.57,1281.21,1142.19,1133.9,69.11,55.67,224.42,73.62,49.91,2.99,1.5,2.04,9.68,1.35,11.12,10.56,1.66,8.01,2.99,1.5,2.04,661.57,689.16,14.09,1.75,661.72,4.6,0.1,0.04,0.04,1.28,14.05,-115.77,0.33,-0.48,-0.25,-0.02,1760.92,493.07,354.28,340.51,11.97,1.5,303.4,5.54,0.93,0.09,0.09,92
R76,1.09,1.43,1.85,1.5,1.39,1.86,1.42,1.09,1.39,119.37,116.92,118.89,121.57,120,117.79,123.01,122.67,119.54,119.51,8.88,176.85,173.4,2.68,179.27,2.68,79.94,2.89,3.03,2.8,2.89,22.91,32.27,21.11,279.74,297.99,19.05,17.47,20.3,34.65,23.92,0.27,-0.25,-0.33,0.9,0.91,-0.33,-0.02,-0.04,-0.25,0.27,-0.25,-0.02,1228.08,1197.56,1173.07,3219.05,3224.22,0.88,1.52,1.48,13.64,3.74,2,1,1,7.12,2.38,5.84,7.12,2.38,5.84,2,1,1,597.92,662.43,0,1.63,622.69,3.09,0.09,0.06,0.06,1.34,48.11,41.29,-0.33,-0.19,-0.29,-0.01,1731.33,57.47,175.98,158.55,31.35,1.24,148.16,6.54,2.47,0.74,0.62,92
R92,1.09,1.41,1.38,1.49,1.38,1.38,1.41,1.09,1.38,118.51,118.02,122.63,118.38,118.95,119.88,119.33,117.35,118.59,122.75,0.14,178.69,177.79,1.21,178.94,0.63,52.35,2.59,2.58,2.39,2.39,23.31,62.34,37.5,151.47,149.26,36.67,59.33,8.48,61.2,23.26,0.27,-0.28,0.31,-0.83,-0.83,0.32,-0.08,-0.08,-0.27,0.27,-0.25,-0.02,1521.54,1277.51,1249.12,3228.44,3237.58,88.9,182.93,118.04,3.17,3.34,2,1,1,5.26,1.35,6.98,7.24,1.35,6.34,2,1,1,393.55,392.95,22.61,1.52,388.4,1.19,0.26,0.13,0.1,1.34,42.3,87.39,0.15,-0.5,-0.26,-0.01,1734.78,47.04,250.47,233.86,22.08,1.36,211.26,5.17,1.68,0.24,0.21,92
R94,1.5,1.43,1.38,1.49,1.38,1.38,1.42,1.5,1.38,119.09,116.93,122.83,118.97,118.78,119.02,120.22,117.85,119.27,123.11,0.1,177.94,176.04,0.56,179.81,1.61,53.05,2.78,2.8,2.39,2.4,174.92,50.47,34.07,145.81,170.46,35.66,58.5,60.65,50.47,173.89,-0.71,-0.06,0.34,-0.83,-0.83,0.33,-0.07,-0.08,-0.06,-0.72,-0.25,-0.01,1514.86,1268.57,1281.21,1142.19,1133.9,69.11,55.67,224.42,73.62,49.91,2.99,1.5,2.04,9.68,1.35,11.12,10.56,1.66,8.01,2.99,1.5,2.04,661.57,689.16,14.09,1.75,661.72,4.6,0.1,0.04,0.04,1.27,5.88,-112.25,0.33,-0.49,-0.25,-0.01,1802.87,286.08,248.58,224.67,12.6,1.39,191.27,2.95,1.4,0.38,0.32,92
R103,1.89,1.42,1.39,1.49,1.38,1.39,1.42,1.89,1.38,121.47,116.67,124.23,120.61,120.76,118.79,118.9,116.84,121.35,126.32,5.21,169.6,169.69,2.54,168.55,6.88,55.11,3.06,3.06,2.39,2.39,400.09,53.2,35.15,172.22,168.95,32.68,61.85,62.51,55.18,402.59,1.89,-0.55,0.34,-0.83,-0.83,0.34,-0.08,-0.08,-0.55,1.89,-0.26,-0.02,1500.07,1277.65,1277.65,787.23,787.23,52.93,94.94,94.94,28.57,28.57,6.38,4.21,6.49,5.23,1.35,3.89,4.92,1.35,3.98,6.38,4.21,6.49,822.06,885.7,40.55,1.84,865.09,3.54,0.06,0.03,0.03,1.28,6.02,-103.42,0.28,-0.63,-0.27,0,1744.62,145.59,247.25,231.39,37.66,1.36,211.26,2.92,0.95,0.34,0.29,92
R132,1.09,1.41,1.38,1.49,1.38,1.38,1.41,1.09,1.38,118.39,117.11,122.43,119.56,119.03,119.15,120.4,118.08,118.53,122.76,0.34,177.43,175.45,0.84,178.68,0.02,53.18,2.57,2.59,2.38,2.4,23.23,60.42,35.76,137.65,154.21,37.77,58.46,9.27,62.4,23.34,0.28,-0.28,0.33,-0.83,-0.84,0.31,-0.08,-0.09,-0.28,0.28,-0.25,-0.02,1526.82,1255.72,1281.96,3238.86,3234.43,91.36,137.28,227.58,5.14,6.05,2,1,1,6.43,2.75,3.88,4.54,1.35,6.77,2,1,1,382.76,392.24,19.28,1.48,388.4,3.06,0.23,0.16,0.11,1.34,42.65,89.35,0.15,-0.5,-0.27,0.01,1733.89,52.63,203.37,182.54,21.95,1.31,161.2,5.17,2.3,0.5,0.43,92
R165,1.09,1.41,1.38,1.49,1.38,1.37,1.42,1.09,1.38,118.39,117.82,122.55,118.62,119.08,120.68,119.62,117.82,118.14,122.13,0.06,178.8,178.33,0.62,177.55,0.22,52.28,2.59,2.57,2.39,2.38,23.34,62.07,35.57,146.05,167.21,33.81,60.05,58.99,60.5,23.25,0.27,-0.28,0.32,-0.83,-0.83,0.33,-0.08,-0.09,-0.28,0.27,-0.25,-0.02,1521.67,1252.37,1252.37,3235.76,3237.19,99.89,154.52,154.52,4.27,4.58,2,1,1,8.84,1.47,3.89,4.93,1.35,7.63,2,1,1,408.26,420.03,15.68,1.51,413.46,2.65,0.24,0.11,0.09,1.34,90.82,43.29,-0.51,0.15,-0.25,0.02,1731.24,74.34,232.88,209.46,28.92,1.37,191.23,5.49,2.12,0.28,0.26,92
R187,1.09,1.42,1.37,1.49,1.38,1.37,1.42,1.09,1.38,118.99,119.28,121.78,119.46,119.67,123.36,118.94,115.05,117.83,121.46,0.93,178.68,176.98,3.31,179.43,3.3,63.66,2.63,2.52,2.41,2.35,23.73,62,29.15,225.52,227.07,33.37,61.51,60.66,57.44,23.63,0.27,-0.29,0.35,-0.8,-0.81,0.35,-0.09,-0.09,-0.27,0.27,-0.25,-0.02,1100.12,1305.45,1283.34,3214.82,3201.38,54.41,90.96,120.03,6.64,3.51,2,1,1,8.55,1.35,7.91,8.55,1.35,7.91,2,1,1,799.25,829.05,6.92,1.87,766.9,1.52,0.06,0.04,0.04,1.35,47.5,59.98,-0.17,0.03,-0.27,-0.03,1741.98,217.45,270.21,247.86,44.86,1.42,233.27,2.51,0.88,0.25,0.21,92
R194,1.09,1.43,1.85,1.5,1.39,1.86,1.42,1.09,1.39,119.37,116.92,118.89,121.57,120,117.79,123.01,122.67,119.54,119.51,8.88,176.85,173.4,2.68,179.27,2.68,79.94,2.89,3.03,2.8,2.89,22.91,32.27,21.11,279.74,297.99,19.05,17.47,20.3,34.65,23.92,0.27,-0.25,-0.33,0.9,0.91,-0.33,-0.02,-0.04,-0.25,0.27,-0.25,-0.02,1228.08,1197.56,1173.07,3219.05,3224.22,0.88,1.52,1.48,13.64,3.74,2,1,1,7.12,2.38,5.84,7.12,2.38,5.84,2,1,1,597.92,662.43,0,1.63,622.69,3.09,0.09,0.06,0.06,1.36,88.52,31.39,-0.46,0.27,-0.29,-0.01,1711.63,117.5,193.63,164.58,41.14,1.33,157.17,9.65,2.62,0.53,0.44,92
R244,1.49,1.42,1.39,1.49,1.38,1.39,1.42,1.5,1.38,120.43,116.32,123.86,120.18,119.36,118.87,119.71,116.69,120.16,131.9,7.36,176.48,177.12,1,172.77,8.12,49.8,2.8,2.8,2.39,2.39,51.47,48.52,38.95,184.03,178.96,39.02,61.19,61.49,49.67,51.34,-0.06,-0.07,0.33,-0.83,-0.83,0.33,-0.07,-0.07,-0.07,-0.07,-0.26,-0.03,1503.56,1267.49,1273.27,1536.7,1536.7,34.32,16.35,56.47,12.59,12.59,8.48,3.09,5.68,5.23,1.35,3.89,4.92,1.35,3.98,8.48,3.09,5.68,783.2,811.15,42.5,1.86,752.98,4.13,0.06,0.04,0.03,1.28,10.07,-133.94,0.33,-0.47,-0.26,0,1757.34,294.3,309.19,289.34,13.82,1.46,253.34,3.83,1.27,0.14,0.13,92
R246,1.09,1.41,1.38,1.49,1.38,1.38,1.41,1.08,1.38,118.49,118.13,122.59,118.57,119.32,120.78,119.27,117.08,118.37,122.08,0.06,178.78,178.3,1.39,176.71,0.51,52.7,2.59,2.57,2.39,2.38,23.29,62.28,35.8,162.16,151.78,36.19,60.96,58.97,60.24,23.76,0.27,-0.28,0.32,-0.83,-0.83,0.32,-0.09,-0.08,-0.28,0.27,-0.25,-0.02,1522.69,1279.47,1252.94,3229.41,3243.51,100.07,233.63,101.09,5.97,2.72,2,1,1,5.03,1.35,7.53,10.26,1.92,4.58,2,1,1,427.27,443.34,15.41,1.52,435.46,2.02,0.23,0.11,0.08,1.29,1.11,59.02,0.42,-0.68,-0.28,-0.06,1746.89,496.79,284.25,261.62,14.11,1.44,266.17,17.03,0.43,0.25,0.18,92
R271,1.49,1.42,1.39,1.49,1.38,1.39,1.42,1.49,1.38,120.97,117.08,123.7,119.14,119.14,119.12,119.2,117.17,120.62,130.11,0.18,178.96,177.07,0.54,177.47,2.42,53.07,2.82,2.81,2.4,2.4,48.03,47.19,40.9,183.65,177.79,39.67,60.95,61,47.95,46.64,-0.03,-0.08,0.33,-0.82,-0.83,0.33,-0.07,-0.07,-0.08,-0.03,-0.25,-0.03,1506.25,1280.54,1280.54,1516.58,1516.58,23.3,60.06,60.06,10.89,10.89,8.46,1.52,5.63,5.23,1.35,3.89,4.92,1.35,3.98,8.46,1.52,5.63,654.45,693.04,50.89,1.73,700.73,3.36,0.07,0.04,0.03,1.34,57.91,52.53,-0.24,-0.02,-0.21,0,1762.66,42.06,292.2,280.84,16.07,1.41,253.34,1.59,0.68,0.25,0.19,92
R295,1.5,1.43,1.38,1.49,1.38,1.38,1.42,1.5,1.38,119.09,116.93,122.83,118.97,118.78,119.02,120.22,117.85,119.27,123.11,0.1,177.94,176.04,0.56,179.81,1.61,53.05,2.78,2.8,2.39,2.4,174.92,50.47,34.07,145.81,170.46,35.66,58.5,60.65,50.47,173.89,-0.71,-0.06,0.34,-0.83,-0.83,0.33,-0.07,-0.08,-0.06,-0.72,-0.25,-0.01,1514.86,1268.57,1281.21,1142.19,1133.9,69.11,55.67,224.42,73.62,49.91,2.99,1.5,2.04,9.68,1.35,11.12,10.56,1.66,8.01,2.99,1.5,2.04,661.57,689.16,14.09,1.75,661.72,4.6,0.1,0.04,0.04,1.28,16.46,-104.16,0.33,-0.49,-0.26,-0.01,1754.7,407.01,270.21,253.03,12.83,1.4,225.29,4.58,1.89,0.17,0.16,92
R330,1.09,1.41,1.38,1.49,1.38,1.38,1.41,1.08,1.38,118.49,118.13,122.59,118.57,119.32,120.78,119.27,117.08,118.37,122.08,0.06,178.78,178.3,1.39,176.71,0.51,52.7,2.59,2.57,2.39,2.38,23.29,62.28,35.8,162.16,151.78,36.19,60.96,58.97,60.24,23.76,0.27,-0.28,0.32,-0.83,-0.83,0.32,-0.09,-0.08,-0.28,0.27,-0.25,-0.02,1522.69,1279.47,1252.94,3229.41,3243.51,100.07,233.63,101.09,5.97,2.72,2,1,1,5.03,1.35,7.53,10.26,1.92,4.58,2,1,1,427.27,443.34,15.41,1.52,435.46,2.02,0.23,0.11,0.08,1.29,0.96,56.7,0.42,-0.68,-0.27,-0.06,1746.95,486.86,318.21,293.16,14.75,1.49,334.17,16.05,0.38,0.14,0.12,92
R351,1.09,1.42,1.37,1.49,1.38,1.37,1.42,1.09,1.38,118.99,119.28,121.78,119.46,119.67,123.36,118.94,115.05,117.83,121.46,0.93,178.68,176.98,3.31,179.43,3.3,63.66,2.63,2.52,2.41,2.35,23.73,62,29.15,225.52,227.07,33.37,61.51,60.66,57.44,23.63,0.27,-0.29,0.35,-0.8,-0.81,0.35,-0.09,-0.09,-0.27,0.27,-0.25,-0.02,1100.12,1305.45,1283.34,3214.82,3201.38,54.41,90.96,120.03,6.64,3.51,2,1,1,8.55,1.35,7.91,8.55,1.35,7.91,2,1,1,799.25,829.05,6.92,1.87,766.9,1.52,0.06,0.04,0.04,1.35,49.31,58.28,-0.18,0.04,-0.27,-0.03,1745.18,183.77,249.99,229.41,44.78,1.38,219.24,2.13,0.91,0.33,0.26,92
R353,1.49,1.42,1.39,1.49,1.38,1.39,1.42,1.49,1.38,120.86,117.03,123.74,119.32,118.94,119.22,119.2,116.97,120.52,129.27,0.78,178.87,178.65,0.79,178.11,0.53,52.45,2.82,2.81,2.39,2.39,51.53,49.44,39.7,184.4,178.22,38.49,60.68,60.86,50.33,51.01,-0.01,-0.08,0.33,-0.82,-0.83,0.33,-0.07,-0.07,-0.09,-0.01,-0.23,-0.04,1505.32,1276.54,1276.54,1516.81,1516.81,47.38,119.67,119.67,6.97,6.97,6.4,1.53,5.61,5.23,1.35,3.89,4.92,1.35,3.98,6.4,1.53,5.61,650.7,692.74,49.81,1.72,700.73,3.71,0.07,0.04,0.04,1.34,39.97,80.58,0.14,-0.46,-0.28,-0.01,1738.96,109.81,216.07,195.43,25.5,1.33,195.65,3.1,1.47,0.36,0.32,92
R355,1.09,1.41,1.38,1.49,1.38,1.37,1.41,1.09,1.38,118.47,117.77,122.55,118.5,118.63,120.18,119.65,117.77,118.3,122.3,0.64,178.79,178.7,0.71,178.28,0.65,52.59,2.59,2.58,2.39,2.39,23.35,62.15,35.66,140.62,171.02,34.78,59.36,58.71,60.88,23.38,0.27,-0.28,0.32,-0.83,-0.83,0.32,-0.08,-0.09,-0.28,0.27,-0.25,-0.02,1523.48,1386.47,1386.47,3224.64,3230.77,95.25,157.78,157.78,5.26,8.49,2,1,1,6.57,1.35,3.87,4.58,1.35,5.49,2,1,1,354.56,360.63,15.63,1.45,359.37,2.33,0.26,0.2,0.13,1.33,51.89,50.27,-0.36,-0.16,-0.32,0,1752.73,50.1,191.24,161.83,39.33,1.33,158.15,3.83,2.56,0.51,0.44,92
R227,1.49,1.43,1.38,1.49,1.38,1.36,1.44,1.49,1.38,120.02,118.38,121.94,120.1,120.23,123.64,119.54,114.79,122.14,121.49,6.16,178.26,175.58,5.46,173.14,9.92,79.75,2.83,2.81,2.41,2.36,43.03,42.76,29.13,235.07,222.47,35.5,62.22,57.72,48.74,44,-0.06,-0.08,0.37,-0.81,-0.81,0.37,-0.1,-0.08,-0.07,-0.06,-0.25,-0.01,1113.68,1285,1285,1337.08,1337.08,3.74,98.12,98.12,17.66,17.66,6.36,1.5,3.15,7.48,1.52,6.53,7.48,1.52,6.53,6.36,1.5,3.15,762.46,845.38,6.56,1.76,806.88,1.18,0.06,0.04,0.04,1.34,54.08,56.81,-0.2,0.05,-0.28,-0.04,1752.05,107.03,270.12,247.62,44.38,1.42,298.14,3.96,0.62,0.18,0.16,92.6
R24,1.09,1.41,1.38,1.49,1.38,1.38,1.41,1.08,1.38,118.44,117.08,122.8,119.41,118.85,119.43,120.12,117.75,118.62,122.81,0.57,178.52,178.36,1.18,178.64,0.16,53.02,2.57,2.59,2.39,2.39,23.29,62.18,36.45,140.96,164,37.9,59.17,0.06,62.64,23.34,0.28,-0.28,0.31,-0.83,-0.84,0.31,-0.08,-0.08,-0.28,0.28,-0.26,-0.02,1522.86,1248.57,1276.28,3230.15,3225.97,82.68,124.92,212.82,1.73,2.49,2,1,1,6.39,1.52,4.95,4.03,1.35,7.29,2,1,1,365.23,369.76,21.3,1.47,394.79,2.17,0.23,0.15,0.11,1.34,42.65,89.35,0.15,-0.5,-0.27,0.01,1733.89,52.63,203.37,182.54,21.95,1.31,161.2,5.17,2.3,0.5,0.43,92.7
R28,1.89,1.42,1.39,1.49,1.38,1.39,1.42,1.89,1.38,121.47,116.67,124.23,120.61,120.76,118.79,118.9,116.84,121.35,126.32,5.21,169.6,169.69,2.54,168.55,6.88,55.11,3.06,3.06,2.39,2.39,400.09,53.2,35.15,172.22,168.95,32.68,61.85,62.51,55.18,402.59,1.89,-0.55,0.34,-0.83,-0.83,0.34,-0.08,-0.08,-0.55,1.89,-0.26,-0.02,1500.07,1277.65,1277.65,787.23,787.23,52.93,94.94,94.94,28.57,28.57,6.38,4.21,6.49,5.23,1.35,3.89,4.92,1.35,3.98,6.38,4.21,6.49,822.06,885.7,40.55,1.84,865.09,3.54,0.06,0.03,0.03,1.28,7.77,-99.24,0.28,-0.63,-0.27,0,1745.88,155.16,317.74,305.35,44.13,1.45,289.33,1.59,0.95,0.11,0.1,93
R52,1.5,1.43,1.38,1.49,1.38,1.38,1.42,1.5,1.38,119.09,116.93,122.83,118.97,118.78,119.02,120.22,117.85,119.27,123.11,0.1,177.94,176.04,0.56,179.81,1.61,53.05,2.78,2.8,2.39,2.4,174.92,50.47,34.07,145.81,170.46,35.66,58.5,60.65,50.47,173.89,-0.71,-0.06,0.34,-0.83,-0.83,0.33,-0.07,-0.08,-0.06,-0.72,-0.25,-0.01,1514.86,1268.57,1281.21,1142.19,1133.9,69.11,55.67,224.42,73.62,49.91,2.99,1.5,2.04,9.68,1.35,11.12,10.56,1.66,8.01,2.99,1.5,2.04,661.57,689.16,14.09,1.75,661.72,4.6,0.1,0.04,0.04,1.28,15.13,-112.83,0.33,-0.48,-0.28,-0.05,1759.71,378.98,240.76,226.14,5.89,1.34,195.26,2.59,2,0.27,0.25,93
R67,1.5,1.43,1.38,1.49,1.38,1.38,1.42,1.5,1.38,119.09,116.93,122.83,118.97,118.78,119.02,120.22,117.85,119.27,123.11,0.1,177.94,176.04,0.56,179.81,1.61,53.05,2.78,2.8,2.39,2.4,174.92,50.47,34.07,145.81,170.46,35.66,58.5,60.65,50.47,173.89,-0.71,-0.06,0.34,-0.83,-0.83,0.33,-0.07,-0.08,-0.06,-0.72,-0.25,-0.01,1514.86,1268.57,1281.21,1142.19,1133.9,69.11,55.67,224.42,73.62,49.91,2.99,1.5,2.04,9.68,1.35,11.12,10.56,1.66,8.01,2.99,1.5,2.04,661.57,689.16,14.09,1.75,661.72,4.6,0.1,0.04,0.04,1.28,17.14,-118.45,0.33,-0.48,-0.27,-0.05,1763.72,315.52,270.97,253.18,5.8,1.4,264.15,5.46,1.03,0.15,0.14,93
R74,1.09,1.41,1.38,1.49,1.38,1.38,1.41,1.08,1.38,118.49,118.13,122.59,118.57,119.32,120.78,119.27,117.08,118.37,122.08,0.06,178.78,178.3,1.39,176.71,0.51,52.7,2.59,2.57,2.39,2.38,23.29,62.28,35.8,162.16,151.78,36.19,60.96,58.97,60.24,23.76,0.27,-0.28,0.32,-0.83,-0.83,0.32,-0.09,-0.08,-0.28,0.27,-0.25,-0.02,1522.69,1279.47,1252.94,3229.41,3243.51,100.07,233.63,101.09,5.97,2.72,2,1,1,5.03,1.35,7.53,10.26,1.92,4.58,2,1,1,427.27,443.34,15.41,1.52,435.46,2.02,0.23,0.11,0.08,1.3,3.39,67.78,0.41,-0.7,-0.28,-0.05,1741,410.18,293.73,270.25,21.15,1.45,282.17,15.46,0.41,0.2,0.15,93
R75,1.49,1.42,1.38,1.49,1.38,1.36,1.44,1.49,1.38,119.72,118.47,121.79,121,121.18,125.46,119.72,113.46,121.82,121.07,3.68,178,176.73,7.78,172.25,8.84,88.54,2.82,2.77,2.41,2.34,42.33,44.09,27.61,233.54,211.91,35.69,65.35,57.79,49.75,43.69,-0.06,-0.08,0.37,-0.81,-0.8,0.38,-0.11,-0.09,-0.07,-0.06,-0.24,-0.01,1113.53,1246.67,1246.67,1283.57,1283.57,14.06,176.87,176.87,124.14,124.14,6.36,1.5,3.15,8.55,1.35,7.91,8.55,1.35,7.91,6.36,1.5,3.15,896.35,988.69,6.94,1.87,919.1,1.54,0.04,0.03,0.03,1.33,86.86,47.29,-0.47,0.05,-0.29,0.02,1753.9,139.7,172.01,145.99,44.2,1.28,143.14,6.34,2.04,1.01,0.92,93
R79,1.89,1.42,1.39,1.49,1.38,1.39,1.42,1.89,1.38,121.47,116.67,124.23,120.61,120.76,118.79,118.9,116.84,121.35,126.32,5.21,169.6,169.69,2.54,168.55,6.88,55.11,3.06,3.06,2.39,2.39,400.09,53.2,35.15,172.22,168.95,32.68,61.85,62.51,55.18,402.59,1.89,-0.55,0.34,-0.83,-0.83,0.34,-0.08,-0.08,-0.55,1.89,-0.26,-0.02,1500.07,1277.65,1277.65,787.23,787.23,52.93,94.94,94.94,28.57,28.57,6.38,4.21,6.49,5.23,1.35,3.89,4.92,1.35,3.98,6.38,4.21,6.49,822.06,885.7,40.55,1.84,865.09,3.54,0.06,0.03,0.03,1.28,7.31,-106.93,0.28,-0.63,-0.27,-0.01,1748.06,153.87,242.79,226.73,37.57,1.35,231.68,2.42,1.14,0.23,0.2,93
R135,1.09,1.41,1.38,1.49,1.38,1.39,1.41,1.08,1.38,118.46,118.1,122.56,118.71,119.33,119.99,119.34,117.06,118.48,122.91,0.4,178.54,177.32,1.14,178.89,1.15,52.76,2.59,2.57,2.39,2.39,23.36,62.27,37.43,149.46,158.84,36.2,59.73,8.65,61.14,23.25,0.27,-0.28,0.31,-0.84,-0.83,0.32,-0.08,-0.08,-0.27,0.28,-0.25,-0.02,1523.02,1275.69,1247.14,3235.88,3234.4,79.29,202.64,119.74,3.12,2.8,2,1,1,8.9,1.35,6.62,9.03,1.35,5.92,2,1,1,431.56,429.21,21.93,1.57,416.46,1.55,0.24,0.09,0.08,1.34,42.3,87.39,0.15,-0.5,-0.26,-0.01,1734.78,47.04,250.47,233.86,22.08,1.36,211.26,5.17,1.68,0.24,0.21,93
R155,1.89,1.42,1.39,1.49,1.38,1.39,1.42,1.89,1.38,121.47,116.67,124.23,120.61,120.76,118.79,118.9,116.84,121.35,126.32,5.21,169.6,169.69,2.54,168.55,6.88,55.11,3.06,3.06,2.39,2.39,400.09,53.2,35.15,172.22,168.95,32.68,61.85,62.51,55.18,402.59,1.89,-0.55,0.34,-0.83,-0.83,0.34,-0.08,-0.08,-0.55,1.89,-0.26,-0.02,1500.07,1277.65,1277.65,787.23,787.23,52.93,94.94,94.94,28.57,28.57,6.38,4.21,6.49,5.23,1.35,3.89,4.92,1.35,3.98,6.38,4.21,6.49,822.06,885.7,40.55,1.84,865.09,3.54,0.06,0.03,0.03,1.27,6.95,-106.24,0.28,-0.63,-0.27,-0.01,1747.41,135.79,267.41,249.4,37.68,1.4,290.16,2.75,0.46,0.23,0.18,93
R182,1.09,1.41,1.37,1.49,1.38,1.38,1.41,1.09,1.38,118.29,117.64,122.25,118.76,118.48,119.61,120.11,117.91,118.46,122.45,0.25,178.41,178.36,0.04,178.64,0.49,52.67,2.58,2.59,2.39,2.39,23.3,61.12,34.48,141.59,169.68,35.55,58.62,59.44,62.03,23.31,0.27,-0.28,0.32,-0.83,-0.83,0.32,-0.08,-0.09,-0.28,0.27,-0.25,-0.02,1521.61,1252,1280.81,3225.36,3233.88,104.79,45.37,141.12,5.43,10.07,2,1,1,7.75,2.01,3.87,4.65,1.35,7.56,2,1,1,392.82,402.68,15.6,1.49,399.43,2.59,0.24,0.13,0.1,1.28,12.51,-96.94,0.34,-0.49,-0.25,-0.02,1762.6,389.71,287.59,270.83,10.78,1.42,239.32,3.02,0.88,0.21,0.19,93
R188,1.49,1.43,1.38,1.49,1.38,1.37,1.43,1.49,1.38,121.56,119.48,121.56,120.98,120.03,122.67,118.96,116.11,121.97,121.14,3.49,176.17,175.1,8.46,177.17,5.91,73.91,2.89,2.83,2.43,2.38,44.48,43.48,30.97,228.77,227.93,36.38,59.86,58.22,44.65,44.08,-0.06,-0.08,0.36,-0.81,-0.81,0.36,-0.09,-0.08,-0.07,-0.05,-0.25,-0.02,1050.05,1269.46,1269.46,1211.73,1211.73,61.95,241.46,241.46,98.16,98.16,6.33,1.62,4.37,7.48,1.52,6.53,7.48,1.52,6.53,6.33,1.62,4.37,823.83,917.16,6.67,1.8,862.99,1.12,0.05,0.04,0.03,1.35,83.75,32.99,-0.4,0.24,-0.29,-0.04,1679.61,1029.09,290.33,264.83,41.98,1.46,312.16,1.41,0.76,0.12,0.11,93
R190,1.09,1.43,1.85,1.5,1.39,1.86,1.42,1.09,1.39,119.37,116.92,118.89,121.57,120,117.79,123.01,122.67,119.54,119.51,8.88,176.85,173.4,2.68,179.27,2.68,79.94,2.89,3.03,2.8,2.89,22.91,32.27,21.11,279.74,297.99,19.05,17.47,20.3,34.65,23.92,0.27,-0.25,-0.33,0.9,0.91,-0.33,-0.02,-0.04,-0.25,0.27,-0.25,-0.02,1228.08,1197.56,1173.07,3219.05,3224.22,0.88,1.52,1.48,13.64,3.74,2,1,1,7.12,2.38,5.84,7.12,2.38,5.84,2,1,1,597.92,662.43,0,1.63,622.69,3.09,0.09,0.06,0.06,1.35,12.5,68.72,0.1,-0.42,-0.31,0,1729.68,370.22,164.43,137.19,52.81,1.28,130.14,5.08,3.91,0.69,0.62,93
R215,1.09,1.41,1.38,1.49,1.38,1.37,1.42,1.09,1.38,118.39,117.82,122.55,118.62,119.08,120.68,119.62,117.82,118.14,122.13,0.06,178.8,178.33,0.62,177.55,0.22,52.28,2.59,2.57,2.39,2.38,23.34,62.07,35.57,146.05,167.21,33.81,60.05,58.99,60.5,23.25,0.27,-0.28,0.32,-0.83,-0.83,0.33,-0.08,-0.09,-0.28,0.27,-0.25,-0.02,1521.67,1252.37,1252.37,3235.76,3237.19,99.89,154.52,154.52,4.27,4.58,2,1,1,8.84,1.47,3.89,4.93,1.35,7.63,2,1,1,408.26,420.03,15.68,1.51,413.46,2.65,0.24,0.11,0.09,1.33,51.89,50.27,-0.36,-0.16,-0.32,0,1752.73,50.1,191.24,161.83,39.33,1.33,158.15,3.83,2.56,0.51,0.44,93
R220,1.5,1.43,1.38,1.49,1.38,1.38,1.42,1.5,1.38,119.09,116.93,122.83,118.97,118.78,119.02,120.22,117.85,119.27,123.11,0.1,177.94,176.04,0.56,179.81,1.61,53.05,2.78,2.8,2.39,2.4,174.92,50.47,34.07,145.81,170.46,35.66,58.5,60.65,50.47,173.89,-0.71,-0.06,0.34,-0.83,-0.83,0.33,-0.07,-0.08,-0.06,-0.72,-0.25,-0.01,1514.86,1268.57,1281.21,1142.19,1133.9,69.11,55.67,224.42,73.62,49.91,2.99,1.5,2.04,9.68,1.35,11.12,10.56,1.66,8.01,2.99,1.5,2.04,661.57,689.16,14.09,1.75,661.72,4.6,0.1,0.04,0.04,1.28,16.13,-127.69,0.33,-0.47,-0.27,-0.06,1764.28,222.5,265.88,247.43,44.46,1.39,240.26,6.42,1.62,0.15,0.14,93
R329,1.89,1.42,1.39,1.49,1.38,1.39,1.42,1.89,1.38,121.47,116.67,124.23,120.61,120.76,118.79,118.9,116.84,121.35,126.32,5.21,169.6,169.69,2.54,168.55,6.88,55.11,3.06,3.06,2.39,2.39,400.09,53.2,35.15,172.22,168.95,32.68,61.85,62.51,55.18,402.59,1.89,-0.55,0.34,-0.83,-0.83,0.34,-0.08,-0.08,-0.55,1.89,-0.26,-0.02,1500.07,1277.65,1277.65,787.23,787.23,52.93,94.94,94.94,28.57,28.57,6.38,4.21,6.49,5.23,1.35,3.89,4.92,1.35,3.98,6.38,4.21,6.49,822.06,885.7,40.55,1.84,865.09,3.54,0.06,0.03,0.03,1.28,6.22,-103.85,0.28,-0.63,-0.26,0,1747.47,156.71,327.51,315.02,37.64,1.46,287.36,2.55,0.5,0.14,0.12,93
R347,1.09,1.43,1.85,1.5,1.39,1.86,1.42,1.09,1.39,119.31,117.17,118.86,121.45,120.04,117.7,122.8,122.76,119.44,119.51,8.94,176.89,174.09,3.21,179.06,3.02,80.1,2.9,3.03,2.81,2.89,23.02,54.02,41.63,365.63,383.84,39.55,37.46,42.18,55.15,23.97,0.27,-0.25,-0.33,0.9,0.91,-0.33,-0.02,-0.04,-0.25,0.26,-0.25,-0.02,1228.24,1197.77,1173.17,3218.98,3224.16,0.86,1.58,1.38,2.12,7.92,2,1,1,7.12,2.38,5.84,7.12,2.38,5.84,2,1,1,597.86,662.41,0,1.63,622.69,3.05,0.09,0.06,0.06,1.34,45.45,55.79,-0.16,0.03,-0.28,-0.03,1739.2,256.68,300.87,292.86,45.76,1.41,281.31,2.68,0.48,0.25,0.22,93
R348,1.89,1.42,1.39,1.49,1.38,1.39,1.42,1.89,1.38,121.47,116.67,124.23,120.61,120.76,118.79,118.9,116.84,121.35,126.32,5.21,169.6,169.69,2.54,168.55,6.88,55.11,3.06,3.06,2.39,2.39,400.09,53.2,35.15,172.22,168.95,32.68,61.85,62.51,55.18,402.59,1.89,-0.55,0.34,-0.83,-0.83,0.34,-0.08,-0.08,-0.55,1.89,-0.26,-0.02,1500.07,1277.65,1277.65,787.23,787.23,52.93,94.94,94.94,28.57,28.57,6.38,4.21,6.49,5.23,1.35,3.89,4.92,1.35,3.98,6.38,4.21,6.49,822.06,885.7,40.55,1.84,865.09,3.54,0.06,0.03,0.03,1.28,6.12,-105.4,0.28,-0.63,-0.26,-0.01,1745.24,179.52,306.67,296.42,37.6,1.43,273.33,2.33,0.42,0.21,0.15,93
R349,1.49,1.42,1.39,1.49,1.38,1.39,1.42,1.5,1.38,120.43,116.32,123.86,120.18,119.36,118.87,119.71,116.69,120.16,131.9,7.36,176.48,177.12,1,172.77,8.12,49.8,2.8,2.8,2.39,2.39,51.47,48.52,38.95,184.03,178.96,39.02,61.19,61.49,49.67,51.34,-0.06,-0.07,0.33,-0.83,-0.83,0.33,-0.07,-0.07,-0.07,-0.07,-0.26,-0.03,1503.56,1267.49,1273.27,1536.7,1536.7,34.32,16.35,56.47,12.59,12.59,8.48,3.09,5.68,5.23,1.35,3.89,4.92,1.35,3.98,8.48,3.09,5.68,783.2,811.15,42.5,1.86,752.98,4.13,0.06,0.04,0.03,1.28,9.33,-137.86,0.33,-0.46,-0.26,0,1759.85,279.4,289.42,271.12,13.88,1.43,239.32,3.76,1.34,0.17,0.16,93
R360,1.89,1.42,1.39,1.49,1.38,1.39,1.42,1.89,1.38,121.47,116.67,124.23,120.61,120.76,118.79,118.9,116.84,121.35,126.32,5.21,169.6,169.69,2.54,168.55,6.88,55.11,3.06,3.06,2.39,2.39,400.09,53.2,35.15,172.22,168.95,32.68,61.85,62.51,55.18,402.59,1.89,-0.55,0.34,-0.83,-0.83,0.34,-0.08,-0.08,-0.55,1.89,-0.26,-0.02,1500.07,1277.65,1277.65,787.23,787.23,52.93,94.94,94.94,28.57,28.57,6.38,4.21,6.49,5.23,1.35,3.89,4.92,1.35,3.98,6.38,4.21,6.49,822.06,885.7,40.55,1.84,865.09,3.54,0.06,0.03,0.03,1.27,7.39,-116.51,0.27,-0.62,-0.28,-0.05,1754.05,110.41,252.43,234.45,76.14,1.37,242.23,4.9,1.04,0.2,0.18,93
R364,1.09,1.41,1.38,1.49,1.38,1.38,1.41,1.09,1.38,118.52,117.94,122.49,118.43,118.56,120.05,119.55,117.94,118.36,122.34,0.22,178.66,178.87,0.51,178.71,0.63,52.79,2.59,2.58,2.39,2.39,23.34,62.04,35.74,141.47,172.69,34.82,59.31,58.56,61.09,23.28,0.27,-0.28,0.32,-0.83,-0.83,0.32,-0.08,-0.09,-0.28,0.27,-0.25,-0.02,1526.26,1384.46,1384.46,3232.51,3223.89,97.91,163.72,163.72,6.73,5.36,2,1,1,9.98,2.57,3.87,5.29,1.35,9.75,2,1,1,434.28,449.7,15.51,1.53,447.47,2.21,0.23,0.08,0.07,1.34,87.83,44.15,-0.49,0.14,-0.27,0,1734.31,52.87,218.94,196.14,21.97,1.34,195.65,3.63,2.11,0.28,0.25,93
R367,1.09,1.43,1.85,1.5,1.39,1.86,1.42,1.09,1.39,119.37,116.92,118.89,121.57,120,117.79,123.01,122.67,119.54,119.51,8.88,176.85,173.4,2.68,179.27,2.68,79.94,2.89,3.03,2.8,2.89,22.91,32.27,21.11,279.74,297.99,19.05,17.47,20.3,34.65,23.92,0.27,-0.25,-0.33,0.9,0.91,-0.33,-0.02,-0.04,-0.25,0.27,-0.25,-0.02,1228.08,1197.56,1173.07,3219.05,3224.22,0.88,1.52,1.48,13.64,3.74,2,1,1,7.12,2.38,5.84,7.12,2.38,5.84,2,1,1,597.92,662.43,0,1.63,622.69,3.09,0.09,0.06,0.06,1.34,12.66,69.33,0.08,-0.41,-0.32,0,1743.04,276.91,145.07,119.03,52.31,1.24,116.12,7.73,4.71,1.06,0.91,93
R17,1.09,1.41,1.38,1.49,1.38,1.38,1.41,1.09,1.38,118.51,118.02,122.63,118.38,118.95,119.88,119.33,117.35,118.59,122.75,0.14,178.69,177.79,1.21,178.94,0.63,52.35,2.59,2.58,2.39,2.39,23.31,62.34,37.5,151.47,149.26,36.67,59.33,8.48,61.2,23.26,0.27,-0.28,0.31,-0.83,-0.83,0.32,-0.08,-0.08,-0.27,0.27,-0.25,-0.02,1521.54,1277.51,1249.12,3228.44,3237.58,88.9,182.93,118.04,3.17,3.34,2,1,1,5.26,1.35,6.98,7.24,1.35,6.34,2,1,1,393.55,392.95,22.61,1.52,388.4,1.19,0.26,0.13,0.1,1.34,42.65,89.35,0.15,-0.5,-0.27,0.01,1733.89,52.63,203.37,182.54,21.95,1.31,161.2,5.17,2.3,0.5,0.43,93.1
R12,1.09,1.41,1.38,1.49,1.38,1.38,1.41,1.09,1.38,118.51,116.98,122.82,119.1,118.74,119.48,120.19,117.79,118.55,122.73,0.18,178.77,178.18,0.23,178.79,0.02,52.68,2.57,2.59,2.38,2.39,24.18,61.25,35.95,140.38,161.51,37.09,58.85,0.3,62.23,23.21,0.28,-0.28,0.32,-0.83,-0.84,0.31,-0.08,-0.08,-0.28,0.28,-0.25,-0.02,1521.65,1246.64,1276.1,3225.14,3211.38,84.21,145.66,212.34,2.91,2.64,2,1,1,4.77,1.35,9.04,5.45,1.35,8.08,2,1,1,425.38,439.15,20.6,1.52,436.45,3.15,0.24,0.1,0.08,1.34,53.58,79.9,0.03,-0.44,-0.29,0,1740.59,88.62,175.48,146.85,41.41,1.3,143.14,3.49,3.39,0.69,0.58,93.3
R31,1.49,1.43,1.38,1.49,1.38,1.36,1.44,1.49,1.38,120.02,118.38,121.94,120.1,120.23,123.64,119.54,114.79,122.14,121.49,6.16,178.26,175.58,5.46,173.14,9.92,79.75,2.83,2.81,2.41,2.36,43.03,42.76,29.13,235.07,222.47,35.5,62.22,57.72,48.74,44,-0.06,-0.08,0.37,-0.81,-0.81,0.37,-0.1,-0.08,-0.07,-0.06,-0.25,-0.01,1113.68,1285,1285,1337.08,1337.08,3.74,98.12,98.12,17.66,17.66,6.36,1.5,3.15,7.48,1.52,6.53,7.48,1.52,6.53,6.36,1.5,3.15,762.46,845.38,6.56,1.76,806.88,1.18,0.06,0.04,0.04,1.35,50.45,59.59,-0.18,0.04,-0.27,-0.03,1748.05,114.53,255.57,234.09,44.55,1.39,237.23,2.41,0.88,0.24,0.2,93.4
R225,1.08,1.42,1.38,1.49,1.38,1.38,1.41,1.09,1.38,118.24,116.39,122.09,119.72,119.02,119.1,121.43,118.12,118.5,122.77,1.82,174.58,172.85,0.71,178.93,0.76,53.26,2.56,2.6,2.37,2.4,23.3,60.96,35.25,144.54,148.47,37.98,58.69,0.09,62.07,23.38,0.28,-0.29,0.33,-0.84,-0.83,0.31,-0.08,-0.09,-0.28,0.28,-0.25,-0.02,1525.6,1253.13,1278.66,3247.6,3232.28,86.69,134.12,189.22,2.22,4.14,2,1,1,6.8,1.35,4.84,4.48,1.35,6.14,2,1,1,382.79,391.99,20.42,1.48,388.4,3.08,0.24,0.16,0.11,1.34,42.3,87.39,0.15,-0.5,-0.26,-0.01,1734.78,47.04,250.47,233.86,22.08,1.36,211.26,5.17,1.68,0.24,0.21,93.4
R15,1.09,1.41,1.38,1.49,1.38,1.39,1.41,1.08,1.38,118.46,118.1,122.56,118.71,119.33,119.99,119.34,117.06,118.48,122.91,0.4,178.54,177.32,1.14,178.89,1.15,52.76,2.59,2.57,2.39,2.39,23.36,62.27,37.43,149.46,158.84,36.2,59.73,8.65,61.14,23.25,0.27,-0.28,0.31,-0.84,-0.83,0.32,-0.08,-0.08,-0.27,0.28,-0.25,-0.02,1523.02,1275.69,1247.14,3235.88,3234.4,79.29,202.64,119.74,3.12,2.8,2,1,1,8.9,1.35,6.62,9.03,1.35,5.92,2,1,1,431.56,429.21,21.93,1.57,416.46,1.55,0.24,0.09,0.08,1.34,42.65,89.35,0.15,-0.5,-0.27,0.01,1733.89,52.63,203.37,182.54,21.95,1.31,161.2,5.17,2.3,0.5,0.43,93.7
R18,1.09,1.41,1.38,1.49,1.38,1.39,1.41,1.08,1.38,118.49,118.18,122.55,118.52,119.07,119.98,119.26,117.08,118.47,122.91,0.28,178.8,178.36,0.87,179.08,0.84,52.63,2.6,2.58,2.4,2.39,23.37,62.17,37.37,146.71,158.71,36.44,59.43,8.47,60.9,23.22,0.27,-0.28,0.31,-0.84,-0.83,0.32,-0.08,-0.08,-0.27,0.28,-0.25,-0.02,1522.17,1276.24,1246.4,3229.32,3231.65,85.48,185.77,118.34,2.99,4.03,2,1,1,7.84,1.35,6.69,8.04,1.35,5.25,2,1,1,397.17,400.06,22.46,1.51,400.41,1.59,0.24,0.12,0.09,1.34,42.65,89.35,0.15,-0.5,-0.27,0.01,1733.89,52.63,203.37,182.54,21.95,1.31,161.2,5.17,2.3,0.5,0.43,93.7
R29,1.09,1.41,1.38,1.49,1.38,1.38,1.41,1.09,1.38,118.51,118.05,122.66,118.49,119.08,120.12,119.27,117.17,118.55,122.67,0.13,178.63,177.91,0.37,177.75,0.01,52.5,2.59,2.58,2.39,2.39,23.29,62.32,37.53,151.32,149.31,36.7,59.44,8.68,61.25,23.11,0.27,-0.28,0.31,-0.83,-0.83,0.32,-0.08,-0.08,-0.28,0.27,-0.25,-0.02,1522.29,1278.2,1248.94,3228.63,3224.95,94.95,171.4,119.27,2.72,3.85,2,1,1,8.46,1.79,4.22,7.93,1.35,6.29,2,1,1,410.25,410.6,22.42,1.54,402.43,0.95,0.25,0.12,0.09,1.34,42.3,87.39,0.15,-0.5,-0.26,-0.01,1734.78,47.04,250.47,233.86,22.08,1.36,211.26,5.17,1.68,0.24,0.21,93.7
R37,1.09,1.41,1.38,1.49,1.38,1.38,1.41,1.09,1.38,118.7,117.19,122.83,119.09,118.82,119.31,119.96,117.92,118.54,122.75,0.36,178.79,177.74,0.2,178.69,0.18,53.13,2.58,2.59,2.39,2.39,24.64,59.73,37.92,146.6,159.64,38.06,58.54,9.63,62.47,23.31,0.28,-0.27,0.32,-0.83,-0.83,0.31,-0.08,-0.08,-0.28,0.28,-0.25,-0.02,1523.86,1248.29,1277.51,3226.68,3232.26,84.95,119.09,174.4,3.68,1.93,2,1,1,9.52,1.35,6.95,6.01,1.35,7.95,2,1,1,462.6,467.35,28.14,1.59,466.47,0.89,0.07,0.11,0.06,1.33,49.8,52.44,-0.15,-0.36,-0.33,0,1749.08,25.91,191.37,161.86,39.51,1.33,158.15,1.4,3.49,0.46,0.42,93.9
R53,1.89,1.42,1.4,1.49,1.38,1.39,1.42,1.89,1.38,121.11,116.7,124.37,120.55,120.87,118.64,118.73,116.83,121.24,126.24,7.74,167.1,168.81,2.3,168.21,6.99,55.7,3.05,3.06,2.4,2.4,402.95,54.42,35.93,172.89,172.17,33.49,62.08,62.33,55.81,404.08,1.89,-0.55,0.33,-0.83,-0.83,0.34,-0.08,-0.07,-0.56,1.89,-0.26,-0.03,1498.46,1269.92,1269.92,786.88,786.88,70.27,140.14,140.14,40.73,40.73,6.38,4.21,6.49,5.23,1.35,3.89,4.92,1.35,3.98,6.38,4.21,6.49,826.32,886.44,42.5,1.85,865.09,4.54,0.06,0.03,0.03,1.28,4.07,-89.73,0.29,-0.67,-0.27,-0.01,1738.88,247.88,227.51,213.27,37.77,1.32,197.24,3.03,1.26,0.38,0.34,94
R69,1.5,1.43,1.38,1.49,1.38,1.38,1.42,1.5,1.38,119.09,116.93,122.83,118.97,118.78,119.02,120.22,117.85,119.27,123.11,0.1,177.94,176.04,0.56,179.81,1.61,53.05,2.78,2.8,2.39,2.4,174.92,50.47,34.07,145.81,170.46,35.66,58.5,60.65,50.47,173.89,-0.71,-0.06,0.34,-0.83,-0.83,0.33,-0.07,-0.08,-0.06,-0.72,-0.25,-0.01,1514.86,1268.57,1281.21,1142.19,1133.9,69.11,55.67,224.42,73.62,49.91,2.99,1.5,2.04,9.68,1.35,11.12,10.56,1.66,8.01,2.99,1.5,2.04,661.57,689.16,14.09,1.75,661.72,4.6,0.1,0.04,0.04,1.28,16.18,-115.13,0.33,-0.48,-0.25,-0.02,1760.9,356.22,256.31,239.73,5.87,1.37,229.71,3.36,1.87,0.17,0.16,94
R77,1.09,1.41,1.37,1.49,1.38,1.38,1.41,1.09,1.38,118.29,117.64,122.25,118.76,118.48,119.61,120.11,117.91,118.46,122.45,0.25,178.41,178.36,0.04,178.64,0.49,52.67,2.58,2.59,2.39,2.39,23.3,61.12,34.48,141.59,169.68,35.55,58.62,59.44,62.03,23.31,0.27,-0.28,0.32,-0.83,-0.83,0.32,-0.08,-0.09,-0.28,0.27,-0.25,-0.02,1521.61,1252,1280.81,3225.36,3233.88,104.79,45.37,141.12,5.43,10.07,2,1,1,7.75,2.01,3.87,4.65,1.35,7.56,2,1,1,392.82,402.68,15.6,1.49,399.43,2.59,0.24,0.13,0.1,1.28,6.75,-100.15,0.35,-0.48,-0.27,-0.01,1754.67,408.16,283.18,270.82,10.39,1.4,239.32,3.34,0.87,0.24,0.22,94
R87,1.09,1.42,1.37,1.49,1.38,1.37,1.42,1.09,1.38,118.99,119.28,121.78,119.46,119.67,123.36,118.94,115.05,117.83,121.46,0.93,178.68,176.98,3.31,179.43,3.3,63.66,2.63,2.52,2.41,2.35,23.73,62,29.15,225.52,227.07,33.37,61.51,60.66,57.44,23.63,0.27,-0.29,0.35,-0.8,-0.81,0.35,-0.09,-0.09,-0.27,0.27,-0.25,-0.02,1100.12,1305.45,1283.34,3214.82,3201.38,54.41,90.96,120.03,6.64,3.51,2,1,1,8.55,1.35,7.91,8.55,1.35,7.91,2,1,1,799.25,829.05,6.92,1.87,766.9,1.52,0.06,0.04,0.04,1.33,85.87,48.18,-0.47,0.04,-0.29,0.02,1747.17,183.33,172.14,146,44.24,1.28,143.14,7.35,2.03,1.01,0.92,94
R104,1.49,1.42,1.39,1.49,1.38,1.39,1.42,1.49,1.38,120.86,117.03,123.74,119.32,118.94,119.22,119.2,116.97,120.52,129.27,0.78,178.87,178.65,0.79,178.11,0.53,52.45,2.82,2.81,2.39,2.39,51.53,49.44,39.7,184.4,178.22,38.49,60.68,60.86,50.33,51.01,-0.01,-0.08,0.33,-0.82,-0.83,0.33,-0.07,-0.07,-0.09,-0.01,-0.23,-0.04,1505.32,1276.54,1276.54,1516.81,1516.81,47.38,119.67,119.67,6.97,6.97,6.4,1.53,5.61,5.23,1.35,3.89,4.92,1.35,3.98,6.4,1.53,5.61,650.7,692.74,49.81,1.72,700.73,3.71,0.07,0.04,0.04,1.34,38.97,81.21,0.14,-0.46,-0.26,-0.02,1737.13,95.22,247.09,233.04,25.5,1.35,211.26,3.8,1.03,0.33,0.28,94
R106,1.09,1.41,1.38,1.49,1.38,1.38,1.41,1.09,1.38,118.52,117.94,122.49,118.43,118.56,120.05,119.55,117.94,118.36,122.34,0.22,178.66,178.87,0.51,178.71,0.63,52.79,2.59,2.58,2.39,2.39,23.34,62.04,35.74,141.47,172.69,34.82,59.31,58.56,61.09,23.28,0.27,-0.28,0.32,-0.83,-0.83,0.32,-0.08,-0.09,-0.28,0.27,-0.25,-0.02,1526.26,1384.46,1384.46,3232.51,3223.89,97.91,163.72,163.72,6.73,5.36,2,1,1,9.98,2.57,3.87,5.29,1.35,9.75,2,1,1,434.28,449.7,15.51,1.53,447.47,2.21,0.23,0.08,0.07,1.34,90.82,43.29,-0.51,0.15,-0.25,0.02,1731.24,74.34,232.88,209.46,28.92,1.37,191.23,5.49,2.12,0.28,0.26,94
R111,1.09,1.41,1.38,1.49,1.38,1.37,1.42,1.09,1.38,118.39,117.82,122.55,118.62,119.08,120.68,119.62,117.82,118.14,122.13,0.06,178.8,178.33,0.62,177.55,0.22,52.28,2.59,2.57,2.39,2.38,23.34,62.07,35.57,146.05,167.21,33.81,60.05,58.99,60.5,23.25,0.27,-0.28,0.32,-0.83,-0.83,0.33,-0.08,-0.09,-0.28,0.27,-0.25,-0.02,1521.67,1252.37,1252.37,3235.76,3237.19,99.89,154.52,154.52,4.27,4.58,2,1,1,8.84,1.47,3.89,4.93,1.35,7.63,2,1,1,408.26,420.03,15.68,1.51,413.46,2.65,0.24,0.11,0.09,1.34,87.83,44.15,-0.49,0.14,-0.27,0,1734.31,52.87,218.94,196.14,21.97,1.34,195.65,3.63,2.11,0.28,0.25,94
R130,1.09,1.41,1.38,1.49,1.38,1.37,1.41,1.09,1.38,118.48,117.78,122.54,118.5,118.65,120.16,119.65,117.78,118.28,122.33,0.3,178.6,178.54,0.5,178.49,0.64,52.7,2.59,2.58,2.39,2.38,23.31,61.96,35.28,144.98,171.09,34.37,59.61,58.63,61.01,23.33,0.27,-0.28,0.32,-0.83,-0.83,0.32,-0.08,-0.09,-0.28,0.27,-0.25,-0.02,1525.7,1384.93,1384.93,3229.56,3224.53,97.82,171.4,171.4,4.78,5.87,2,1,1,7.17,1.96,3.87,5.39,1.35,6.38,2,1,1,392.51,397.44,15.44,1.5,387.42,2.49,0.24,0.15,0.11,1.34,88.87,43.1,-0.5,0.15,-0.27,0.01,1734.2,49.45,203.32,182.53,21.95,1.31,161.2,5.15,2.29,0.5,0.43,94
R131,1.09,1.41,1.38,1.49,1.38,1.37,1.41,1.09,1.38,118.48,117.78,122.54,118.5,118.65,120.16,119.65,117.78,118.28,122.33,0.3,178.6,178.54,0.5,178.49,0.64,52.7,2.59,2.58,2.39,2.38,23.31,61.96,35.28,144.98,171.09,34.37,59.61,58.63,61.01,23.33,0.27,-0.28,0.32,-0.83,-0.83,0.32,-0.08,-0.09,-0.28,0.27,-0.25,-0.02,1525.7,1384.93,1384.93,3229.56,3224.53,97.82,171.4,171.4,4.78,5.87,2,1,1,7.17,1.96,3.87,5.39,1.35,6.38,2,1,1,392.51,397.44,15.44,1.5,387.42,2.49,0.24,0.15,0.11,1.33,51.89,50.27,-0.36,-0.16,-0.32,0,1752.73,50.1,191.24,161.83,39.33,1.33,158.15,3.83,2.56,0.51,0.44,94
R154,1.09,1.41,1.38,1.49,1.38,1.38,1.41,1.08,1.38,118.49,118.13,122.59,118.57,119.32,120.78,119.27,117.08,118.37,122.08,0.06,178.78,178.3,1.39,176.71,0.51,52.7,2.59,2.57,2.39,2.38,23.29,62.28,35.8,162.16,151.78,36.19,60.96,58.97,60.24,23.76,0.27,-0.28,0.32,-0.83,-0.83,0.32,-0.09,-0.08,-0.28,0.27,-0.25,-0.02,1522.69,1279.47,1252.94,3229.41,3243.51,100.07,233.63,101.09,5.97,2.72,2,1,1,5.03,1.35,7.53,10.26,1.92,4.58,2,1,1,427.27,443.34,15.41,1.52,435.46,2.02,0.23,0.11,0.08,1.3,0.51,72.03,0.42,-0.7,-0.28,-0.06,1731.84,374.69,296.69,274.56,20.27,1.45,261.75,18.05,0.61,0.19,0.16,94
R156,1.09,1.41,1.38,1.49,1.38,1.37,1.41,1.09,1.38,118.48,117.78,122.54,118.5,118.65,120.16,119.65,117.78,118.28,122.33,0.3,178.6,178.54,0.5,178.49,0.64,52.7,2.59,2.58,2.39,2.38,23.31,61.96,35.28,144.98,171.09,34.37,59.61,58.63,61.01,23.33,0.27,-0.28,0.32,-0.83,-0.83,0.32,-0.08,-0.09,-0.28,0.27,-0.25,-0.02,1525.7,1384.93,1384.93,3229.56,3224.53,97.82,171.4,171.4,4.78,5.87,2,1,1,7.17,1.96,3.87,5.39,1.35,6.38,2,1,1,392.51,397.44,15.44,1.5,387.42,2.49,0.24,0.15,0.11,1.34,80.04,53.6,-0.44,0.03,-0.29,0,1743.25,89.92,175.49,146.86,41.4,1.3,143.14,3.51,3.38,0.69,0.58,94
R252,1.5,1.43,1.38,1.49,1.38,1.38,1.42,1.5,1.38,119.09,116.93,122.83,118.97,118.78,119.02,120.22,117.85,119.27,123.11,0.1,177.94,176.04,0.56,179.81,1.61,53.05,2.78,2.8,2.39,2.4,174.92,50.47,34.07,145.81,170.46,35.66,58.5,60.65,50.47,173.89,-0.71,-0.06,0.34,-0.83,-0.83,0.33,-0.07,-0.08,-0.06,-0.72,-0.25,-0.01,1514.86,1268.57,1281.21,1142.19,1133.9,69.11,55.67,224.42,73.62,49.91,2.99,1.5,2.04,9.68,1.35,11.12,10.56,1.66,8.01,2.99,1.5,2.04,661.57,689.16,14.09,1.75,661.72,4.6,0.1,0.04,0.04,1.28,14.48,-112.58,0.33,-0.48,-0.25,-0.01,1763.37,427.31,297.52,280.57,5.08,1.44,237.35,3.28,1.1,0.2,0.19,94
R265,1.09,1.41,1.38,1.49,1.38,1.37,1.42,1.09,1.38,118.39,117.82,122.55,118.62,119.08,120.68,119.62,117.82,118.14,122.13,0.06,178.8,178.33,0.62,177.55,0.22,52.28,2.59,2.57,2.39,2.38,23.34,62.07,35.57,146.05,167.21,33.81,60.05,58.99,60.5,23.25,0.27,-0.28,0.32,-0.83,-0.83,0.33,-0.08,-0.09,-0.28,0.27,-0.25,-0.02,1521.67,1252.37,1252.37,3235.76,3237.19,99.89,154.52,154.52,4.27,4.58,2,1,1,8.84,1.47,3.89,4.93,1.35,7.63,2,1,1,408.26,420.03,15.68,1.51,413.46,2.65,0.24,0.11,0.09,1.34,88.87,43.1,-0.5,0.15,-0.27,0.01,1734.2,49.45,203.32,182.53,21.95,1.31,161.2,5.15,2.29,0.5,0.43,94
R301,1.49,1.42,1.39,1.49,1.38,1.39,1.42,1.49,1.38,120.97,117.08,123.7,119.14,119.14,119.12,119.2,117.17,120.62,130.11,0.18,178.96,177.07,0.54,177.47,2.42,53.07,2.82,2.81,2.4,2.4,48.03,47.19,40.9,183.65,177.79,39.67,60.95,61,47.95,46.64,-0.03,-0.08,0.33,-0.82,-0.83,0.33,-0.07,-0.07,-0.08,-0.03,-0.25,-0.03,1506.25,1280.54,1280.54,1516.58,1516.58,23.3,60.06,60.06,10.89,10.89,8.46,1.52,5.63,5.23,1.35,3.89,4.92,1.35,3.98,8.46,1.52,5.63,654.45,693.04,50.89,1.73,700.73,3.36,0.07,0.04,0.03,1.34,57.45,54.08,-0.24,-0.02,-0.23,0.02,1768.26,57.99,330.18,313.96,16.52,1.48,279.38,0.83,0.86,0.11,0.1,94
R341,1.09,1.41,1.38,1.49,1.38,1.38,1.41,1.09,1.38,118.52,117.94,122.49,118.43,118.56,120.05,119.55,117.94,118.36,122.34,0.22,178.66,178.87,0.51,178.71,0.63,52.79,2.59,2.58,2.39,2.39,23.34,62.04,35.74,141.47,172.69,34.82,59.31,58.56,61.09,23.28,0.27,-0.28,0.32,-0.83,-0.83,0.32,-0.08,-0.09,-0.28,0.27,-0.25,-0.02,1526.26,1384.46,1384.46,3232.51,3223.89,97.91,163.72,163.72,6.73,5.36,2,1,1,9.98,2.57,3.87,5.29,1.35,9.75,2,1,1,434.28,449.7,15.51,1.53,447.47,2.21,0.23,0.08,0.07,1.34,88.87,43.1,-0.5,0.15,-0.27,0.01,1734.2,49.45,203.32,182.53,21.95,1.31,161.2,5.15,2.29,0.5,0.43,94
R21,1.08,1.42,1.38,1.49,1.38,1.38,1.41,1.09,1.38,118.24,116.39,122.09,119.72,119.02,119.1,121.43,118.12,118.5,122.77,1.82,174.58,172.85,0.71,178.93,0.76,53.26,2.56,2.6,2.37,2.4,23.3,60.96,35.25,144.54,148.47,37.98,58.69,0.09,62.07,23.38,0.28,-0.29,0.33,-0.84,-0.83,0.31,-0.08,-0.09,-0.28,0.28,-0.25,-0.02,1525.6,1253.13,1278.66,3247.6,3232.28,86.69,134.12,189.22,2.22,4.14,2,1,1,6.8,1.35,4.84,4.48,1.35,6.14,2,1,1,382.79,391.99,20.42,1.48,388.4,3.08,0.24,0.16,0.11,1.34,42.65,89.35,0.15,-0.5,-0.27,0.01,1733.89,52.63,203.37,182.54,21.95,1.31,161.2,5.17,2.3,0.5,0.43,94.1
R233,1.49,1.42,1.38,1.49,1.38,1.36,1.44,1.49,1.38,119.89,118.54,121.95,120.07,121.24,125.48,119.5,113.38,122.01,121.13,4.04,177.26,175.54,4.4,173.73,7.56,88.45,2.83,2.78,2.41,2.34,42.83,43.89,28.03,233.67,212.14,36.2,66.33,58.15,50.27,44.48,-0.06,-0.08,0.36,-0.81,-0.8,0.38,-0.11,-0.09,-0.07,-0.06,-0.25,-0.01,1111.83,1280.38,1280.38,1332.87,1332.87,14.73,156.21,156.21,26.89,26.89,6.36,1.5,3.15,7.48,1.52,6.53,7.48,1.52,6.53,6.36,1.5,3.15,763.3,846.47,6.88,1.76,806.88,1.34,0.06,0.04,0.04,1.34,80.67,38.82,-0.47,0.15,-0.25,-0.01,1739.16,133.41,250.16,233.73,24.06,1.36,211.26,4.14,1.02,0.33,0.28,94.1
R16,1.49,1.42,1.38,1.49,1.38,1.36,1.44,1.49,1.38,119.89,118.54,121.95,120.07,121.24,125.48,119.5,113.38,122.01,121.13,4.04,177.26,175.54,4.4,173.73,7.56,88.45,2.83,2.78,2.41,2.34,42.83,43.89,28.03,233.67,212.14,36.2,66.33,58.15,50.27,44.48,-0.06,-0.08,0.36,-0.81,-0.8,0.38,-0.11,-0.09,-0.07,-0.06,-0.25,-0.01,1111.83,1280.38,1280.38,1332.87,1332.87,14.73,156.21,156.21,26.89,26.89,6.36,1.5,3.15,7.48,1.52,6.53,7.48,1.52,6.53,6.36,1.5,3.15,763.3,846.47,6.88,1.76,806.88,1.34,0.06,0.04,0.04,1.34,82.8,39.02,-0.48,0.15,-0.26,-0.01,1733.48,165.36,282.66,265.79,23.82,1.41,237.3,4.15,1.11,0.18,0.17,94.2
R232,1.08,1.41,1.38,1.49,1.38,1.39,1.41,1.08,1.38,118.51,118.19,122.63,118.64,119.36,119.99,119.17,117.01,118.54,122.97,0.42,178.74,177.72,0.8,178.81,0.85,52.99,2.6,2.58,2.4,2.39,23.29,62.34,37.69,148.9,159.35,36.33,59.72,8.49,61.26,23.19,0.27,-0.28,0.31,-0.84,-0.83,0.32,-0.08,-0.08,-0.27,0.28,-0.25,-0.02,1524.13,1278.68,1248.65,3235.85,3252.78,86.87,208.5,117.51,5.32,2.62,2,1,1,9.92,1.35,5.86,9.91,1.35,5.23,2,1,1,418.32,422.2,22.09,1.54,422.42,1.34,0.25,0.09,0.07,1.34,42.65,89.35,0.15,-0.5,-0.27,0.01,1733.89,52.63,203.37,182.54,21.95,1.31,161.2,5.17,2.3,0.5,0.43,94.2
R26,1.08,1.41,1.38,1.49,1.38,1.39,1.41,1.08,1.38,118.51,118.19,122.63,118.64,119.36,119.99,119.17,117.01,118.54,122.97,0.42,178.74,177.72,0.8,178.81,0.85,52.99,2.6,2.58,2.4,2.39,23.29,62.34,37.69,148.9,159.35,36.33,59.72,8.49,61.26,23.19,0.27,-0.28,0.31,-0.84,-0.83,0.32,-0.08,-0.08,-0.27,0.28,-0.25,-0.02,1524.13,1278.68,1248.65,3235.85,3252.78,86.87,208.5,117.51,5.32,2.62,2,1,1,9.92,1.35,5.86,9.91,1.35,5.23,2,1,1,418.32,422.2,22.09,1.54,422.42,1.34,0.25,0.09,0.07,1.34,42.3,87.39,0.15,-0.5,-0.26,-0.01,1734.78,47.04,250.47,233.86,22.08,1.36,211.26,5.17,1.68,0.24,0.21,94.3
R222,1.49,1.42,1.38,1.49,1.38,1.36,1.44,1.49,1.38,119.89,118.54,121.95,120.07,121.24,125.48,119.5,113.38,122.01,121.13,4.04,177.26,175.54,4.4,173.73,7.56,88.45,2.83,2.78,2.41,2.34,42.83,43.89,28.03,233.67,212.14,36.2,66.33,58.15,50.27,44.48,-0.06,-0.08,0.36,-0.81,-0.8,0.38,-0.11,-0.09,-0.07,-0.06,-0.25,-0.01,1111.83,1280.38,1280.38,1332.87,1332.87,14.73,156.21,156.21,26.89,26.89,6.36,1.5,3.15,7.48,1.52,6.53,7.48,1.52,6.53,6.36,1.5,3.15,763.3,846.47,6.88,1.76,806.88,1.34,0.06,0.04,0.04,1.34,84.04,38.68,-0.48,0.15,-0.27,0.01,1736.36,157.22,203.2,182.46,23.73,1.31,161.2,4.14,1.7,0.65,0.54,94.3
R8,1.09,1.41,1.38,1.49,1.38,1.38,1.41,1.09,1.38,118.37,117.01,122.63,119.16,118.76,119.34,120.33,117.97,118.51,122.68,1.19,177.2,177.13,0.37,178.8,0.17,52.97,2.57,2.59,2.38,2.39,23.24,61.75,35.45,139.68,159.85,37.25,58.77,0.12,62.2,23.31,0.28,-0.28,0.32,-0.83,-0.84,0.31,-0.08,-0.08,-0.28,0.28,-0.25,-0.02,1523.44,1251.73,1279.56,3232.85,3229.84,89.89,130.68,163.93,1.46,2.7,2,1,1,4.86,1.35,5.88,4.31,1.35,6.33,2,1,1,367.38,374.12,21.11,1.46,374.38,3.27,0.25,0.18,0.12,1.34,53.58,79.9,0.03,-0.44,-0.29,0,1740.59,88.62,175.48,146.85,41.41,1.3,143.14,3.49,3.39,0.69,0.58,94.8
R217,1.5,1.43,1.38,1.49,1.38,1.37,1.43,1.5,1.38,120.66,119.15,122.07,119.82,119.76,124.04,118.7,113.57,118.77,122.27,1.9,178.48,178.18,2.36,175.07,1.02,68.12,2.86,2.7,2.42,2.34,171.71,51.37,28.88,223.65,231.75,34.79,62.87,59.93,49.15,173.78,-0.72,-0.06,0.36,-0.81,-0.81,0.36,-0.09,-0.09,-0.05,-0.71,-0.25,-0.01,1249.86,1281.58,1281.58,1147.93,1145.58,24.87,222.83,222.83,50.98,62.2,3,1.5,2.03,7.48,1.52,6.53,7.48,1.52,6.53,3,1.5,2.03,657.97,716.17,6.12,1.7,682.74,0.64,0.07,0.06,0.05,1.33,86.86,47.29,-0.47,0.05,-0.29,0.02,1753.9,139.7,172.01,145.99,44.2,1.28,143.14,6.34,2.04,1.01,0.92,94.8
R22,1.36,1.44,1.86,1.5,1.39,1.86,1.44,1.35,1.38,114.13,111.8,118.38,124.02,120.42,116.1,129.59,125.3,115.5,118.61,3.72,171.31,173.48,8.05,173.37,6.48,93.27,2.73,3.11,2.74,2.94,178.03,32.26,50.07,377.81,390.68,52.06,34.73,39.54,31.11,181.73,-0.57,0.34,-0.36,0.91,0.9,-0.36,0,-0.03,0.34,-0.57,-0.25,-0.02,1093.23,1230.97,1265.86,1230.97,1265.86,13.44,137.29,165.64,129.78,165.64,5.15,1.35,4.16,7.12,2.38,5.84,7.12,2.38,5.84,5.15,1.35,4.16,716.44,788.04,5.8,1.74,738.85,3.63,0.07,0.05,0.04,1.33,61.66,47.91,-0.38,0,-0.31,-0.01,1738.29,229.01,150.24,125.17,46.99,1.24,129.12,10.36,3.09,1.18,0.88,94.9
R168,1.09,1.41,1.38,1.49,1.38,1.38,1.41,1.09,1.38,118.41,116.44,122.46,120.07,119.36,118.82,120.98,118.25,118.56,122.93,0.01,175.98,171.73,0.4,178.82,0.29,53.94,2.56,2.6,2.38,2.4,24.17,60.41,37.27,156.22,145.93,38.48,58.37,0.91,62.23,23.19,0.27,-0.27,0.33,-0.84,-0.83,0.31,-0.08,-0.08,-0.28,0.28,-0.25,-0.02,1522.83,1243.98,1277.75,3226.17,3229.65,87.56,25.47,159.85,6.24,3.46,2,1,1,7.43,1.35,7.03,5.43,1.35,6.27,2,1,1,416.63,438.08,21.3,1.49,436.45,2.07,0.22,0.12,0.09,1.34,42.65,89.35,0.15,-0.5,-0.27,0.01,1733.89,52.63,203.37,182.54,21.95,1.31,161.2,5.17,2.3,0.5,0.43,94.9
R80,1.5,1.43,1.38,1.49,1.38,1.38,1.42,1.5,1.38,119.09,116.93,122.83,118.97,118.78,119.02,120.22,117.85,119.27,123.11,0.1,177.94,176.04,0.56,179.81,1.61,53.05,2.78,2.8,2.39,2.4,174.92,50.47,34.07,145.81,170.46,35.66,58.5,60.65,50.47,173.89,-0.71,-0.06,0.34,-0.83,-0.83,0.33,-0.07,-0.08,-0.06,-0.72,-0.25,-0.01,1514.86,1268.57,1281.21,1142.19,1133.9,69.11,55.67,224.42,73.62,49.91,2.99,1.5,2.04,9.68,1.35,11.12,10.56,1.66,8.01,2.99,1.5,2.04,661.57,689.16,14.09,1.75,661.72,4.6,0.1,0.04,0.04,1.28,14.59,-109.77,0.33,-0.49,-0.25,-0.01,1756.74,381.68,246.28,230.67,5.88,1.35,213.25,3.59,1.99,0.21,0.2,95
R91,1.09,1.43,1.85,1.5,1.39,1.86,1.42,1.09,1.39,119.37,116.92,118.89,121.57,120,117.79,123.01,122.67,119.54,119.51,8.88,176.85,173.4,2.68,179.27,2.68,79.94,2.89,3.03,2.8,2.89,22.91,32.27,21.11,279.74,297.99,19.05,17.47,20.3,34.65,23.92,0.27,-0.25,-0.33,0.9,0.91,-0.33,-0.02,-0.04,-0.25,0.27,-0.25,-0.02,1228.08,1197.56,1173.07,3219.05,3224.22,0.88,1.52,1.48,13.64,3.74,2,1,1,7.12,2.38,5.84,7.12,2.38,5.84,2,1,1,597.92,662.43,0,1.63,622.69,3.09,0.09,0.06,0.06,1.34,34.22,56.81,-0.11,-0.23,-0.32,0.01,1755.22,283.49,141.76,118.05,48.12,1.22,116.12,8.27,2.49,1.81,1.1,95
R95,1.09,1.41,1.38,1.49,1.38,1.37,1.41,1.09,1.38,118.47,117.77,122.55,118.5,118.63,120.18,119.65,117.77,118.3,122.3,0.64,178.79,178.7,0.71,178.28,0.65,52.59,2.59,2.58,2.39,2.39,23.35,62.15,35.66,140.62,171.02,34.78,59.36,58.71,60.88,23.38,0.27,-0.28,0.32,-0.83,-0.83,0.32,-0.08,-0.09,-0.28,0.27,-0.25,-0.02,1523.48,1386.47,1386.47,3224.64,3230.77,95.25,157.78,157.78,5.26,8.49,2,1,1,6.57,1.35,3.87,4.58,1.35,5.49,2,1,1,354.56,360.63,15.63,1.45,359.37,2.33,0.26,0.2,0.13,1.35,57.04,62.91,-0.2,0.05,-0.27,-0.02,1751.43,44.03,251.68,229.55,41.26,1.39,219.24,2.78,0.77,0.35,0.26,95
R97,1.09,1.43,1.85,1.5,1.39,1.86,1.42,1.09,1.39,119.37,116.92,118.89,121.57,120,117.79,123.01,122.67,119.54,119.51,8.88,176.85,173.4,2.68,179.27,2.68,79.94,2.89,3.03,2.8,2.89,22.91,32.27,21.11,279.74,297.99,19.05,17.47,20.3,34.65,23.92,0.27,-0.25,-0.33,0.9,0.91,-0.33,-0.02,-0.04,-0.25,0.27,-0.25,-0.02,1228.08,1197.56,1173.07,3219.05,3224.22,0.88,1.52,1.48,13.64,3.74,2,1,1,7.12,2.38,5.84,7.12,2.38,5.84,2,1,1,597.92,662.43,0,1.63,622.69,3.09,0.09,0.06,0.06,1.34,16.27,70.84,0.11,-0.42,-0.32,0,1728.23,354.9,187.54,159.32,53.11,1.32,158.15,7.23,2,0.55,0.46,95
R161,1.49,1.42,1.39,1.49,1.38,1.39,1.42,1.49,1.38,120.86,117.03,123.74,119.32,118.94,119.22,119.2,116.97,120.52,129.27,0.78,178.87,178.65,0.79,178.11,0.53,52.45,2.82,2.81,2.39,2.39,51.53,49.44,39.7,184.4,178.22,38.49,60.68,60.86,50.33,51.01,-0.01,-0.08,0.33,-0.82,-0.83,0.33,-0.07,-0.07,-0.09,-0.01,-0.23,-0.04,1505.32,1276.54,1276.54,1516.81,1516.81,47.38,119.67,119.67,6.97,6.97,6.4,1.53,5.61,5.23,1.35,3.89,4.92,1.35,3.98,6.4,1.53,5.61,650.7,692.74,49.81,1.72,700.73,3.71,0.07,0.04,0.04,1.34,39.44,83.97,0.14,-0.47,-0.26,0.01,1741.03,133.49,229.81,208.68,32.43,1.35,191.23,3.66,1.34,0.38,0.33,95
R189,1.5,1.43,1.38,1.49,1.38,1.38,1.42,1.5,1.38,119.09,116.93,122.83,118.97,118.78,119.02,120.22,117.85,119.27,123.11,0.1,177.94,176.04,0.56,179.81,1.61,53.05,2.78,2.8,2.39,2.4,174.92,50.47,34.07,145.81,170.46,35.66,58.5,60.65,50.47,173.89,-0.71,-0.06,0.34,-0.83,-0.83,0.33,-0.07,-0.08,-0.06,-0.72,-0.25,-0.01,1514.86,1268.57,1281.21,1142.19,1133.9,69.11,55.67,224.42,73.62,49.91,2.99,1.5,2.04,9.68,1.35,11.12,10.56,1.66,8.01,2.99,1.5,2.04,661.57,689.16,14.09,1.75,661.72,4.6,0.1,0.04,0.04,1.27,17.22,-167.82,0.23,-0.41,-0.26,-0.02,1797.87,149.14,252.09,227.26,25.87,1.4,205.26,4.51,1.28,0.34,0.3,95
R193,1.52,1.44,1.86,1.5,1.39,1.88,1.44,1.51,1.39,122.81,112.93,119.22,122.97,121.81,113.64,127.85,127.36,120.3,118.99,2.73,177.27,177.42,1.75,176.13,4.75,95.28,3.02,3.35,2.77,2.98,147.7,36.26,52.07,378.5,383.02,43.92,38.83,35.7,39.64,159.45,-0.47,-0.02,-0.33,0.89,0.88,-0.31,-0.01,-0.02,-0.02,-0.5,-0.25,-0.02,1312.3,1187.33,1187.33,1162.41,1187.33,1.35,1.77,1.77,5.24,1.76,8.42,1.58,4.96,7.12,2.38,5.84,7.12,2.38,5.84,8.42,1.58,4.96,811.31,897.83,0,1.8,830.99,3.9,0.05,0.03,0.03,1.33,61.66,47.91,-0.38,0,-0.31,-0.01,1738.29,229.01,150.24,125.17,46.99,1.24,129.12,10.36,3.09,1.18,0.88,95
R214,1.89,1.42,1.39,1.49,1.38,1.39,1.42,1.89,1.38,121.46,116.67,124.23,120.61,120.76,118.79,118.9,116.84,121.34,126.32,5.26,169.56,169.68,2.54,168.54,6.88,55.12,3.06,3.06,2.39,2.39,400.14,53.23,35.17,172.26,169.02,32.7,61.86,62.5,55.19,402.62,1.89,-0.55,0.34,-0.83,-0.83,0.34,-0.08,-0.08,-0.55,1.89,-0.26,-0.02,1500.02,1277.44,1277.44,787.23,787.23,53.53,96.13,96.13,28.97,28.97,6.38,4.21,6.49,5.23,1.35,3.89,4.92,1.35,3.98,6.38,4.21,6.49,822.12,885.73,40.59,1.84,865.09,3.57,0.06,0.03,0.03,1.34,32.35,68.86,-0.04,-0.42,-0.25,0.01,1727.08,38.41,262.75,248.15,24.59,1.38,226.28,3.41,1.1,0.25,0.23,95
R275,1.49,1.43,1.38,1.49,1.38,1.37,1.43,1.49,1.38,121.56,119.48,121.56,120.98,120.03,122.67,118.96,116.11,121.97,121.14,3.49,176.17,175.1,8.46,177.17,5.91,73.91,2.89,2.83,2.43,2.38,44.48,43.48,30.97,228.77,227.93,36.38,59.86,58.22,44.65,44.08,-0.06,-0.08,0.36,-0.81,-0.81,0.36,-0.09,-0.08,-0.07,-0.05,-0.25,-0.02,1050.05,1269.46,1269.46,1211.73,1211.73,61.95,241.46,241.46,98.16,98.16,6.33,1.62,4.37,7.48,1.52,6.53,7.48,1.52,6.53,6.33,1.62,4.37,823.83,917.16,6.67,1.8,862.99,1.12,0.05,0.04,0.03,1.35,83.74,31.48,-0.41,0.24,-0.28,-0.03,1699.66,750.05,286.32,260.98,41.82,1.45,267.71,1.21,0.76,0.17,0.15,95
R278,1.5,1.43,1.38,1.49,1.38,1.38,1.42,1.5,1.38,119.09,116.93,122.83,118.97,118.78,119.02,120.22,117.85,119.27,123.11,0.1,177.94,176.04,0.56,179.81,1.61,53.05,2.78,2.8,2.39,2.4,174.92,50.47,34.07,145.81,170.46,35.66,58.5,60.65,50.47,173.89,-0.71,-0.06,0.34,-0.83,-0.83,0.33,-0.07,-0.08,-0.06,-0.72,-0.25,-0.01,1514.86,1268.57,1281.21,1142.19,1133.9,69.11,55.67,224.42,73.62,49.91,2.99,1.5,2.04,9.68,1.35,11.12,10.56,1.66,8.01,2.99,1.5,2.04,661.57,689.16,14.09,1.75,661.72,4.6,0.1,0.04,0.04,1.28,14.24,-117.23,0.34,-0.48,-0.28,-0.06,1768.61,395.84,307.6,289.27,12.01,1.45,253.34,4.21,0.8,0.18,0.17,95
R298,1.89,1.42,1.39,1.49,1.38,1.39,1.42,1.9,1.38,119.14,116.45,124.75,119.96,120.77,118.69,118.66,116.75,122.34,126.84,10.59,165.02,168.51,0.03,168.84,6.8,55.25,3,3.09,2.39,2.39,404.38,54.59,34.9,172.45,171.4,32.81,62.04,62.14,55.09,400.77,1.89,-0.55,0.33,-0.83,-0.83,0.34,-0.07,-0.07,-0.55,1.89,-0.26,-0.03,1498.77,1276.5,1276.5,786.32,786.32,62.49,123.35,123.35,26.67,26.67,6.38,4.21,6.49,5.23,1.35,3.89,4.92,1.35,3.98,6.38,4.21,6.49,820.72,885.82,40.88,1.84,865.09,3.62,0.06,0.03,0.03,1.34,32.4,68.29,-0.05,-0.43,-0.25,0.01,1724.5,45.34,262.83,248.24,24.63,1.38,226.28,3.7,1.1,0.25,0.23,95
R34,1.09,1.41,1.38,1.49,1.38,1.38,1.41,1.09,1.38,118.51,117.89,122.7,118.81,119.04,120.52,119.39,116.78,118.35,122.69,0.55,178.89,179.12,2.6,177.02,1.76,52.85,2.59,2.57,2.39,2.38,23.26,62.21,37.08,158.87,138.96,35.77,60.16,9.05,61.44,23.23,0.28,-0.28,0.32,-0.84,-0.83,0.32,-0.08,-0.08,-0.28,0.28,-0.25,-0.02,1525.74,1278.59,1251.45,3230.74,3249.84,82.62,114.07,133.33,2.87,2.63,2,1,1,4.45,1.35,7.67,8.68,1.47,5.87,2,1,1,469.42,487.28,20.08,1.57,470.55,3.24,0.2,0.09,0.08,1.33,49.8,52.44,-0.15,-0.36,-0.33,0,1749.08,25.91,191.37,161.86,39.51,1.33,158.15,1.4,3.49,0.46,0.42,95.2
R38,1.08,1.41,1.38,1.49,1.38,1.39,1.41,1.08,1.38,118.63,118.1,122.78,118.46,119.02,119.89,119.12,117.18,118.54,122.93,0.2,178.95,178.54,0.23,179.19,0.19,53.53,2.6,2.58,2.4,2.39,23.31,62.37,38.16,156.06,147.75,36.78,58.8,8.32,60.55,23.42,0.28,-0.28,0.31,-0.84,-0.83,0.32,-0.08,-0.08,-0.28,0.28,-0.25,-0.02,1524.61,1277.01,1249.33,3229.87,3251.08,81.65,229.49,128.07,2.63,2.01,2,1,1,3.97,1.35,9.35,9.05,2.15,5.85,2,1,1,442.76,451.64,40.58,1.56,474.45,3.85,0.2,0.19,0.2,1.33,49.8,52.44,-0.15,-0.36,-0.33,0,1749.08,25.91,191.37,161.86,39.51,1.33,158.15,1.4,3.49,0.46,0.42,95.2
R19,1.09,1.41,1.38,1.49,1.38,1.38,1.41,1.09,1.38,118.51,118.05,122.66,118.49,119.08,120.12,119.27,117.17,118.55,122.67,0.13,178.63,177.91,0.37,177.75,0.01,52.5,2.59,2.58,2.39,2.39,23.29,62.32,37.53,151.32,149.31,36.7,59.44,8.68,61.25,23.11,0.27,-0.28,0.31,-0.83,-0.83,0.32,-0.08,-0.08,-0.28,0.27,-0.25,-0.02,1522.29,1278.2,1248.94,3228.63,3224.95,94.95,171.4,119.27,2.72,3.85,2,1,1,8.46,1.79,4.22,7.93,1.35,6.29,2,1,1,410.25,410.6,22.42,1.54,402.43,0.95,0.25,0.12,0.09,1.34,42.65,89.35,0.15,-0.5,-0.27,0.01,1733.89,52.63,203.37,182.54,21.95,1.31,161.2,5.17,2.3,0.5,0.43,95.3
R219,1.49,1.43,1.38,1.49,1.38,1.37,1.43,1.49,1.38,121.57,119.51,121.5,120.91,120.03,122.75,118.99,116.07,121.85,121.11,3.14,176.5,175.16,8.61,176.29,6.72,73.42,2.89,2.82,2.42,2.38,44.47,43.17,30.48,226.4,226.07,35.69,59.66,58.24,43.93,44.01,-0.06,-0.07,0.36,-0.81,-0.81,0.37,-0.08,-0.08,-0.06,-0.05,-0.25,-0.01,1051.81,1276.09,1270.56,1215.96,1215.96,36.33,168.68,156.8,44.26,44.26,6.33,1.62,4.37,7.48,1.52,6.53,7.48,1.52,6.53,6.33,1.62,4.37,821.7,916.14,6.43,1.8,862.99,0.72,0.05,0.04,0.03,1.33,86.86,47.29,-0.47,0.05,-0.29,0.02,1753.9,139.7,172.01,145.99,44.2,1.28,143.14,6.34,2.04,1.01,0.92,95.4
R11,1.09,1.41,1.38,1.49,1.38,1.38,1.41,1.08,1.38,118.56,118.02,122.68,118.87,119.22,119.89,119.29,117.31,118.48,122.79,0.01,178.67,178.06,0.57,178.67,0.11,53.4,2.59,2.58,2.4,2.39,23.26,62.43,37.75,161.04,140.74,36.19,58.47,8.41,60.11,23.17,0.28,-0.28,0.31,-0.84,-0.83,0.32,-0.08,-0.08,-0.28,0.28,-0.25,-0.02,1524.23,1250.49,1278.61,3226.68,3228.64,88.55,138.35,239.02,2.95,7.76,2,1,1,4,1.35,9.44,10.39,1.7,3.96,2,1,1,428.1,439.74,19.96,1.53,436.45,2.9,0.24,0.09,0.07,1.34,53.58,79.9,0.03,-0.44,-0.29,0,1740.59,88.62,175.48,146.85,41.41,1.3,143.14,3.49,3.39,0.69,0.58,95.5
R230,1.49,1.42,1.38,1.49,1.38,1.36,1.44,1.49,1.38,119.89,118.54,121.95,120.07,121.24,125.48,119.5,113.38,122.01,121.13,4.04,177.26,175.54,4.4,173.73,7.56,88.45,2.83,2.78,2.41,2.34,42.83,43.89,28.03,233.67,212.14,36.2,66.33,58.15,50.27,44.48,-0.06,-0.08,0.36,-0.81,-0.8,0.38,-0.11,-0.09,-0.07,-0.06,-0.25,-0.01,1111.83,1280.38,1280.38,1332.87,1332.87,14.73,156.21,156.21,26.89,26.89,6.36,1.5,3.15,7.48,1.52,6.53,7.48,1.52,6.53,6.36,1.5,3.15,763.3,846.47,6.88,1.76,806.88,1.34,0.06,0.04,0.04,1.34,80.78,39.34,-0.47,0.15,-0.28,-0.01,1737.11,128.22,238.41,214.18,23.76,1.38,229.2,7.13,1.16,0.25,0.23,95.7
R25,1.09,1.41,1.38,1.49,1.38,1.38,1.41,1.09,1.38,118.41,116.44,122.46,120.07,119.36,118.82,120.98,118.25,118.56,122.93,0.01,175.98,171.73,0.4,178.82,0.29,53.94,2.56,2.6,2.38,2.4,24.17,60.41,37.27,156.22,145.93,38.48,58.37,0.91,62.23,23.19,0.27,-0.27,0.33,-0.84,-0.83,0.31,-0.08,-0.08,-0.28,0.28,-0.25,-0.02,1522.83,1243.98,1277.75,3226.17,3229.65,87.56,25.47,159.85,6.24,3.46,2,1,1,7.43,1.35,7.03,5.43,1.35,6.27,2,1,1,416.63,438.08,21.3,1.49,436.45,2.07,0.22,0.12,0.09,1.34,43.73,88.15,0.14,-0.5,-0.27,0,1734.3,55.81,219.01,196.15,22,1.34,195.65,3.64,2.12,0.28,0.25,95.8
R56,1.09,1.43,1.85,1.5,1.39,1.86,1.42,1.09,1.39,119.36,116.94,118.88,121.55,119.99,117.77,123,122.69,119.53,119.51,8.89,176.85,173.43,2.8,179.24,2.76,79.95,2.89,3.03,2.8,2.89,23,53.96,41.44,366.24,383.3,39.66,37.48,42.35,55.16,23.88,0.27,-0.25,-0.33,0.9,0.91,-0.33,-0.02,-0.04,-0.25,0.27,-0.25,-0.02,1228.24,1197.77,1173.17,3218.98,3224.16,0.86,1.58,1.38,2.12,7.92,2,1,1,7.12,2.38,5.84,7.12,2.38,5.84,2,1,1,597.86,662.41,0,1.63,622.69,3.05,0.09,0.06,0.06,1.35,50.87,64.75,0.17,-0.22,-0.24,-0.02,1728.2,162.16,469.67,462.55,40.61,1.62,445.51,7.66,0.18,0.07,0.06,96
R86,1.09,1.43,1.85,1.5,1.39,1.86,1.42,1.09,1.39,119.36,116.94,118.88,121.55,119.99,117.77,123,122.69,119.53,119.51,8.89,176.85,173.43,2.8,179.24,2.76,79.95,2.89,3.03,2.8,2.89,23,53.96,41.44,366.24,383.3,39.66,37.48,42.35,55.16,23.88,0.27,-0.25,-0.33,0.9,0.91,-0.33,-0.02,-0.04,-0.25,0.27,-0.25,-0.02,1228.24,1197.77,1173.17,3218.98,3224.16,0.86,1.58,1.38,2.12,7.92,2,1,1,7.12,2.38,5.84,7.12,2.38,5.84,2,1,1,597.86,662.41,0,1.63,622.69,3.05,0.09,0.06,0.06,1.34,46.05,64.28,0.17,-0.23,-0.26,-0.03,1751.24,23.38,431.33,420.39,52.42,1.59,407.47,2.25,0.25,0.08,0.06,96
R88,1.5,1.43,1.38,1.49,1.38,1.38,1.42,1.5,1.38,119.09,116.93,122.83,118.97,118.78,119.02,120.22,117.85,119.27,123.11,0.1,177.94,176.04,0.56,179.81,1.61,53.05,2.78,2.8,2.39,2.4,174.92,50.47,34.07,145.81,170.46,35.66,58.5,60.65,50.47,173.89,-0.71,-0.06,0.34,-0.83,-0.83,0.33,-0.07,-0.08,-0.06,-0.72,-0.25,-0.01,1514.86,1268.57,1281.21,1142.19,1133.9,69.11,55.67,224.42,73.62,49.91,2.99,1.5,2.04,9.68,1.35,11.12,10.56,1.66,8.01,2.99,1.5,2.04,661.57,689.16,14.09,1.75,661.72,4.6,0.1,0.04,0.04,1.28,15,-118.98,0.33,-0.48,-0.25,-0.01,1767.35,390.36,297.18,280.28,5.03,1.43,302.21,2.95,1.07,0.11,0.11,96
R125,1.09,1.43,1.85,1.5,1.39,1.86,1.42,1.09,1.39,119.36,116.94,118.88,121.55,119.99,117.77,123,122.69,119.53,119.51,8.89,176.85,173.43,2.8,179.24,2.76,79.95,2.89,3.03,2.8,2.89,23,53.96,41.44,366.24,383.3,39.66,37.48,42.35,55.16,23.88,0.27,-0.25,-0.33,0.9,0.91,-0.33,-0.02,-0.04,-0.25,0.27,-0.25,-0.02,1228.24,1197.77,1173.17,3218.98,3224.16,0.86,1.58,1.38,2.12,7.92,2,1,1,7.12,2.38,5.84,7.12,2.38,5.84,2,1,1,597.86,662.41,0,1.63,622.69,3.05,0.09,0.06,0.06,1.34,39.58,77.65,0.15,-0.45,-0.26,0,1751.61,89.57,256.88,242.51,14.9,1.37,215.3,5.63,1.13,0.33,0.28,96
R144,1.89,1.42,1.39,1.49,1.38,1.39,1.42,1.89,1.38,121.47,116.67,124.23,120.61,120.76,118.79,118.9,116.84,121.35,126.32,5.21,169.6,169.69,2.54,168.55,6.88,55.11,3.06,3.06,2.39,2.39,400.09,53.2,35.15,172.22,168.95,32.68,61.85,62.51,55.18,402.59,1.89,-0.55,0.34,-0.83,-0.83,0.34,-0.08,-0.08,-0.55,1.89,-0.26,-0.02,1500.07,1277.65,1277.65,787.23,787.23,52.93,94.94,94.94,28.57,28.57,6.38,4.21,6.49,5.23,1.35,3.89,4.92,1.35,3.98,6.38,4.21,6.49,822.06,885.7,40.55,1.84,865.09,3.54,0.06,0.03,0.03,1.27,6.92,-108.02,0.28,-0.63,-0.27,-0.01,1748.77,140.63,247.35,231.14,37.57,1.36,276.13,2.23,0.54,0.26,0.19,96
R164,1.09,1.41,1.38,1.49,1.38,1.38,1.41,1.09,1.38,118.5,117.86,122.5,118.55,118.62,120.11,119.62,117.86,118.34,122.34,0.3,178.66,178.73,0.87,178.3,0.59,52.85,2.59,2.58,2.39,2.39,23.32,62.09,35.87,141.95,172.27,34.95,59.14,58.58,60.9,23.33,0.27,-0.28,0.32,-0.83,-0.83,0.32,-0.08,-0.09,-0.28,0.27,-0.25,-0.02,1526.07,1384.71,1384.71,3228.01,3224.58,102.04,176.82,176.82,7.88,3.18,2,1,1,11.65,2.09,5.32,4.58,1.35,11.78,2,1,1,466.57,480.84,17.67,1.57,476.52,1.18,0.21,0.06,0.05,1.34,80.04,53.6,-0.44,0.03,-0.29,0,1743.25,89.92,175.49,146.86,41.4,1.3,143.14,3.51,3.38,0.69,0.58,96
R197,1.36,1.44,1.86,1.5,1.38,1.87,1.43,1.36,1.38,114.24,111.26,118.21,122.98,122.34,115.46,130.2,126.08,115.76,118.46,6.96,178.9,176.26,0.06,176.18,4.25,89.12,2.73,3.14,2.74,2.95,203.98,29.79,57.59,378.16,391.78,51.16,41.18,38.85,29.62,203.49,-0.55,0.34,-0.36,0.91,0.89,-0.35,-0.01,-0.02,0.34,-0.56,-0.25,-0.02,1188.06,1188.06,1177.78,1260.66,1252.32,4.41,4.41,16.54,226.21,180.04,7.27,1.35,5.31,7.12,2.38,5.84,7.12,2.38,5.84,7.27,1.35,5.31,787,881,7.2,1.77,834.94,3.86,0.06,0.03,0.03,1.33,80.81,50.47,-0.44,0.03,-0.3,0.01,1741.77,389.88,173.2,146,44.92,1.29,143.14,8.49,2.06,1,0.92,96
R199,1.5,1.43,1.38,1.49,1.38,1.38,1.42,1.5,1.38,119.09,116.93,122.83,118.97,118.78,119.02,120.22,117.85,119.27,123.11,0.1,177.94,176.04,0.56,179.81,1.61,53.05,2.78,2.8,2.39,2.4,174.92,50.47,34.07,145.81,170.46,35.66,58.5,60.65,50.47,173.89,-0.71,-0.06,0.34,-0.83,-0.83,0.33,-0.07,-0.08,-0.06,-0.72,-0.25,-0.01,1514.86,1268.57,1281.21,1142.19,1133.9,69.11,55.67,224.42,73.62,49.91,2.99,1.5,2.04,9.68,1.35,11.12,10.56,1.66,8.01,2.99,1.5,2.04,661.57,689.16,14.09,1.75,661.72,4.6,0.1,0.04,0.04,1.28,14.34,-115.77,0.33,-0.48,-0.28,-0.05,1767.26,408.91,278.31,262.4,5.04,1.4,223.32,2.98,1.12,0.25,0.23,96
R200,1.89,1.42,1.39,1.49,1.38,1.39,1.42,1.89,1.38,121.47,116.67,124.23,120.61,120.76,118.79,118.9,116.84,121.35,126.32,5.21,169.6,169.69,2.54,168.55,6.88,55.11,3.06,3.06,2.39,2.39,400.09,53.2,35.15,172.22,168.95,32.68,61.85,62.51,55.18,402.59,1.89,-0.55,0.34,-0.83,-0.83,0.34,-0.08,-0.08,-0.55,1.89,-0.26,-0.02,1500.07,1277.65,1277.65,787.23,787.23,52.93,94.94,94.94,28.57,28.57,6.38,4.21,6.49,5.23,1.35,3.89,4.92,1.35,3.98,6.38,4.21,6.49,822.06,885.7,40.55,1.84,865.09,3.54,0.06,0.03,0.03,1.28,6.23,-103.79,0.28,-0.63,-0.26,-0.01,1747.18,161.25,326.81,314.72,37.65,1.46,287.36,2.82,0.65,0.12,0.11,96
R201,1.09,1.43,1.85,1.5,1.39,1.86,1.42,1.09,1.39,119.36,116.94,118.88,121.55,119.99,117.77,123,122.69,119.53,119.51,8.89,176.85,173.43,2.8,179.24,2.76,79.95,2.89,3.03,2.8,2.89,23,53.96,41.44,366.24,383.3,39.66,37.48,42.35,55.16,23.88,0.27,-0.25,-0.33,0.9,0.91,-0.33,-0.02,-0.04,-0.25,0.27,-0.25,-0.02,1228.24,1197.77,1173.17,3218.98,3224.16,0.86,1.58,1.38,2.12,7.92,2,1,1,7.12,2.38,5.84,7.12,2.38,5.84,2,1,1,597.86,662.41,0,1.63,622.69,3.05,0.09,0.06,0.06,1.35,45.77,64.2,0.17,-0.23,-0.25,-0.02,1746.86,40.86,586.43,591.38,42.14,1.72,565.67,6.01,0.16,0.03,0.03,96
R210,1.09,1.41,1.38,1.49,1.38,1.37,1.41,1.09,1.38,118.46,117.75,122.5,118.43,118.61,120.13,119.72,117.75,118.3,122.34,0.49,178.65,178.46,0.38,178.49,0.71,52.56,2.59,2.58,2.39,2.39,23.31,61.99,35.48,140.79,169.69,34.53,59.37,58.69,60.91,23.32,0.27,-0.28,0.32,-0.83,-0.83,0.32,-0.08,-0.09,-0.28,0.27,-0.25,-0.02,1525.5,1385.31,1385.31,3225.62,3224.92,99.41,192.88,192.88,5.62,6.31,2,1,1,7.72,2,3.86,4.58,1.35,7.56,2,1,1,392.45,402.63,15.53,1.49,399.43,2.62,0.24,0.13,0.1,1.34,60.87,46.82,-0.23,0.14,-0.26,0.01,1755.29,52.32,242.74,219.07,23.25,1.38,189.26,4.78,0.86,0.51,0.36,96
R285,1.89,1.42,1.4,1.49,1.38,1.39,1.42,1.89,1.38,121.25,116.69,124.35,120.56,120.86,118.68,118.77,116.82,121.3,125.99,6.99,167.89,169.07,2.4,168.33,6.93,55.55,3.05,3.06,2.4,2.4,401.91,54.13,35.71,172.72,171.5,33.26,62.02,62.41,55.54,403.72,1.89,-0.55,0.33,-0.83,-0.83,0.34,-0.08,-0.07,-0.56,1.89,-0.26,-0.03,1498.8,1272.18,1272.18,786.91,786.91,65.57,128.32,128.32,37.77,37.77,6.38,4.21,6.49,5.23,1.35,3.89,4.92,1.35,3.98,6.38,4.21,6.49,825.6,886.42,42.16,1.85,865.09,4.21,0.06,0.03,0.03,1.34,38.31,68.01,-0.05,-0.43,-0.24,0.01,1723.12,67.81,291.65,275.03,31.68,1.43,256.3,4.5,0.79,0.17,0.15,96
R339,1.89,1.42,1.39,1.49,1.38,1.39,1.42,1.89,1.38,121.47,116.67,124.23,120.61,120.76,118.79,118.9,116.84,121.35,126.32,5.21,169.6,169.69,2.54,168.55,6.88,55.11,3.06,3.06,2.39,2.39,400.09,53.2,35.15,172.22,168.95,32.68,61.85,62.51,55.18,402.59,1.89,-0.55,0.34,-0.83,-0.83,0.34,-0.08,-0.08,-0.55,1.89,-0.26,-0.02,1500.07,1277.65,1277.65,787.23,787.23,52.93,94.94,94.94,28.57,28.57,6.38,4.21,6.49,5.23,1.35,3.89,4.92,1.35,3.98,6.38,4.21,6.49,822.06,885.7,40.55,1.84,865.09,3.54,0.06,0.03,0.03,1.28,5.95,-105.14,0.28,-0.63,-0.27,0,1747.09,150.8,227.25,213.14,37.58,1.32,197.24,2.46,1.26,0.38,0.33,96
R361,1.49,1.43,1.38,1.49,1.38,1.37,1.43,1.49,1.38,121.56,119.48,121.56,120.98,120.03,122.67,118.96,116.11,121.97,121.14,3.49,176.17,175.1,8.46,177.17,5.91,73.91,2.89,2.83,2.43,2.38,44.48,43.48,30.97,228.77,227.93,36.38,59.86,58.22,44.65,44.08,-0.06,-0.08,0.36,-0.81,-0.81,0.36,-0.09,-0.08,-0.07,-0.05,-0.25,-0.02,1050.05,1269.46,1269.46,1211.73,1211.73,61.95,241.46,241.46,98.16,98.16,6.33,1.62,4.37,7.48,1.52,6.53,7.48,1.52,6.53,6.33,1.62,4.37,823.83,917.16,6.67,1.8,862.99,1.12,0.05,0.04,0.03,1.35,84.32,31.77,-0.42,0.25,-0.28,-0.02,1701.47,663.38,266.71,246.58,41.99,1.4,233.27,3.65,0.69,0.32,0.25,96
R365,1.08,1.41,1.37,1.49,1.38,1.38,1.41,1.08,1.38,117.99,116.58,122.18,120.17,119.61,119.58,120.9,117.56,118.27,122.86,5.49,178.81,175.72,4.81,178.11,1.97,51.55,2.55,2.58,2.37,2.39,23.09,59.21,34.83,147.65,166.03,36.09,57.55,61.66,62.6,23.63,0.27,-0.27,0.34,-0.83,-0.82,0.31,-0.07,-0.09,-0.28,0.27,-0.25,-0.01,1522.89,1250.55,1278.28,3237.53,3224.41,96.98,41.69,254.04,2.91,4.9,2,1,1,10.93,3.97,8.27,11.84,3.61,8.55,2,1,1,648.77,713.86,15.01,1.68,695.74,2.38,0.08,0.05,0.04,1.31,23.18,-90.11,0.25,-0.48,-0.26,0.04,1663.45,25.31,177.03,162.32,7.03,1.23,143.19,2.17,2.8,0.86,0.66,96
R231,1.49,1.42,1.38,1.49,1.38,1.36,1.44,1.49,1.38,119.89,118.54,121.95,120.07,121.24,125.48,119.5,113.38,122.01,121.13,4.04,177.26,175.54,4.4,173.73,7.56,88.45,2.83,2.78,2.41,2.34,42.83,43.89,28.03,233.67,212.14,36.2,66.33,58.15,50.27,44.48,-0.06,-0.08,0.36,-0.81,-0.8,0.38,-0.11,-0.09,-0.07,-0.06,-0.25,-0.01,1111.83,1280.38,1280.38,1332.87,1332.87,14.73,156.21,156.21,26.89,26.89,6.36,1.5,3.15,7.48,1.52,6.53,7.48,1.52,6.53,6.36,1.5,3.15,763.3,846.47,6.88,1.76,806.88,1.34,0.06,0.04,0.04,1.34,82.66,38.34,-0.48,0.15,-0.27,0.01,1736.43,133.46,223.19,200.69,23.92,1.35,175.23,4.07,1.19,0.58,0.45,96.3
R3,1.08,1.41,1.38,1.49,1.38,1.38,1.41,1.08,1.38,118.55,117.15,122.94,119.26,118.82,119.17,119.9,117.98,118.65,122.83,0.34,178.65,177.88,0.56,178.64,0.02,53.58,2.58,2.59,2.39,2.4,23.16,60.95,37.27,142.47,156.29,38.08,59.04,8.07,62.84,23.55,0.28,-0.28,0.31,-0.83,-0.83,0.31,-0.08,-0.08,-0.28,0.28,-0.26,-0.02,1524.44,1245.98,1281.35,3232.85,3229.84,87.01,151.66,167.21,1.46,2.7,2,1,1,7.07,1.88,5.18,5.1,1.35,8.17,2,1,1,389.73,403.09,20.82,1.48,408.39,2.97,0.22,0.13,0.11,1.33,49.8,52.44,-0.15,-0.36,-0.33,0,1749.08,25.91,191.37,161.86,39.51,1.33,158.15,1.4,3.49,0.46,0.42,96.6
R42,1.09,1.41,1.37,1.49,1.38,1.38,1.41,1.09,1.38,118.29,117.64,122.25,118.76,118.48,119.61,120.11,117.91,118.46,122.45,0.25,178.41,178.36,0.04,178.64,0.49,52.67,2.58,2.59,2.39,2.39,23.3,61.12,34.48,141.59,169.68,35.55,58.62,59.44,62.03,23.31,0.27,-0.28,0.32,-0.83,-0.83,0.32,-0.08,-0.09,-0.28,0.27,-0.25,-0.02,1521.61,1252,1280.81,3225.36,3233.88,104.79,45.37,141.12,5.43,10.07,2,1,1,7.75,2.01,3.87,4.65,1.35,7.56,2,1,1,392.82,402.68,15.6,1.49,399.43,2.59,0.24,0.13,0.1,1.28,13.84,-95.67,0.34,-0.49,-0.26,-0.02,1761.79,370.42,273.41,257.16,10.75,1.4,243.28,4.17,1.06,0.19,0.17,97
R46,1.09,1.41,1.38,1.49,1.38,1.37,1.42,1.09,1.38,118.39,117.82,122.55,118.62,119.08,120.68,119.62,117.82,118.14,122.13,0.06,178.8,178.33,0.62,177.55,0.22,52.28,2.59,2.57,2.39,2.38,23.34,62.07,35.57,146.05,167.21,33.81,60.05,58.99,60.5,23.25,0.27,-0.28,0.32,-0.83,-0.83,0.33,-0.08,-0.09,-0.28,0.27,-0.25,-0.02,1521.67,1252.37,1252.37,3235.76,3237.19,99.89,154.52,154.52,4.27,4.58,2,1,1,8.84,1.47,3.89,4.93,1.35,7.63,2,1,1,408.26,420.03,15.68,1.51,413.46,2.65,0.24,0.11,0.09,1.35,57.04,62.91,-0.2,0.05,-0.27,-0.02,1751.43,44.03,251.68,229.55,41.26,1.39,219.24,2.78,0.77,0.35,0.26,97
R47,1.09,1.41,1.37,1.49,1.38,1.38,1.41,1.09,1.38,118.29,117.64,122.25,118.76,118.48,119.61,120.11,117.91,118.46,122.45,0.25,178.41,178.36,0.04,178.64,0.49,52.67,2.58,2.59,2.39,2.39,23.3,61.12,34.48,141.59,169.68,35.55,58.62,59.44,62.03,23.31,0.27,-0.28,0.32,-0.83,-0.83,0.32,-0.08,-0.09,-0.28,0.27,-0.25,-0.02,1521.61,1252,1280.81,3225.36,3233.88,104.79,45.37,141.12,5.43,10.07,2,1,1,7.75,2.01,3.87,4.65,1.35,7.56,2,1,1,392.82,402.68,15.6,1.49,399.43,2.59,0.24,0.13,0.1,1.28,7.96,-96.58,0.35,-0.48,-0.29,-0.06,1753.11,407.84,302.41,288.97,9.85,1.43,253.34,3.41,0.64,0.24,0.2,97
R49,1.89,1.42,1.39,1.49,1.38,1.39,1.42,1.89,1.38,121.47,116.67,124.23,120.61,120.76,118.79,118.9,116.84,121.35,126.32,5.21,169.6,169.69,2.54,168.55,6.88,55.11,3.06,3.06,2.39,2.39,400.09,53.2,35.15,172.22,168.95,32.68,61.85,62.51,55.18,402.59,1.89,-0.55,0.34,-0.83,-0.83,0.34,-0.08,-0.08,-0.55,1.89,-0.26,-0.02,1500.07,1277.65,1277.65,787.23,787.23,52.93,94.94,94.94,28.57,28.57,6.38,4.21,6.49,5.23,1.35,3.89,4.92,1.35,3.98,6.38,4.21,6.49,822.06,885.7,40.55,1.84,865.09,3.54,0.06,0.03,0.03,1.28,6.14,-104.48,0.28,-0.63,-0.27,-0.01,1745.26,163.29,306.81,296.45,37.6,1.43,273.33,2.59,0.89,0.12,0.12,97
R50,1.49,1.43,1.38,1.49,1.38,1.37,1.43,1.49,1.38,121.56,119.48,121.56,120.98,120.03,122.67,118.96,116.11,121.97,121.14,3.49,176.17,175.1,8.46,177.17,5.91,73.91,2.89,2.83,2.43,2.38,44.48,43.48,30.97,228.77,227.93,36.38,59.86,58.22,44.65,44.08,-0.06,-0.08,0.36,-0.81,-0.81,0.36,-0.09,-0.08,-0.07,-0.05,-0.25,-0.02,1050.05,1269.46,1269.46,1211.73,1211.73,61.95,241.46,241.46,98.16,98.16,6.33,1.62,4.37,7.48,1.52,6.53,7.48,1.52,6.53,6.33,1.62,4.37,823.83,917.16,6.67,1.8,862.99,1.12,0.05,0.04,0.03,1.35,83.83,31.57,-0.41,0.24,-0.28,-0.03,1700.12,767.73,265.6,242.51,42.25,1.41,253.69,1.3,0.77,0.2,0.17,97
R51,1.09,1.41,1.38,1.49,1.38,1.38,1.41,1.09,1.38,118.52,117.94,122.49,118.43,118.56,120.05,119.55,117.94,118.36,122.34,0.22,178.66,178.87,0.51,178.71,0.63,52.79,2.59,2.58,2.39,2.39,23.34,62.04,35.74,141.47,172.69,34.82,59.31,58.56,61.09,23.28,0.27,-0.28,0.32,-0.83,-0.83,0.32,-0.08,-0.09,-0.28,0.27,-0.25,-0.02,1526.26,1384.46,1384.46,3232.51,3223.89,97.91,163.72,163.72,6.73,5.36,2,1,1,9.98,2.57,3.87,5.29,1.35,9.75,2,1,1,434.28,449.7,15.51,1.53,447.47,2.21,0.23,0.08,0.07,1.33,51.89,50.27,-0.36,-0.16,-0.32,0,1752.73,50.1,191.24,161.83,39.33,1.33,158.15,3.83,2.56,0.51,0.44,97
R54,1.09,1.41,1.37,1.49,1.38,1.38,1.41,1.09,1.38,118.29,117.64,122.25,118.76,118.48,119.61,120.11,117.91,118.46,122.45,0.25,178.41,178.36,0.04,178.64,0.49,52.67,2.58,2.59,2.39,2.39,23.3,61.12,34.48,141.59,169.68,35.55,58.62,59.44,62.03,23.31,0.27,-0.28,0.32,-0.83,-0.83,0.32,-0.08,-0.09,-0.28,0.27,-0.25,-0.02,1521.61,1252,1280.81,3225.36,3233.88,104.79,45.37,141.12,5.43,10.07,2,1,1,7.75,2.01,3.87,4.65,1.35,7.56,2,1,1,392.82,402.68,15.6,1.49,399.43,2.59,0.24,0.13,0.1,1.28,12.43,-96.44,0.34,-0.49,-0.27,-0.02,1762.32,357.27,314.58,303.88,10.76,1.44,275.35,3.22,0.79,0.14,0.13,97
R57,1.89,1.42,1.4,1.49,1.38,1.39,1.42,1.89,1.38,121.25,116.69,124.35,120.56,120.86,118.68,118.77,116.82,121.3,125.99,6.99,167.89,169.07,2.4,168.33,6.93,55.55,3.05,3.06,2.4,2.4,401.91,54.13,35.71,172.72,171.5,33.26,62.02,62.41,55.54,403.72,1.89,-0.55,0.33,-0.83,-0.83,0.34,-0.08,-0.07,-0.56,1.89,-0.26,-0.03,1498.8,1272.18,1272.18,786.91,786.91,65.57,128.32,128.32,37.77,37.77,6.38,4.21,6.49,5.23,1.35,3.89,4.92,1.35,3.98,6.38,4.21,6.49,825.6,886.42,42.16,1.85,865.09,4.21,0.06,0.03,0.03,1.34,31.04,66.09,-0.05,-0.43,-0.25,0,1713.35,49.93,345.46,333.91,20.87,1.48,312.44,2.17,0.41,0.19,0.16,97
R78,1.89,1.42,1.4,1.49,1.38,1.39,1.42,1.89,1.38,121.25,116.69,124.35,120.56,120.86,118.68,118.77,116.82,121.3,125.99,6.99,167.89,169.07,2.4,168.33,6.93,55.55,3.05,3.06,2.4,2.4,401.91,54.13,35.71,172.72,171.5,33.26,62.02,62.41,55.54,403.72,1.89,-0.55,0.33,-0.83,-0.83,0.34,-0.08,-0.07,-0.56,1.89,-0.26,-0.03,1498.8,1272.18,1272.18,786.91,786.91,65.57,128.32,128.32,37.77,37.77,6.38,4.21,6.49,5.23,1.35,3.89,4.92,1.35,3.98,6.38,4.21,6.49,825.6,886.42,42.16,1.85,865.09,4.21,0.06,0.03,0.03,1.34,37.39,66.75,-0.05,-0.42,-0.25,0.01,1726.81,56.68,360.62,341.21,12.12,1.53,316.45,5,0.38,0.15,0.12,97
R96,1.09,1.41,1.37,1.49,1.38,1.38,1.41,1.09,1.38,118.29,117.64,122.25,118.76,118.48,119.61,120.11,117.91,118.46,122.45,0.25,178.41,178.36,0.04,178.64,0.49,52.67,2.58,2.59,2.39,2.39,23.3,61.12,34.48,141.59,169.68,35.55,58.62,59.44,62.03,23.31,0.27,-0.28,0.32,-0.83,-0.83,0.32,-0.08,-0.09,-0.28,0.27,-0.25,-0.02,1521.61,1252,1280.81,3225.36,3233.88,104.79,45.37,141.12,5.43,10.07,2,1,1,7.75,2.01,3.87,4.65,1.35,7.56,2,1,1,392.82,402.68,15.6,1.49,399.43,2.59,0.24,0.13,0.1,1.28,13.17,-106.1,0.34,-0.48,-0.28,-0.06,1766.18,320.05,303.02,284.41,10.69,1.45,293.29,5.53,0.88,0.11,0.11,97
R105,1.09,1.41,1.37,1.49,1.38,1.38,1.41,1.09,1.38,118.29,117.64,122.25,118.76,118.48,119.61,120.11,117.91,118.46,122.45,0.25,178.41,178.36,0.04,178.64,0.49,52.67,2.58,2.59,2.39,2.39,23.3,61.12,34.48,141.59,169.68,35.55,58.62,59.44,62.03,23.31,0.27,-0.28,0.32,-0.83,-0.83,0.32,-0.08,-0.09,-0.28,0.27,-0.25,-0.02,1521.61,1252,1280.81,3225.36,3233.88,104.79,45.37,141.12,5.43,10.07,2,1,1,7.75,2.01,3.87,4.65,1.35,7.56,2,1,1,392.82,402.68,15.6,1.49,399.43,2.59,0.24,0.13,0.1,1.28,13.76,-100.38,0.34,-0.48,-0.28,-0.06,1762.89,361.39,283.35,266.23,10.71,1.42,259.74,4.77,1.04,0.15,0.14,97
R128,1.09,1.41,1.38,1.49,1.38,1.37,1.41,1.09,1.38,118.47,117.77,122.55,118.5,118.63,120.18,119.65,117.77,118.3,122.3,0.64,178.79,178.7,0.71,178.28,0.65,52.59,2.59,2.58,2.39,2.39,23.35,62.15,35.66,140.62,171.02,34.78,59.36,58.71,60.88,23.38,0.27,-0.28,0.32,-0.83,-0.83,0.32,-0.08,-0.09,-0.28,0.27,-0.25,-0.02,1523.48,1386.47,1386.47,3224.64,3230.77,95.25,157.78,157.78,5.26,8.49,2,1,1,6.57,1.35,3.87,4.58,1.35,5.49,2,1,1,354.56,360.63,15.63,1.45,359.37,2.33,0.26,0.2,0.13,1.34,80.04,53.6,-0.44,0.03,-0.29,0,1743.25,89.92,175.49,146.86,41.4,1.3,143.14,3.51,3.38,0.69,0.58,97
R129,1.09,1.41,1.37,1.49,1.38,1.38,1.41,1.09,1.38,118.29,117.64,122.25,118.76,118.48,119.61,120.11,117.91,118.46,122.45,0.25,178.41,178.36,0.04,178.64,0.49,52.67,2.58,2.59,2.39,2.39,23.3,61.12,34.48,141.59,169.68,35.55,58.62,59.44,62.03,23.31,0.27,-0.28,0.32,-0.83,-0.83,0.32,-0.08,-0.09,-0.28,0.27,-0.25,-0.02,1521.61,1252,1280.81,3225.36,3233.88,104.79,45.37,141.12,5.43,10.07,2,1,1,7.75,2.01,3.87,4.65,1.35,7.56,2,1,1,392.82,402.68,15.6,1.49,399.43,2.59,0.24,0.13,0.1,1.28,12.71,-97.83,0.34,-0.49,-0.28,-0.06,1761.83,386.17,267.79,252.64,10.76,1.39,225.29,3.38,1.08,0.25,0.22,97
R145,1.09,1.41,1.38,1.49,1.38,1.37,1.42,1.09,1.38,118.39,117.82,122.55,118.62,119.08,120.68,119.62,117.82,118.14,122.13,0.06,178.8,178.33,0.62,177.55,0.22,52.28,2.59,2.57,2.39,2.38,23.34,62.07,35.57,146.05,167.21,33.81,60.05,58.99,60.5,23.25,0.27,-0.28,0.32,-0.83,-0.83,0.33,-0.08,-0.09,-0.28,0.27,-0.25,-0.02,1521.67,1252.37,1252.37,3235.76,3237.19,99.89,154.52,154.52,4.27,4.58,2,1,1,8.84,1.47,3.89,4.93,1.35,7.63,2,1,1,408.26,420.03,15.68,1.51,413.46,2.65,0.24,0.11,0.09,1.34,80.04,53.6,-0.44,0.03,-0.29,0,1743.25,89.92,175.49,146.86,41.4,1.3,143.14,3.51,3.38,0.69,0.58,97
R159,1.49,1.42,1.38,1.49,1.38,1.36,1.44,1.49,1.38,119.58,118.14,122.04,120.98,121.32,125.25,119.8,113.57,121.69,121.16,1.82,179.47,176.37,7.47,172.66,8.72,87.39,2.81,2.77,2.4,2.34,42.79,43.83,28.24,232.39,216.5,36.14,64.88,58.44,49.36,44.31,-0.06,-0.08,0.36,-0.82,-0.81,0.38,-0.1,-0.08,-0.08,-0.07,-0.25,-0.01,1111.17,1238.61,1223.42,1277.43,1277.43,17.52,216.87,130.15,172.49,172.49,6.36,1.5,3.15,8.55,1.35,7.91,8.55,1.35,7.91,6.36,1.5,3.15,905.16,990.94,7.36,1.88,919.1,1.99,0.04,0.03,0.03,1.36,84.48,30.2,-0.41,0.25,-0.28,-0.03,1698.97,667.01,250.02,228.92,42.25,1.38,219.24,3.83,0.81,0.35,0.26,97
R204,1.09,1.41,1.38,1.49,1.38,1.37,1.41,1.09,1.38,118.48,117.78,122.54,118.5,118.65,120.16,119.65,117.78,118.28,122.33,0.3,178.6,178.54,0.5,178.49,0.64,52.7,2.59,2.58,2.39,2.38,23.31,61.96,35.28,144.98,171.09,34.37,59.61,58.63,61.01,23.33,0.27,-0.28,0.32,-0.83,-0.83,0.32,-0.08,-0.09,-0.28,0.27,-0.25,-0.02,1525.7,1384.93,1384.93,3229.56,3224.53,97.82,171.4,171.4,4.78,5.87,2,1,1,7.17,1.96,3.87,5.39,1.35,6.38,2,1,1,392.51,397.44,15.44,1.5,387.42,2.49,0.24,0.15,0.11,1.35,57.04,62.91,-0.2,0.05,-0.27,-0.02,1751.43,44.03,251.68,229.55,41.26,1.39,219.24,2.78,0.77,0.35,0.26,97
R206,1.09,1.41,1.37,1.49,1.38,1.38,1.41,1.09,1.38,118.29,117.64,122.25,118.76,118.48,119.61,120.11,117.91,118.46,122.45,0.25,178.41,178.36,0.04,178.64,0.49,52.67,2.58,2.59,2.39,2.39,23.3,61.12,34.48,141.59,169.68,35.55,58.62,59.44,62.03,23.31,0.27,-0.28,0.32,-0.83,-0.83,0.32,-0.08,-0.09,-0.28,0.27,-0.25,-0.02,1521.61,1252,1280.81,3225.36,3233.88,104.79,45.37,141.12,5.43,10.07,2,1,1,7.75,2.01,3.87,4.65,1.35,7.56,2,1,1,392.82,402.68,15.6,1.49,399.43,2.59,0.24,0.13,0.1,1.28,12.71,-97.84,0.34,-0.49,-0.26,-0.02,1761.77,386.14,267.79,252.64,10.76,1.39,225.29,3.38,1.08,0.25,0.22,97
R207,1.09,1.41,1.38,1.49,1.38,1.38,1.41,1.09,1.38,118.5,117.86,122.5,118.55,118.62,120.11,119.62,117.86,118.34,122.34,0.3,178.66,178.73,0.87,178.3,0.59,52.85,2.59,2.58,2.39,2.39,23.32,62.09,35.87,141.95,172.27,34.95,59.14,58.58,60.9,23.33,0.27,-0.28,0.32,-0.83,-0.83,0.32,-0.08,-0.09,-0.28,0.27,-0.25,-0.02,1526.07,1384.71,1384.71,3228.01,3224.58,102.04,176.82,176.82,7.88,3.18,2,1,1,11.65,2.09,5.32,4.58,1.35,11.78,2,1,1,466.57,480.84,17.67,1.57,476.52,1.18,0.21,0.06,0.05,1.35,57.04,62.91,-0.2,0.05,-0.27,-0.02,1751.43,44.03,251.68,229.55,41.26,1.39,219.24,2.78,0.77,0.35,0.26,97
R283,1.5,1.43,1.38,1.49,1.38,1.38,1.42,1.5,1.38,119.09,116.93,122.83,118.97,118.78,119.02,120.22,117.85,119.27,123.11,0.1,177.94,176.04,0.56,179.81,1.61,53.05,2.78,2.8,2.39,2.4,174.92,50.47,34.07,145.81,170.46,35.66,58.5,60.65,50.47,173.89,-0.71,-0.06,0.34,-0.83,-0.83,0.33,-0.07,-0.08,-0.06,-0.72,-0.25,-0.01,1514.86,1268.57,1281.21,1142.19,1133.9,69.11,55.67,224.42,73.62,49.91,2.99,1.5,2.04,9.68,1.35,11.12,10.56,1.66,8.01,2.99,1.5,2.04,661.57,689.16,14.09,1.75,661.72,4.6,0.1,0.04,0.04,1.28,16.74,-119.74,0.33,-0.47,-0.26,-0.05,1766.12,330.39,265.96,247.45,44.45,1.4,240.26,7.8,0.94,0.19,0.17,97
R290,1.08,1.41,1.38,1.49,1.38,1.38,1.41,1.08,1.38,118.61,117.19,122.28,119.74,119.06,119,120.48,118.03,118.48,122.92,1.27,176.12,175.41,0.13,178.27,1.04,53.33,2.58,2.59,2.38,2.4,22.98,59.54,33.86,155.57,167.37,37.27,56.33,58.48,62.94,23.54,0.26,-0.27,0.34,-0.83,-0.83,0.31,-0.07,-0.08,-0.28,0.27,-0.24,-0.02,1525.11,1255.47,1280.94,3232.38,3231.97,57.18,94.63,162.07,6.55,2.86,2,1,1,11.99,3.24,8.27,7.04,1.35,10.3,2,1,1,682.39,764.67,13.03,1.69,745.8,1.54,0.09,0.04,0.04,1.31,23.18,-90.11,0.25,-0.48,-0.26,0.04,1663.45,25.31,177.03,162.32,7.03,1.23,143.19,2.17,2.8,0.86,0.66,97
R346,1.49,1.43,1.38,1.49,1.38,1.37,1.43,1.49,1.38,121.56,119.48,121.56,120.98,120.03,122.67,118.96,116.11,121.97,121.14,3.49,176.17,175.1,8.46,177.17,5.91,73.91,2.89,2.83,2.43,2.38,44.48,43.48,30.97,228.77,227.93,36.38,59.86,58.22,44.65,44.08,-0.06,-0.08,0.36,-0.81,-0.81,0.36,-0.09,-0.08,-0.07,-0.05,-0.25,-0.02,1050.05,1269.46,1269.46,1211.73,1211.73,61.95,241.46,241.46,98.16,98.16,6.33,1.62,4.37,7.48,1.52,6.53,7.48,1.52,6.53,6.33,1.62,4.37,823.83,917.16,6.67,1.8,862.99,1.12,0.05,0.04,0.03,1.35,83.79,31.66,-0.41,0.24,-0.28,-0.03,1702.53,745.09,270.57,247.26,42.25,1.42,298.14,0.97,0.77,0.14,0.12,97
R229,1.49,1.43,1.38,1.49,1.38,1.36,1.44,1.49,1.38,120.02,118.38,121.94,120.1,120.23,123.64,119.54,114.79,122.14,121.49,6.16,178.26,175.58,5.46,173.14,9.92,79.75,2.83,2.81,2.41,2.36,43.03,42.76,29.13,235.07,222.47,35.5,62.22,57.72,48.74,44,-0.06,-0.08,0.37,-0.81,-0.81,0.37,-0.1,-0.08,-0.07,-0.06,-0.25,-0.01,1113.68,1285,1285,1337.08,1337.08,3.74,98.12,98.12,17.66,17.66,6.36,1.5,3.15,7.48,1.52,6.53,7.48,1.52,6.53,6.36,1.5,3.15,762.46,845.38,6.56,1.76,806.88,1.18,0.06,0.04,0.04,1.35,50.16,58.86,-0.18,0.04,-0.26,-0.04,1748.05,123.24,296.5,280.71,44.48,1.43,269.3,1.87,0.73,0.18,0.15,97.3
R2,1.09,1.41,1.38,1.49,1.38,1.38,1.41,1.09,1.38,118.37,117.01,122.63,119.16,118.76,119.34,120.33,117.97,118.51,122.68,1.19,177.2,177.13,0.37,178.8,0.17,52.97,2.57,2.59,2.38,2.39,23.24,61.75,35.45,139.68,159.85,37.25,58.77,0.12,62.2,23.31,0.28,-0.28,0.32,-0.83,-0.84,0.31,-0.08,-0.08,-0.28,0.28,-0.25,-0.02,1523.44,1251.73,1279.56,3232.85,3229.84,89.89,130.68,163.93,1.46,2.7,2,1,1,4.86,1.35,5.88,4.31,1.35,6.33,2,1,1,367.38,374.12,21.11,1.46,374.38,3.27,0.25,0.18,0.12,1.33,49.8,52.44,-0.15,-0.36,-0.33,0,1749.08,25.91,191.37,161.86,39.51,1.33,158.15,1.4,3.49,0.46,0.42,97.6
R33,1.08,1.41,1.38,1.49,1.38,1.38,1.41,1.09,1.38,118.46,116.74,122.8,119.48,119.08,119.36,120.45,117.82,118.56,122.82,1.32,179.79,177.11,0.8,178.78,0.34,52.66,2.57,2.59,2.38,2.39,23.16,59.05,35.12,144.09,156.18,37.55,58.86,0.98,62.27,23.35,0.28,-0.27,0.32,-0.83,-0.84,0.31,-0.08,-0.08,-0.28,0.28,-0.25,-0.02,1522.23,1243.26,1274.86,3245.64,3233.37,79.81,140.52,225.73,0.71,4.04,2,1,1,7.6,1.61,6.98,5.93,1.35,7.23,2,1,1,430.13,450.17,40.44,1.51,474.45,5.03,0.2,0.1,0.08,1.33,49.8,52.44,-0.15,-0.36,-0.33,0,1749.08,25.91,191.37,161.86,39.51,1.33,158.15,1.4,3.49,0.46,0.42,97.8
R48,1.52,1.44,1.86,1.5,1.39,1.88,1.44,1.51,1.39,122.81,112.93,119.22,122.97,121.81,113.64,127.85,127.36,120.3,118.99,2.73,177.27,177.42,1.75,176.13,4.75,95.28,3.02,3.35,2.77,2.98,147.7,36.26,52.07,378.5,383.02,43.92,38.83,35.7,39.64,159.45,-0.47,-0.02,-0.33,0.89,0.88,-0.31,-0.01,-0.02,-0.02,-0.5,-0.25,-0.02,1312.3,1187.33,1187.33,1162.41,1187.33,1.35,1.77,1.77,5.24,1.76,8.42,1.58,4.96,7.12,2.38,5.84,7.12,2.38,5.84,8.42,1.58,4.96,811.31,897.83,0,1.8,830.99,3.9,0.05,0.03,0.03,1.33,80.81,50.47,-0.44,0.03,-0.3,0.01,1741.77,389.88,173.2,146,44.92,1.29,143.14,8.49,2.06,1,0.92,98
R89,1.89,1.42,1.4,1.49,1.38,1.39,1.42,1.89,1.38,121.25,116.69,124.35,120.56,120.86,118.68,118.77,116.82,121.3,125.99,6.99,167.89,169.07,2.4,168.33,6.93,55.55,3.05,3.06,2.4,2.4,401.91,54.13,35.71,172.72,171.5,33.26,62.02,62.41,55.54,403.72,1.89,-0.55,0.33,-0.83,-0.83,0.34,-0.08,-0.07,-0.56,1.89,-0.26,-0.03,1498.8,1272.18,1272.18,786.91,786.91,65.57,128.32,128.32,37.77,37.77,6.38,4.21,6.49,5.23,1.35,3.89,4.92,1.35,3.98,6.38,4.21,6.49,825.6,886.42,42.16,1.85,865.09,4.21,0.06,0.03,0.03,1.34,31.47,66.75,-0.05,-0.43,-0.26,0,1711.29,36.6,433.79,420.26,10.61,1.6,374.56,1.93,0.38,0.08,0.07,98
R90,1.09,1.41,1.38,1.49,1.38,1.38,1.41,1.09,1.38,118.5,117.86,122.5,118.55,118.62,120.11,119.62,117.86,118.34,122.34,0.3,178.66,178.73,0.87,178.3,0.59,52.85,2.59,2.58,2.39,2.39,23.32,62.09,35.87,141.95,172.27,34.95,59.14,58.58,60.9,23.33,0.27,-0.28,0.32,-0.83,-0.83,0.32,-0.08,-0.09,-0.28,0.27,-0.25,-0.02,1526.07,1384.71,1384.71,3228.01,3224.58,102.04,176.82,176.82,7.88,3.18,2,1,1,11.65,2.09,5.32,4.58,1.35,11.78,2,1,1,466.57,480.84,17.67,1.57,476.52,1.18,0.21,0.06,0.05,1.34,60.87,46.82,-0.23,0.14,-0.26,0.01,1755.29,52.32,242.74,219.07,23.25,1.38,189.26,4.78,0.86,0.51,0.36,98
R137,1.89,1.42,1.4,1.49,1.38,1.39,1.42,1.89,1.38,121.25,116.69,124.35,120.56,120.86,118.68,118.77,116.82,121.3,125.99,6.99,167.89,169.07,2.4,168.33,6.93,55.55,3.05,3.06,2.4,2.4,401.91,54.13,35.71,172.72,171.5,33.26,62.02,62.41,55.54,403.72,1.89,-0.55,0.33,-0.83,-0.83,0.34,-0.08,-0.07,-0.56,1.89,-0.26,-0.03,1498.8,1272.18,1272.18,786.91,786.91,65.57,128.32,128.32,37.77,37.77,6.38,4.21,6.49,5.23,1.35,3.89,4.92,1.35,3.98,6.38,4.21,6.49,825.6,886.42,42.16,1.85,865.09,4.21,0.06,0.03,0.03,1.34,32.42,68.05,-0.05,-0.43,-0.25,0.01,1723.1,49.74,262.83,248.27,24.63,1.38,226.28,3.84,1.1,0.25,0.23,98
R141,1.89,1.42,1.39,1.49,1.38,1.39,1.42,1.89,1.38,121.47,116.67,124.23,120.61,120.76,118.79,118.9,116.84,121.35,126.32,5.21,169.6,169.69,2.54,168.55,6.88,55.11,3.06,3.06,2.39,2.39,400.09,53.2,35.15,172.22,168.95,32.68,61.85,62.51,55.18,402.59,1.89,-0.55,0.34,-0.83,-0.83,0.34,-0.08,-0.08,-0.55,1.89,-0.26,-0.02,1500.07,1277.65,1277.65,787.23,787.23,52.93,94.94,94.94,28.57,28.57,6.38,4.21,6.49,5.23,1.35,3.89,4.92,1.35,3.98,6.38,4.21,6.49,822.06,885.7,40.55,1.84,865.09,3.54,0.06,0.03,0.03,1.28,6.36,-103.11,0.28,-0.63,-0.27,0,1745.68,163.83,247.11,231.35,37.59,1.36,211.26,2.71,1.1,0.31,0.27,98
R143,1.49,1.43,1.38,1.49,1.38,1.36,1.44,1.49,1.38,121.25,118.6,121.83,119.96,121.07,125.62,119.55,113.26,121.73,121.11,1.43,176.93,172.83,2.54,177.01,4.17,88.65,2.86,2.76,2.41,2.34,44.99,44.86,28.77,223.65,212.38,36.62,66.27,57.61,49.82,44.5,-0.07,-0.08,0.36,-0.82,-0.81,0.38,-0.11,-0.08,-0.08,-0.07,-0.25,-0.02,1113.52,1280.28,1280.28,1273.42,1273.42,26.17,160.08,160.08,112.86,112.86,6.36,1.5,3.15,7.48,1.52,6.53,7.48,1.52,6.53,6.36,1.5,3.15,764.9,846.92,7.28,1.77,806.88,1.55,0.05,0.04,0.04,1.36,84.48,30.2,-0.41,0.25,-0.28,-0.03,1698.97,667.01,250.02,228.92,42.25,1.38,219.24,3.83,0.81,0.35,0.26,98
R148,1.89,1.42,1.39,1.49,1.38,1.39,1.42,1.89,1.38,121.47,116.67,124.23,120.61,120.76,118.79,118.9,116.84,121.35,126.32,5.21,169.6,169.69,2.54,168.55,6.88,55.11,3.06,3.06,2.39,2.39,400.09,53.2,35.15,172.22,168.95,32.68,61.85,62.51,55.18,402.59,1.89,-0.55,0.34,-0.83,-0.83,0.34,-0.08,-0.08,-0.55,1.89,-0.26,-0.02,1500.07,1277.65,1277.65,787.23,787.23,52.93,94.94,94.94,28.57,28.57,6.38,4.21,6.49,5.23,1.35,3.89,4.92,1.35,3.98,6.38,4.21,6.49,822.06,885.7,40.55,1.84,865.09,3.54,0.06,0.03,0.03,1.27,6.79,-109.68,0.28,-0.62,-0.27,-0.03,1749.58,143.87,279.78,261.04,57.45,1.42,255.27,3.93,0.92,0.16,0.15,98
R149,1.09,1.41,1.38,1.49,1.38,1.38,1.41,1.09,1.38,118.48,117.73,122.55,118.43,118.64,120.11,119.69,117.73,118.34,122.4,0.61,178.71,178.42,0.45,178.42,0.82,52.55,2.59,2.58,2.39,2.39,23.33,62.15,35.73,141.85,170.07,34.82,59.34,58.8,60.99,23.32,0.27,-0.28,0.32,-0.83,-0.83,0.32,-0.08,-0.09,-0.28,0.27,-0.25,-0.02,1524.66,1385.09,1385.09,3224.15,3227.2,96.85,174.22,174.22,4.58,3.67,2,1,1,7.74,2.01,3.86,4.57,1.35,6.83,2,1,1,384.37,393.64,23.33,1.48,401.4,1.02,0.24,0.13,0.1,1.35,57.04,62.91,-0.2,0.05,-0.27,-0.02,1751.43,44.03,251.68,229.55,41.26,1.39,219.24,2.78,0.77,0.35,0.26,98
R160,1.49,1.43,1.38,1.49,1.38,1.37,1.43,1.49,1.38,121.56,119.48,121.56,120.98,120.03,122.67,118.96,116.11,121.97,121.14,3.49,176.17,175.1,8.46,177.17,5.91,73.91,2.89,2.83,2.43,2.38,44.48,43.48,30.97,228.77,227.93,36.38,59.86,58.22,44.65,44.08,-0.06,-0.08,0.36,-0.81,-0.81,0.36,-0.09,-0.08,-0.07,-0.05,-0.25,-0.02,1050.05,1269.46,1269.46,1211.73,1211.73,61.95,241.46,241.46,98.16,98.16,6.33,1.62,4.37,7.48,1.52,6.53,7.48,1.52,6.53,6.33,1.62,4.37,823.83,917.16,6.67,1.8,862.99,1.12,0.05,0.04,0.03,1.36,84.33,30,-0.41,0.25,-0.28,-0.03,1698.45,654.27,270.73,247.39,41.83,1.42,233.27,3.69,0.78,0.28,0.22,98
R169,1.89,1.42,1.39,1.49,1.38,1.39,1.42,1.89,1.38,121.47,116.67,124.23,120.61,120.76,118.79,118.9,116.84,121.35,126.32,5.21,169.6,169.69,2.54,168.55,6.88,55.11,3.06,3.06,2.39,2.39,400.09,53.2,35.15,172.22,168.95,32.68,61.85,62.51,55.18,402.59,1.89,-0.55,0.34,-0.83,-0.83,0.34,-0.08,-0.08,-0.55,1.89,-0.26,-0.02,1500.07,1277.65,1277.65,787.23,787.23,52.93,94.94,94.94,28.57,28.57,6.38,4.21,6.49,5.23,1.35,3.89,4.92,1.35,3.98,6.38,4.21,6.49,822.06,885.7,40.55,1.84,865.09,3.54,0.06,0.03,0.03,1.28,7.64,-104.71,0.28,-0.63,-0.27,-0.01,1745.27,168.35,262.62,244.93,37.59,1.39,245.71,2.95,0.93,0.19,0.17,98
R202,1.89,1.42,1.4,1.49,1.38,1.39,1.42,1.89,1.38,121.25,116.69,124.35,120.56,120.86,118.68,118.77,116.82,121.3,125.99,6.99,167.89,169.07,2.4,168.33,6.93,55.55,3.05,3.06,2.4,2.4,401.91,54.13,35.71,172.72,171.5,33.26,62.02,62.41,55.54,403.72,1.89,-0.55,0.33,-0.83,-0.83,0.34,-0.08,-0.07,-0.56,1.89,-0.26,-0.03,1498.8,1272.18,1272.18,786.91,786.91,65.57,128.32,128.32,37.77,37.77,6.38,4.21,6.49,5.23,1.35,3.89,4.92,1.35,3.98,6.38,4.21,6.49,825.6,886.42,42.16,1.85,865.09,4.21,0.06,0.03,0.03,1.34,38.17,66.77,-0.06,-0.42,-0.24,0.01,1717.68,62.32,301.43,285.08,24.66,1.44,272.37,3.19,0.83,0.14,0.12,98
R212,1.89,1.42,1.39,1.49,1.38,1.39,1.42,1.89,1.38,121.44,116.75,124.27,120.59,120.8,118.7,118.8,116.9,121.38,126.43,6.06,168.9,169.59,2.52,168.46,6.82,55.41,3.06,3.06,2.4,2.4,401.48,53.9,35.58,172.54,170.63,33.04,61.94,62.34,55.45,403.43,1.89,-0.55,0.33,-0.83,-0.83,0.34,-0.08,-0.07,-0.55,1.89,-0.26,-0.03,1499.06,1274.15,1274.15,787.05,787.05,63.17,114.92,114.92,37.12,37.12,6.38,4.21,6.49,5.23,1.35,3.89,4.92,1.35,3.98,6.38,4.21,6.49,824.76,886.08,41.75,1.85,865.09,4.07,0.06,0.03,0.03,1.34,32.39,68.3,-0.05,-0.43,-0.25,0.01,1724.35,47.35,262.8,248.23,24.64,1.38,226.28,3.7,1.1,0.25,0.23,98
R213,1.89,1.42,1.4,1.49,1.38,1.39,1.42,1.89,1.38,121.25,116.69,124.35,120.56,120.86,118.68,118.77,116.82,121.3,125.99,6.99,167.89,169.07,2.4,168.33,6.93,55.55,3.05,3.06,2.4,2.4,401.91,54.13,35.71,172.72,171.5,33.26,62.02,62.41,55.54,403.72,1.89,-0.55,0.33,-0.83,-0.83,0.34,-0.08,-0.07,-0.56,1.89,-0.26,-0.03,1498.8,1272.18,1272.18,786.91,786.91,65.57,128.32,128.32,37.77,37.77,6.38,4.21,6.49,5.23,1.35,3.89,4.92,1.35,3.98,6.38,4.21,6.49,825.6,886.42,42.16,1.85,865.09,4.21,0.06,0.03,0.03,1.34,36.7,67.43,-0.05,-0.42,-0.25,0.01,1724.73,53,374.5,354.85,12.13,1.55,312.49,2.74,0.38,0.15,0.12,98
R272,1.89,1.42,1.39,1.49,1.38,1.39,1.42,1.89,1.38,121.42,116.75,124.28,120.58,120.81,118.69,118.79,116.9,121.36,126.44,6.19,168.78,169.57,2.52,168.43,6.84,55.44,3.06,3.06,2.4,2.4,401.68,53.99,35.65,172.61,170.87,33.11,61.97,62.32,55.51,403.56,1.89,-0.55,0.33,-0.83,-0.83,0.34,-0.08,-0.07,-0.56,1.89,-0.26,-0.03,1498.93,1273.53,1273.53,787.05,787.05,64.69,118.23,118.23,38.02,38.02,6.38,4.21,6.49,5.23,1.35,3.89,4.92,1.35,3.98,6.38,4.21,6.49,825.06,886.12,41.89,1.85,865.09,4.15,0.06,0.03,0.03,1.34,32.41,68.2,-0.05,-0.43,-0.25,0.01,1723.94,48.82,262.79,248.23,24.65,1.38,226.28,3.75,1.1,0.25,0.23,98
R276,1.09,1.41,1.38,1.49,1.38,1.38,1.41,1.09,1.38,118.48,117.73,122.55,118.43,118.64,120.11,119.69,117.73,118.34,122.4,0.61,178.71,178.42,0.45,178.42,0.82,52.55,2.59,2.58,2.39,2.39,23.33,62.15,35.73,141.85,170.07,34.82,59.34,58.8,60.99,23.32,0.27,-0.28,0.32,-0.83,-0.83,0.32,-0.08,-0.09,-0.28,0.27,-0.25,-0.02,1524.66,1385.09,1385.09,3224.15,3227.2,96.85,174.22,174.22,4.58,3.67,2,1,1,7.74,2.01,3.86,4.57,1.35,6.83,2,1,1,384.37,393.64,23.33,1.48,401.4,1.02,0.24,0.13,0.1,1.33,51.89,50.27,-0.36,-0.16,-0.32,0,1752.73,50.1,191.24,161.83,39.33,1.33,158.15,3.83,2.56,0.51,0.44,98
R277,1.09,1.41,1.37,1.49,1.38,1.38,1.41,1.09,1.38,118.29,117.64,122.25,118.76,118.48,119.61,120.11,117.91,118.46,122.45,0.25,178.41,178.36,0.04,178.64,0.49,52.67,2.58,2.59,2.39,2.39,23.3,61.12,34.48,141.59,169.68,35.55,58.62,59.44,62.03,23.31,0.27,-0.28,0.32,-0.83,-0.83,0.32,-0.08,-0.09,-0.28,0.27,-0.25,-0.02,1521.61,1252,1280.81,3225.36,3233.88,104.79,45.37,141.12,5.43,10.07,2,1,1,7.75,2.01,3.87,4.65,1.35,7.56,2,1,1,392.82,402.68,15.6,1.49,399.43,2.59,0.24,0.13,0.1,1.28,12.88,-94.54,0.34,-0.49,-0.25,-0.01,1759.07,408.37,287.71,270.87,10.79,1.42,239.32,3.24,1.05,0.19,0.18,98
R279,1.89,1.42,1.4,1.49,1.38,1.39,1.42,1.89,1.38,121.25,116.69,124.35,120.56,120.86,118.68,118.77,116.82,121.3,125.99,6.99,167.89,169.07,2.4,168.33,6.93,55.55,3.05,3.06,2.4,2.4,401.91,54.13,35.71,172.72,171.5,33.26,62.02,62.41,55.54,403.72,1.89,-0.55,0.33,-0.83,-0.83,0.34,-0.08,-0.07,-0.56,1.89,-0.26,-0.03,1498.8,1272.18,1272.18,786.91,786.91,65.57,128.32,128.32,37.77,37.77,6.38,4.21,6.49,5.23,1.35,3.89,4.92,1.35,3.98,6.38,4.21,6.49,825.6,886.42,42.16,1.85,865.09,4.21,0.06,0.03,0.03,1.34,35.84,65.56,-0.06,-0.42,-0.25,-0.01,1714.9,44.4,384.49,368.56,12.17,1.55,324.5,2.81,0.35,0.14,0.11,98
R280,1.09,1.41,1.38,1.49,1.38,1.38,1.41,1.09,1.38,118.5,117.86,122.5,118.55,118.62,120.11,119.62,117.86,118.34,122.34,0.3,178.66,178.73,0.87,178.3,0.59,52.85,2.59,2.58,2.39,2.39,23.32,62.09,35.87,141.95,172.27,34.95,59.14,58.58,60.9,23.33,0.27,-0.28,0.32,-0.83,-0.83,0.32,-0.08,-0.09,-0.28,0.27,-0.25,-0.02,1526.07,1384.71,1384.71,3228.01,3224.58,102.04,176.82,176.82,7.88,3.18,2,1,1,11.65,2.09,5.32,4.58,1.35,11.78,2,1,1,466.57,480.84,17.67,1.57,476.52,1.18,0.21,0.06,0.05,1.34,90.82,43.29,-0.51,0.15,-0.25,0.02,1731.24,74.34,232.88,209.46,28.92,1.37,191.23,5.49,2.12,0.28,0.26,98
R281,1.49,1.43,1.38,1.49,1.38,1.37,1.43,1.49,1.38,121.56,119.48,121.56,120.98,120.03,122.67,118.96,116.11,121.97,121.14,3.49,176.17,175.1,8.46,177.17,5.91,73.91,2.89,2.83,2.43,2.38,44.48,43.48,30.97,228.77,227.93,36.38,59.86,58.22,44.65,44.08,-0.06,-0.08,0.36,-0.81,-0.81,0.36,-0.09,-0.08,-0.07,-0.05,-0.25,-0.02,1050.05,1269.46,1269.46,1211.73,1211.73,61.95,241.46,241.46,98.16,98.16,6.33,1.62,4.37,7.48,1.52,6.53,7.48,1.52,6.53,6.33,1.62,4.37,823.83,917.16,6.67,1.8,862.99,1.12,0.05,0.04,0.03,1.36,84.53,31.02,-0.41,0.25,-0.28,-0.03,1699.34,754.18,276.39,251.93,41.84,1.43,251.26,1.97,0.77,0.22,0.18,98
R286,1.5,1.43,1.38,1.49,1.38,1.38,1.42,1.5,1.38,119.09,116.93,122.83,118.97,118.78,119.02,120.22,117.85,119.27,123.11,0.1,177.94,176.04,0.56,179.81,1.61,53.05,2.78,2.8,2.39,2.4,174.92,50.47,34.07,145.81,170.46,35.66,58.5,60.65,50.47,173.89,-0.71,-0.06,0.34,-0.83,-0.83,0.33,-0.07,-0.08,-0.06,-0.72,-0.25,-0.01,1514.86,1268.57,1281.21,1142.19,1133.9,69.11,55.67,224.42,73.62,49.91,2.99,1.5,2.04,9.68,1.35,11.12,10.56,1.66,8.01,2.99,1.5,2.04,661.57,689.16,14.09,1.75,661.72,4.6,0.1,0.04,0.04,1.28,15.54,-124.05,0.33,-0.47,-0.25,-0.01,1772.8,369.33,302.76,283.66,43.63,1.45,268.32,7.68,0.69,0.17,0.16,98
R287,1.5,1.43,1.38,1.49,1.38,1.38,1.42,1.5,1.38,119.09,116.93,122.83,118.97,118.78,119.02,120.22,117.85,119.27,123.11,0.1,177.94,176.04,0.56,179.81,1.61,53.05,2.78,2.8,2.39,2.4,174.92,50.47,34.07,145.81,170.46,35.66,58.5,60.65,50.47,173.89,-0.71,-0.06,0.34,-0.83,-0.83,0.33,-0.07,-0.08,-0.06,-0.72,-0.25,-0.01,1514.86,1268.57,1281.21,1142.19,1133.9,69.11,55.67,224.42,73.62,49.91,2.99,1.5,2.04,9.68,1.35,11.12,10.56,1.66,8.01,2.99,1.5,2.04,661.57,689.16,14.09,1.75,661.72,4.6,0.1,0.04,0.04,1.28,14.8,-132.59,0.33,-0.46,-0.26,-0.01,1770.92,269.38,302.61,283.64,43.64,1.45,268.32,5.63,1,0.14,0.13,98
R288,1.89,1.42,1.4,1.49,1.38,1.39,1.42,1.89,1.38,121.25,116.69,124.35,120.56,120.86,118.68,118.77,116.82,121.3,125.99,6.99,167.89,169.07,2.4,168.33,6.93,55.55,3.05,3.06,2.4,2.4,401.91,54.13,35.71,172.72,171.5,33.26,62.02,62.41,55.54,403.72,1.89,-0.55,0.33,-0.83,-0.83,0.34,-0.08,-0.07,-0.56,1.89,-0.26,-0.03,1498.8,1272.18,1272.18,786.91,786.91,65.57,128.32,128.32,37.77,37.77,6.38,4.21,6.49,5.23,1.35,3.89,4.92,1.35,3.98,6.38,4.21,6.49,825.6,886.42,42.16,1.85,865.09,4.21,0.06,0.03,0.03,1.34,36.85,66.42,-0.05,-0.41,-0.25,-0.01,1723.55,52.04,434.25,419.97,12.07,1.6,374.56,3.32,0.34,0.07,0.06,98
R289,1.89,1.42,1.4,1.49,1.38,1.39,1.42,1.89,1.38,121.25,116.69,124.35,120.56,120.86,118.68,118.77,116.82,121.3,125.99,6.99,167.89,169.07,2.4,168.33,6.93,55.55,3.05,3.06,2.4,2.4,401.91,54.13,35.71,172.72,171.5,33.26,62.02,62.41,55.54,403.72,1.89,-0.55,0.33,-0.83,-0.83,0.34,-0.08,-0.07,-0.56,1.89,-0.26,-0.03,1498.8,1272.18,1272.18,786.91,786.91,65.57,128.32,128.32,37.77,37.77,6.38,4.21,6.49,5.23,1.35,3.89,4.92,1.35,3.98,6.38,4.21,6.49,825.6,886.42,42.16,1.85,865.09,4.21,0.06,0.03,0.03,1.34,31.39,67.03,-0.05,-0.43,-0.26,0,1715.12,35.33,387.43,369.17,11.19,1.56,324.5,2.09,0.41,0.13,0.12,98
R350,1.36,1.44,1.86,1.5,1.39,1.86,1.44,1.35,1.38,114.13,111.8,118.38,124.02,120.42,116.1,129.59,125.3,115.5,118.61,3.72,171.31,173.48,8.05,173.37,6.48,93.27,2.73,3.11,2.74,2.94,178.03,32.26,50.07,377.81,390.68,52.06,34.73,39.54,31.11,181.73,-0.57,0.34,-0.36,0.91,0.9,-0.36,0,-0.03,0.34,-0.57,-0.25,-0.02,1093.23,1230.97,1265.86,1230.97,1265.86,13.44,137.29,165.64,129.78,165.64,5.15,1.35,4.16,7.12,2.38,5.84,7.12,2.38,5.84,5.15,1.35,4.16,716.44,788.04,5.8,1.74,738.85,3.63,0.07,0.05,0.04,1.33,80.81,50.47,-0.44,0.03,-0.3,0.01,1741.77,389.88,173.2,146,44.92,1.29,143.14,8.49,2.06,1,0.92,98
R356,1.09,1.41,1.38,1.49,1.38,1.38,1.41,1.09,1.38,118.48,117.73,122.55,118.43,118.64,120.11,119.69,117.73,118.34,122.4,0.61,178.71,178.42,0.45,178.42,0.82,52.55,2.59,2.58,2.39,2.39,23.33,62.15,35.73,141.85,170.07,34.82,59.34,58.8,60.99,23.32,0.27,-0.28,0.32,-0.83,-0.83,0.32,-0.08,-0.09,-0.28,0.27,-0.25,-0.02,1524.66,1385.09,1385.09,3224.15,3227.2,96.85,174.22,174.22,4.58,3.67,2,1,1,7.74,2.01,3.86,4.57,1.35,6.83,2,1,1,384.37,393.64,23.33,1.48,401.4,1.02,0.24,0.13,0.1,1.34,60.87,46.82,-0.23,0.14,-0.26,0.01,1755.29,52.32,242.74,219.07,23.25,1.38,189.26,4.78,0.86,0.51,0.36,98
R366,1.89,1.42,1.4,1.49,1.38,1.39,1.42,1.89,1.38,121.25,116.69,124.35,120.56,120.86,118.68,118.77,116.82,121.3,125.99,6.99,167.89,169.07,2.4,168.33,6.93,55.55,3.05,3.06,2.4,2.4,401.91,54.13,35.71,172.72,171.5,33.26,62.02,62.41,55.54,403.72,1.89,-0.55,0.33,-0.83,-0.83,0.34,-0.08,-0.07,-0.56,1.89,-0.26,-0.03,1498.8,1272.18,1272.18,786.91,786.91,65.57,128.32,128.32,37.77,37.77,6.38,4.21,6.49,5.23,1.35,3.89,4.92,1.35,3.98,6.38,4.21,6.49,825.6,886.42,42.16,1.85,865.09,4.21,0.06,0.03,0.03,1.34,31.2,67.2,-0.05,-0.43,-0.25,0.01,1713.78,34.51,351.32,336.23,11.57,1.5,298.46,2.06,0.42,0.21,0.17,98
R35,1.09,1.41,1.38,1.49,1.38,1.38,1.41,1.09,1.38,118.51,116.98,122.82,119.1,118.74,119.48,120.19,117.79,118.55,122.73,0.18,178.77,178.18,0.23,178.79,0.02,52.68,2.57,2.59,2.38,2.39,24.18,61.25,35.95,140.38,161.51,37.09,58.85,0.3,62.23,23.21,0.28,-0.28,0.32,-0.83,-0.84,0.31,-0.08,-0.08,-0.28,0.28,-0.25,-0.02,1521.65,1246.64,1276.1,3225.14,3211.38,84.21,145.66,212.34,2.91,2.64,2,1,1,4.77,1.35,9.04,5.45,1.35,8.08,2,1,1,425.38,439.15,20.6,1.52,436.45,3.15,0.24,0.1,0.08,1.33,49.8,52.44,-0.15,-0.36,-0.33,0,1749.08,25.91,191.37,161.86,39.51,1.33,158.15,1.4,3.49,0.46,0.42,98.2
R6,1.08,1.41,1.38,1.49,1.38,1.39,1.41,1.08,1.38,118.47,118,122.6,118.92,119.38,119.89,119.38,117.13,118.47,122.99,0.51,178.84,178.87,2.96,178.27,1.62,54.06,2.59,2.58,2.39,2.39,23.66,62.64,37.64,152.07,155.76,36,57.77,9.51,59.49,23.09,0.27,-0.28,0.32,-0.84,-0.83,0.32,-0.08,-0.08,-0.28,0.28,-0.25,-0.02,1522.94,1277.04,1244.84,3231.66,3235.26,84.81,183.41,120.07,5.45,2.54,2,1,1,5.08,1.35,7.92,7.28,1.66,6.51,2,1,1,418.63,438.85,19.14,1.5,436.45,1.81,0.08,0.13,0.08,1.33,49.8,52.44,-0.15,-0.36,-0.33,0,1749.08,25.91,191.37,161.86,39.51,1.33,158.15,1.4,3.49,0.46,0.42,98.2
R43,1.09,1.41,1.38,1.49,1.38,1.38,1.41,1.09,1.38,118.48,117.73,122.55,118.43,118.64,120.11,119.69,117.73,118.34,122.4,0.61,178.71,178.42,0.45,178.42,0.82,52.55,2.59,2.58,2.39,2.39,23.33,62.15,35.73,141.85,170.07,34.82,59.34,58.8,60.99,23.32,0.27,-0.28,0.32,-0.83,-0.83,0.32,-0.08,-0.09,-0.28,0.27,-0.25,-0.02,1524.66,1385.09,1385.09,3224.15,3227.2,96.85,174.22,174.22,4.58,3.67,2,1,1,7.74,2.01,3.86,4.57,1.35,6.83,2,1,1,384.37,393.64,23.33,1.48,401.4,1.02,0.24,0.13,0.1,1.34,90.82,43.29,-0.51,0.15,-0.25,0.02,1731.24,74.34,232.88,209.46,28.92,1.37,191.23,5.49,2.12,0.28,0.26,99
R44,1.09,1.41,1.38,1.49,1.38,1.37,1.41,1.09,1.38,118.46,117.75,122.5,118.43,118.61,120.13,119.72,117.75,118.3,122.34,0.49,178.65,178.46,0.38,178.49,0.71,52.56,2.59,2.58,2.39,2.39,23.31,61.99,35.48,140.79,169.69,34.53,59.37,58.69,60.91,23.32,0.27,-0.28,0.32,-0.83,-0.83,0.32,-0.08,-0.09,-0.28,0.27,-0.25,-0.02,1525.5,1385.31,1385.31,3225.62,3224.92,99.41,192.88,192.88,5.62,6.31,2,1,1,7.72,2,3.86,4.58,1.35,7.56,2,1,1,392.45,402.63,15.53,1.49,399.43,2.62,0.24,0.13,0.1,1.34,88.87,43.1,-0.5,0.15,-0.27,0.01,1734.2,49.45,203.32,182.53,21.95,1.31,161.2,5.15,2.29,0.5,0.43,99
R45,1.09,1.41,1.38,1.49,1.38,1.38,1.41,1.09,1.38,118.48,117.73,122.55,118.43,118.64,120.11,119.69,117.73,118.34,122.4,0.61,178.71,178.42,0.45,178.42,0.82,52.55,2.59,2.58,2.39,2.39,23.33,62.15,35.73,141.85,170.07,34.82,59.34,58.8,60.99,23.32,0.27,-0.28,0.32,-0.83,-0.83,0.32,-0.08,-0.09,-0.28,0.27,-0.25,-0.02,1524.66,1385.09,1385.09,3224.15,3227.2,96.85,174.22,174.22,4.58,3.67,2,1,1,7.74,2.01,3.86,4.57,1.35,6.83,2,1,1,384.37,393.64,23.33,1.48,401.4,1.02,0.24,0.13,0.1,1.34,87.83,44.15,-0.49,0.14,-0.27,0,1734.31,52.87,218.94,196.14,21.97,1.34,195.65,3.63,2.11,0.28,0.25,99
R120,1.49,1.43,1.38,1.49,1.38,1.37,1.43,1.49,1.38,121.56,119.48,121.56,120.98,120.03,122.67,118.96,116.11,121.97,121.14,3.49,176.17,175.1,8.46,177.17,5.91,73.91,2.89,2.83,2.43,2.38,44.48,43.48,30.97,228.77,227.93,36.38,59.86,58.22,44.65,44.08,-0.06,-0.08,0.36,-0.81,-0.81,0.36,-0.09,-0.08,-0.07,-0.05,-0.25,-0.02,1050.05,1269.46,1269.46,1211.73,1211.73,61.95,241.46,241.46,98.16,98.16,6.33,1.62,4.37,7.48,1.52,6.53,7.48,1.52,6.53,6.33,1.62,4.37,823.83,917.16,6.67,1.8,862.99,1.12,0.05,0.04,0.03,1.36,86.31,30.88,-0.42,0.25,-0.27,-0.02,1691.93,1004.11,279.13,255.73,49.12,1.43,249.27,5.25,0.75,0.21,0.17,99
R121,1.09,1.41,1.37,1.49,1.38,1.38,1.41,1.09,1.38,118.29,117.64,122.25,118.76,118.48,119.61,120.11,117.91,118.46,122.45,0.25,178.41,178.36,0.04,178.64,0.49,52.67,2.58,2.59,2.39,2.39,23.3,61.12,34.48,141.59,169.68,35.55,58.62,59.44,62.03,23.31,0.27,-0.28,0.32,-0.83,-0.83,0.32,-0.08,-0.09,-0.28,0.27,-0.25,-0.02,1521.61,1252,1280.81,3225.36,3233.88,104.79,45.37,141.12,5.43,10.07,2,1,1,7.75,2.01,3.87,4.65,1.35,7.56,2,1,1,392.82,402.68,15.6,1.49,399.43,2.59,0.24,0.13,0.1,1.28,15.43,-112.51,0.33,-0.48,-0.26,-0.01,1759.12,349.68,306.85,289.39,12.4,1.45,253.34,1.68,1.07,0.15,0.14,99
R122,1.09,1.41,1.38,1.49,1.38,1.37,1.41,1.09,1.38,118.46,117.75,122.5,118.43,118.61,120.13,119.72,117.75,118.3,122.34,0.49,178.65,178.46,0.38,178.49,0.71,52.56,2.59,2.58,2.39,2.39,23.31,61.99,35.48,140.79,169.69,34.53,59.37,58.69,60.91,23.32,0.27,-0.28,0.32,-0.83,-0.83,0.32,-0.08,-0.09,-0.28,0.27,-0.25,-0.02,1525.5,1385.31,1385.31,3225.62,3224.92,99.41,192.88,192.88,5.62,6.31,2,1,1,7.72,2,3.86,4.58,1.35,7.56,2,1,1,392.45,402.63,15.53,1.49,399.43,2.62,0.24,0.13,0.1,1.35,57.04,62.91,-0.2,0.05,-0.27,-0.02,1751.43,44.03,251.68,229.55,41.26,1.39,219.24,2.78,0.77,0.35,0.26,99
R123,1.09,1.41,1.38,1.49,1.38,1.37,1.41,1.09,1.38,118.46,117.75,122.5,118.43,118.61,120.13,119.72,117.75,118.3,122.34,0.49,178.65,178.46,0.38,178.49,0.71,52.56,2.59,2.58,2.39,2.39,23.31,61.99,35.48,140.79,169.69,34.53,59.37,58.69,60.91,23.32,0.27,-0.28,0.32,-0.83,-0.83,0.32,-0.08,-0.09,-0.28,0.27,-0.25,-0.02,1525.5,1385.31,1385.31,3225.62,3224.92,99.41,192.88,192.88,5.62,6.31,2,1,1,7.72,2,3.86,4.58,1.35,7.56,2,1,1,392.45,402.63,15.53,1.49,399.43,2.62,0.24,0.13,0.1,1.34,90.82,43.29,-0.51,0.15,-0.25,0.02,1731.24,74.34,232.88,209.46,28.92,1.37,191.23,5.49,2.12,0.28,0.26,99
R124,1.89,1.42,1.4,1.49,1.38,1.39,1.42,1.89,1.38,121.25,116.69,124.35,120.56,120.86,118.68,118.77,116.82,121.3,125.99,6.99,167.89,169.07,2.4,168.33,6.93,55.55,3.05,3.06,2.4,2.4,401.91,54.13,35.71,172.72,171.5,33.26,62.02,62.41,55.54,403.72,1.89,-0.55,0.33,-0.83,-0.83,0.34,-0.08,-0.07,-0.56,1.89,-0.26,-0.03,1498.8,1272.18,1272.18,786.91,786.91,65.57,128.32,128.32,37.77,37.77,6.38,4.21,6.49,5.23,1.35,3.89,4.92,1.35,3.98,6.38,4.21,6.49,825.6,886.42,42.16,1.85,865.09,4.21,0.06,0.03,0.03,1.34,32.6,68.06,-0.05,-0.43,-0.25,0.01,1722.5,38.24,389.33,370.81,23.68,1.56,326.51,2.7,0.61,0.1,0.09,99
R127,1.49,1.43,1.38,1.49,1.38,1.37,1.43,1.49,1.38,121.56,119.48,121.56,120.98,120.03,122.67,118.96,116.11,121.97,121.14,3.49,176.17,175.1,8.46,177.17,5.91,73.91,2.89,2.83,2.43,2.38,44.48,43.48,30.97,228.77,227.93,36.38,59.86,58.22,44.65,44.08,-0.06,-0.08,0.36,-0.81,-0.81,0.36,-0.09,-0.08,-0.07,-0.05,-0.25,-0.02,1050.05,1269.46,1269.46,1211.73,1211.73,61.95,241.46,241.46,98.16,98.16,6.33,1.62,4.37,7.48,1.52,6.53,7.48,1.52,6.53,6.33,1.62,4.37,823.83,917.16,6.67,1.8,862.99,1.12,0.05,0.04,0.03,1.36,84.58,31.18,-0.41,0.25,-0.28,-0.03,1699.93,758.58,255.66,233.45,42.25,1.39,237.23,2.08,0.78,0.26,0.21,99
R136,1.09,1.41,1.37,1.49,1.38,1.38,1.41,1.09,1.38,118.29,117.64,122.25,118.76,118.48,119.61,120.11,117.91,118.46,122.45,0.25,178.41,178.36,0.04,178.64,0.49,52.67,2.58,2.59,2.39,2.39,23.3,61.12,34.48,141.59,169.68,35.55,58.62,59.44,62.03,23.31,0.27,-0.28,0.32,-0.83,-0.83,0.32,-0.08,-0.09,-0.28,0.27,-0.25,-0.02,1521.61,1252,1280.81,3225.36,3233.88,104.79,45.37,141.12,5.43,10.07,2,1,1,7.75,2.01,3.87,4.65,1.35,7.56,2,1,1,392.82,402.68,15.6,1.49,399.43,2.59,0.24,0.13,0.1,1.28,15.53,-113.34,0.33,-0.48,-0.28,-0.01,1763.31,359.69,280.48,262.6,5.88,1.41,223.32,2.49,1.12,0.21,0.19,99
R138,1.89,1.42,1.39,1.49,1.38,1.39,1.42,1.89,1.38,121.47,116.67,124.23,120.61,120.76,118.79,118.9,116.84,121.35,126.32,5.21,169.6,169.69,2.54,168.55,6.88,55.11,3.06,3.06,2.39,2.39,400.09,53.2,35.15,172.22,168.95,32.68,61.85,62.51,55.18,402.59,1.89,-0.55,0.34,-0.83,-0.83,0.34,-0.08,-0.08,-0.55,1.89,-0.26,-0.02,1500.07,1277.65,1277.65,787.23,787.23,52.93,94.94,94.94,28.57,28.57,6.38,4.21,6.49,5.23,1.35,3.89,4.92,1.35,3.98,6.38,4.21,6.49,822.06,885.7,40.55,1.84,865.09,3.54,0.06,0.03,0.03,1.28,5.76,-107.77,0.28,-0.63,-0.26,-0.02,1749.38,131.63,274.01,264.35,37.62,1.38,247.3,2.46,1.04,0.19,0.17,99
R139,1.09,1.41,1.38,1.49,1.38,1.38,1.41,1.09,1.38,118.5,117.86,122.5,118.55,118.62,120.11,119.62,117.86,118.34,122.34,0.3,178.66,178.73,0.87,178.3,0.59,52.85,2.59,2.58,2.39,2.39,23.32,62.09,35.87,141.95,172.27,34.95,59.14,58.58,60.9,23.33,0.27,-0.28,0.32,-0.83,-0.83,0.32,-0.08,-0.09,-0.28,0.27,-0.25,-0.02,1526.07,1384.71,1384.71,3228.01,3224.58,102.04,176.82,176.82,7.88,3.18,2,1,1,11.65,2.09,5.32,4.58,1.35,11.78,2,1,1,466.57,480.84,17.67,1.57,476.52,1.18,0.21,0.06,0.05,1.34,88.87,43.1,-0.5,0.15,-0.27,0.01,1734.2,49.45,203.32,182.53,21.95,1.31,161.2,5.15,2.29,0.5,0.43,99
R140,1.89,1.42,1.39,1.49,1.38,1.39,1.42,1.89,1.38,121.47,116.67,124.23,120.61,120.76,118.79,118.9,116.84,121.35,126.32,5.21,169.6,169.69,2.54,168.55,6.88,55.11,3.06,3.06,2.39,2.39,400.09,53.2,35.15,172.22,168.95,32.68,61.85,62.51,55.18,402.59,1.89,-0.55,0.34,-0.83,-0.83,0.34,-0.08,-0.08,-0.55,1.89,-0.26,-0.02,1500.07,1277.65,1277.65,787.23,787.23,52.93,94.94,94.94,28.57,28.57,6.38,4.21,6.49,5.23,1.35,3.89,4.92,1.35,3.98,6.38,4.21,6.49,822.06,885.7,40.55,1.84,865.09,3.54,0.06,0.03,0.03,1.28,6.36,-105.46,0.28,-0.63,-0.26,-0.01,1743.78,178.63,306.8,296.45,37.55,1.43,273.33,2.56,0.78,0.14,0.12,99
R146,1.09,1.41,1.38,1.49,1.38,1.38,1.41,1.09,1.38,118.48,117.73,122.55,118.43,118.64,120.11,119.69,117.73,118.34,122.4,0.61,178.71,178.42,0.45,178.42,0.82,52.55,2.59,2.58,2.39,2.39,23.33,62.15,35.73,141.85,170.07,34.82,59.34,58.8,60.99,23.32,0.27,-0.28,0.32,-0.83,-0.83,0.32,-0.08,-0.09,-0.28,0.27,-0.25,-0.02,1524.66,1385.09,1385.09,3224.15,3227.2,96.85,174.22,174.22,4.58,3.67,2,1,1,7.74,2.01,3.86,4.57,1.35,6.83,2,1,1,384.37,393.64,23.33,1.48,401.4,1.02,0.24,0.13,0.1,1.34,80.04,53.6,-0.44,0.03,-0.29,0,1743.25,89.92,175.49,146.86,41.4,1.3,143.14,3.51,3.38,0.69,0.58,99
R147,1.09,1.41,1.38,1.49,1.38,1.38,1.41,1.09,1.38,118.52,117.94,122.49,118.43,118.56,120.05,119.55,117.94,118.36,122.34,0.22,178.66,178.87,0.51,178.71,0.63,52.79,2.59,2.58,2.39,2.39,23.34,62.04,35.74,141.47,172.69,34.82,59.31,58.56,61.09,23.28,0.27,-0.28,0.32,-0.83,-0.83,0.32,-0.08,-0.09,-0.28,0.27,-0.25,-0.02,1526.26,1384.46,1384.46,3232.51,3223.89,97.91,163.72,163.72,6.73,5.36,2,1,1,9.98,2.57,3.87,5.29,1.35,9.75,2,1,1,434.28,449.7,15.51,1.53,447.47,2.21,0.23,0.08,0.07,1.34,80.04,53.6,-0.44,0.03,-0.29,0,1743.25,89.92,175.49,146.86,41.4,1.3,143.14,3.51,3.38,0.69,0.58,99
R152,1.89,1.42,1.4,1.49,1.38,1.39,1.42,1.89,1.38,121.25,116.69,124.35,120.56,120.86,118.68,118.77,116.82,121.3,125.99,6.99,167.89,169.07,2.4,168.33,6.93,55.55,3.05,3.06,2.4,2.4,401.91,54.13,35.71,172.72,171.5,33.26,62.02,62.41,55.54,403.72,1.89,-0.55,0.33,-0.83,-0.83,0.34,-0.08,-0.07,-0.56,1.89,-0.26,-0.03,1498.8,1272.18,1272.18,786.91,786.91,65.57,128.32,128.32,37.77,37.77,6.38,4.21,6.49,5.23,1.35,3.89,4.92,1.35,3.98,6.38,4.21,6.49,825.6,886.42,42.16,1.85,865.09,4.21,0.06,0.03,0.03,1.34,31.4,66.73,-0.05,-0.43,-0.26,0,1716.29,33.77,383.61,365.79,11.27,1.55,322.48,1.85,0.41,0.14,0.12,99
R153,1.09,1.41,1.38,1.49,1.38,1.37,1.41,1.09,1.38,118.46,117.75,122.5,118.43,118.61,120.13,119.72,117.75,118.3,122.34,0.49,178.65,178.46,0.38,178.49,0.71,52.56,2.59,2.58,2.39,2.39,23.31,61.99,35.48,140.79,169.69,34.53,59.37,58.69,60.91,23.32,0.27,-0.28,0.32,-0.83,-0.83,0.32,-0.08,-0.09,-0.28,0.27,-0.25,-0.02,1525.5,1385.31,1385.31,3225.62,3224.92,99.41,192.88,192.88,5.62,6.31,2,1,1,7.72,2,3.86,4.58,1.35,7.56,2,1,1,392.45,402.63,15.53,1.49,399.43,2.62,0.24,0.13,0.1,1.34,80.04,53.6,-0.44,0.03,-0.29,0,1743.25,89.92,175.49,146.86,41.4,1.3,143.14,3.51,3.38,0.69,0.58,99
R170,1.89,1.42,1.39,1.49,1.38,1.39,1.42,1.89,1.38,121.47,116.67,124.23,120.61,120.76,118.79,118.9,116.84,121.35,126.32,5.21,169.6,169.69,2.54,168.55,6.88,55.11,3.06,3.06,2.39,2.39,400.09,53.2,35.15,172.22,168.95,32.68,61.85,62.51,55.18,402.59,1.89,-0.55,0.34,-0.83,-0.83,0.34,-0.08,-0.08,-0.55,1.89,-0.26,-0.02,1500.07,1277.65,1277.65,787.23,787.23,52.93,94.94,94.94,28.57,28.57,6.38,4.21,6.49,5.23,1.35,3.89,4.92,1.35,3.98,6.38,4.21,6.49,822.06,885.7,40.55,1.84,865.09,3.54,0.06,0.03,0.03,1.27,7.4,-109.36,0.28,-0.62,-0.29,-0.04,1750.58,142.62,252.48,234.41,76.06,1.37,242.23,4.7,0.61,0.3,0.22,99
R171,1.09,1.41,1.38,1.49,1.38,1.37,1.41,1.09,1.38,118.46,117.75,122.5,118.43,118.61,120.13,119.72,117.75,118.3,122.34,0.49,178.65,178.46,0.38,178.49,0.71,52.56,2.59,2.58,2.39,2.39,23.31,61.99,35.48,140.79,169.69,34.53,59.37,58.69,60.91,23.32,0.27,-0.28,0.32,-0.83,-0.83,0.32,-0.08,-0.09,-0.28,0.27,-0.25,-0.02,1525.5,1385.31,1385.31,3225.62,3224.92,99.41,192.88,192.88,5.62,6.31,2,1,1,7.72,2,3.86,4.58,1.35,7.56,2,1,1,392.45,402.63,15.53,1.49,399.43,2.62,0.24,0.13,0.1,1.33,51.89,50.27,-0.36,-0.16,-0.32,0,1752.73,50.1,191.24,161.83,39.33,1.33,158.15,3.83,2.56,0.51,0.44,99
R203,1.09,1.41,1.38,1.49,1.38,1.38,1.41,1.09,1.38,118.52,117.94,122.49,118.43,118.56,120.05,119.55,117.94,118.36,122.34,0.22,178.66,178.87,0.51,178.71,0.63,52.79,2.59,2.58,2.39,2.39,23.34,62.04,35.74,141.47,172.69,34.82,59.31,58.56,61.09,23.28,0.27,-0.28,0.32,-0.83,-0.83,0.32,-0.08,-0.09,-0.28,0.27,-0.25,-0.02,1526.26,1384.46,1384.46,3232.51,3223.89,97.91,163.72,163.72,6.73,5.36,2,1,1,9.98,2.57,3.87,5.29,1.35,9.75,2,1,1,434.28,449.7,15.51,1.53,447.47,2.21,0.23,0.08,0.07,1.35,57.04,62.91,-0.2,0.05,-0.27,-0.02,1751.43,44.03,251.68,229.55,41.26,1.39,219.24,2.78,0.77,0.35,0.26,99
R205,1.09,1.41,1.38,1.49,1.38,1.38,1.41,1.09,1.38,118.5,117.86,122.5,118.55,118.62,120.11,119.62,117.86,118.34,122.34,0.3,178.66,178.73,0.87,178.3,0.59,52.85,2.59,2.58,2.39,2.39,23.32,62.09,35.87,141.95,172.27,34.95,59.14,58.58,60.9,23.33,0.27,-0.28,0.32,-0.83,-0.83,0.32,-0.08,-0.09,-0.28,0.27,-0.25,-0.02,1526.07,1384.71,1384.71,3228.01,3224.58,102.04,176.82,176.82,7.88,3.18,2,1,1,11.65,2.09,5.32,4.58,1.35,11.78,2,1,1,466.57,480.84,17.67,1.57,476.52,1.18,0.21,0.06,0.05,1.34,87.83,44.15,-0.49,0.14,-0.27,0,1734.31,52.87,218.94,196.14,21.97,1.34,195.65,3.63,2.11,0.28,0.25,99
R208,1.4,1.43,1.86,1.5,1.4,1.86,1.42,1.4,1.39,118.72,115.59,116.88,121.5,120.04,115.86,126.92,127.06,120.88,117.03,0.95,172.66,169.26,0.31,171.34,6.12,76.2,2.94,3.27,2.79,2.94,90.73,35.54,46.14,375.83,389.03,45.16,37.47,40.28,32.59,71.7,-0.56,0.29,-0.35,0.9,0.91,-0.36,-0.01,-0.03,0.3,-0.56,-0.25,-0.03,1095.76,1171.49,1164.96,1236.8,1257.87,6.03,320.99,144.9,204.5,131.21,6.23,1.69,4.25,7.12,2.38,5.84,7.12,2.38,5.84,6.23,1.69,4.25,782.75,861.63,33.9,1.79,822.92,4.19,0.06,0.04,0.04,1.33,80.81,50.47,-0.44,0.03,-0.3,0.01,1741.77,389.88,173.2,146,44.92,1.29,143.14,8.49,2.06,1,0.92,99
R209,1.09,1.41,1.37,1.49,1.38,1.38,1.41,1.09,1.38,118.29,117.64,122.25,118.76,118.48,119.61,120.11,117.91,118.46,122.45,0.25,178.41,178.36,0.04,178.64,0.49,52.67,2.58,2.59,2.39,2.39,23.3,61.12,34.48,141.59,169.68,35.55,58.62,59.44,62.03,23.31,0.27,-0.28,0.32,-0.83,-0.83,0.32,-0.08,-0.09,-0.28,0.27,-0.25,-0.02,1521.61,1252,1280.81,3225.36,3233.88,104.79,45.37,141.12,5.43,10.07,2,1,1,7.75,2.01,3.87,4.65,1.35,7.56,2,1,1,392.82,402.68,15.6,1.49,399.43,2.59,0.24,0.13,0.1,1.28,14.83,-110.19,0.33,-0.49,-0.25,-0.01,1759.93,336.78,325.1,306.92,24.61,1.48,285.34,1.67,0.65,0.14,0.12,99
R282,1.49,1.43,1.38,1.49,1.38,1.37,1.43,1.49,1.38,121.56,119.48,121.56,120.98,120.03,122.67,118.96,116.11,121.97,121.14,3.49,176.17,175.1,8.46,177.17,5.91,73.91,2.89,2.83,2.43,2.38,44.48,43.48,30.97,228.77,227.93,36.38,59.86,58.22,44.65,44.08,-0.06,-0.08,0.36,-0.81,-0.81,0.36,-0.09,-0.08,-0.07,-0.05,-0.25,-0.02,1050.05,1269.46,1269.46,1211.73,1211.73,61.95,241.46,241.46,98.16,98.16,6.33,1.62,4.37,7.48,1.52,6.53,7.48,1.52,6.53,6.33,1.62,4.37,823.83,917.16,6.67,1.8,862.99,1.12,0.05,0.04,0.03,1.36,85.16,30.23,-0.42,0.25,-0.28,-0.03,1695,777.04,269.82,247.1,42.21,1.42,233.27,4.5,0.78,0.27,0.21,99
R284,1.09,1.41,1.38,1.49,1.38,1.37,1.41,1.09,1.38,118.46,117.75,122.5,118.43,118.61,120.13,119.72,117.75,118.3,122.34,0.49,178.65,178.46,0.38,178.49,0.71,52.56,2.59,2.58,2.39,2.39,23.31,61.99,35.48,140.79,169.69,34.53,59.37,58.69,60.91,23.32,0.27,-0.28,0.32,-0.83,-0.83,0.32,-0.08,-0.09,-0.28,0.27,-0.25,-0.02,1525.5,1385.31,1385.31,3225.62,3224.92,99.41,192.88,192.88,5.62,6.31,2,1,1,7.72,2,3.86,4.58,1.35,7.56,2,1,1,392.45,402.63,15.53,1.49,399.43,2.62,0.24,0.13,0.1,1.34,87.83,44.15,-0.49,0.14,-0.27,0,1734.31,52.87,218.94,196.14,21.97,1.34,195.65,3.63,2.11,0.28,0.25,99
R357,1.4,1.43,1.86,1.5,1.4,1.86,1.42,1.4,1.39,118.72,115.59,116.88,121.5,120.04,115.86,126.92,127.06,120.88,117.03,0.95,172.66,169.26,0.31,171.34,6.12,76.2,2.94,3.27,2.79,2.94,90.73,35.54,46.14,375.83,389.03,45.16,37.47,40.28,32.59,71.7,-0.56,0.29,-0.35,0.9,0.91,-0.36,-0.01,-0.03,0.3,-0.56,-0.25,-0.03,1095.76,1171.49,1164.96,1236.8,1257.87,6.03,320.99,144.9,204.5,131.21,6.23,1.69,4.25,7.12,2.38,5.84,7.12,2.38,5.84,6.23,1.69,4.25,782.75,861.63,33.9,1.79,822.92,4.19,0.06,0.04,0.04,1.33,61.66,47.91,-0.38,0,-0.31,-0.01,1738.29,229.01,150.24,125.17,46.99,1.24,129.12,10.36,3.09,1.18,0.88,99
R358,1.09,1.41,1.38,1.49,1.38,1.38,1.41,1.09,1.38,118.48,117.73,122.55,118.43,118.64,120.11,119.69,117.73,118.34,122.4,0.61,178.71,178.42,0.45,178.42,0.82,52.55,2.59,2.58,2.39,2.39,23.33,62.15,35.73,141.85,170.07,34.82,59.34,58.8,60.99,23.32,0.27,-0.28,0.32,-0.83,-0.83,0.32,-0.08,-0.09,-0.28,0.27,-0.25,-0.02,1524.66,1385.09,1385.09,3224.15,3227.2,96.85,174.22,174.22,4.58,3.67,2,1,1,7.74,2.01,3.86,4.57,1.35,6.83,2,1,1,384.37,393.64,23.33,1.48,401.4,1.02,0.24,0.13,0.1,1.34,88.87,43.1,-0.5,0.15,-0.27,0.01,1734.2,49.45,203.32,182.53,21.95,1.31,161.2,5.15,2.29,0.5,0.43,99
R363,1.49,1.43,1.38,1.49,1.38,1.37,1.43,1.49,1.38,121.56,119.48,121.56,120.98,120.03,122.67,118.96,116.11,121.97,121.14,3.49,176.17,175.1,8.46,177.17,5.91,73.91,2.89,2.83,2.43,2.38,44.48,43.48,30.97,228.77,227.93,36.38,59.86,58.22,44.65,44.08,-0.06,-0.08,0.36,-0.81,-0.81,0.36,-0.09,-0.08,-0.07,-0.05,-0.25,-0.02,1050.05,1269.46,1269.46,1211.73,1211.73,61.95,241.46,241.46,98.16,98.16,6.33,1.62,4.37,7.48,1.52,6.53,7.48,1.52,6.53,6.33,1.62,4.37,823.83,917.16,6.67,1.8,862.99,1.12,0.05,0.04,0.03,1.36,84.48,30.2,-0.41,0.25,-0.28,-0.03,1698.97,667.01,250.02,228.92,42.25,1.38,219.24,3.83,0.81,0.35,0.26,99
R368,1.89,1.42,1.39,1.49,1.38,1.39,1.42,1.89,1.38,121.47,116.67,124.23,120.61,120.76,118.79,118.9,116.84,121.35,126.32,5.21,169.6,169.69,2.54,168.55,6.88,55.11,3.06,3.06,2.39,2.39,400.09,53.2,35.15,172.22,168.95,32.68,61.85,62.51,55.18,402.59,1.89,-0.55,0.34,-0.83,-0.83,0.34,-0.08,-0.08,-0.55,1.89,-0.26,-0.02,1500.07,1277.65,1277.65,787.23,787.23,52.93,94.94,94.94,28.57,28.57,6.38,4.21,6.49,5.23,1.35,3.89,4.92,1.35,3.98,6.38,4.21,6.49,822.06,885.7,40.55,1.84,865.09,3.54,0.06,0.03,0.03,1.28,6.83,-104.72,0.28,-0.63,-0.28,0,1746.85,171.21,232.79,217.66,37.49,1.33,215.23,2.27,1.1,0.3,0.26,99
R5,1.09,1.41,1.38,1.49,1.38,1.38,1.41,1.08,1.38,118.56,118.02,122.68,118.87,119.22,119.89,119.29,117.31,118.48,122.79,0.01,178.67,178.06,0.57,178.67,0.11,53.4,2.59,2.58,2.4,2.39,23.26,62.43,37.75,161.04,140.74,36.19,58.47,8.41,60.11,23.17,0.28,-0.28,0.31,-0.84,-0.83,0.32,-0.08,-0.08,-0.28,0.28,-0.25,-0.02,1524.23,1250.49,1278.61,3226.68,3228.64,88.55,138.35,239.02,2.95,7.76,2,1,1,4,1.35,9.44,10.39,1.7,3.96,2,1,1,428.1,439.74,19.96,1.53,436.45,2.9,0.24,0.09,0.07,1.33,49.8,52.44,-0.15,-0.36,-0.33,0,1749.08,25.91,191.37,161.86,39.51,1.33,158.15,1.4,3.49,0.46,0.42,99.2
R196,1.09,1.43,1.85,1.5,1.39,1.86,1.42,1.09,1.39,119.36,116.94,118.88,121.55,119.99,117.77,123,122.69,119.53,119.51,8.89,176.85,173.43,2.8,179.24,2.76,79.95,2.89,3.03,2.8,2.89,23,53.96,41.44,366.24,383.3,39.66,37.48,42.35,55.16,23.88,0.27,-0.25,-0.33,0.9,0.91,-0.33,-0.02,-0.04,-0.25,0.27,-0.25,-0.02,1228.24,1197.77,1173.17,3218.98,3224.16,0.86,1.58,1.38,2.12,7.92,2,1,1,7.12,2.38,5.84,7.12,2.38,5.84,2,1,1,597.86,662.41,0,1.63,622.69,3.05,0.09,0.06,0.06,1.35,46.92,64.12,0.17,-0.23,-0.25,-0.02,1747.22,30.88,406.3,397.05,41.1,1.56,383.44,4.66,0.35,0.08,0.07,99.5
R198,1.09,1.43,1.85,1.5,1.39,1.86,1.42,1.09,1.39,119.36,116.94,118.88,121.55,119.99,117.77,123,122.69,119.53,119.51,8.89,176.85,173.43,2.8,179.24,2.76,79.95,2.89,3.03,2.8,2.89,23,53.96,41.44,366.24,383.3,39.66,37.48,42.35,55.16,23.88,0.27,-0.25,-0.33,0.9,0.91,-0.33,-0.02,-0.04,-0.25,0.27,-0.25,-0.02,1228.24,1197.77,1173.17,3218.98,3224.16,0.86,1.58,1.38,2.12,7.92,2,1,1,7.12,2.38,5.84,7.12,2.38,5.84,2,1,1,597.86,662.41,0,1.63,622.69,3.05,0.09,0.06,0.06,1.35,50.25,71.16,0.18,-0.25,-0.25,-0.02,1734.46,208.91,390.77,379.33,41.58,1.54,369.42,4.84,0.38,0.08,0.07,99.5
R36,1.09,1.41,1.38,1.49,1.38,1.38,1.41,1.09,1.38,118.41,116.44,122.46,120.07,119.36,118.82,120.98,118.25,118.56,122.93,0.01,175.98,171.73,0.4,178.82,0.29,53.94,2.56,2.6,2.38,2.4,24.17,60.41,37.27,156.22,145.93,38.48,58.37,0.91,62.23,23.19,0.27,-0.27,0.33,-0.84,-0.83,0.31,-0.08,-0.08,-0.28,0.28,-0.25,-0.02,1522.83,1243.98,1277.75,3226.17,3229.65,87.56,25.47,159.85,6.24,3.46,2,1,1,7.43,1.35,7.03,5.43,1.35,6.27,2,1,1,416.63,438.08,21.3,1.49,436.45,2.07,0.22,0.12,0.09,1.33,49.8,52.44,-0.15,-0.36,-0.33,0,1749.08,25.91,191.37,161.86,39.51,1.33,158.15,1.4,3.49,0.46,0.42,99.6
R218,1.49,1.43,1.38,1.49,1.38,1.36,1.44,1.49,1.38,120.02,118.38,121.94,120.1,120.23,123.64,119.54,114.79,122.14,121.49,6.16,178.26,175.58,5.46,173.14,9.92,79.75,2.83,2.81,2.41,2.36,43.03,42.76,29.13,235.07,222.47,35.5,62.22,57.72,48.74,44,-0.06,-0.08,0.37,-0.81,-0.81,0.37,-0.1,-0.08,-0.07,-0.06,-0.25,-0.01,1113.68,1285,1285,1337.08,1337.08,3.74,98.12,98.12,17.66,17.66,6.36,1.5,3.15,7.48,1.52,6.53,7.48,1.52,6.53,6.36,1.5,3.15,762.46,845.38,6.56,1.76,806.88,1.18,0.06,0.04,0.04,1.33,86.86,47.29,-0.47,0.05,-0.29,0.02,1753.9,139.7,172.01,145.99,44.2,1.28,143.14,6.34,2.04,1.01,0.92,99.9
