{"partial charges": 0.36186848431642515, "mulliken charges": 0.3745904958674684, "cm5 charges": 0.31502750342865826, "FUKUI+": -0.15996426938734165, "FUKUI-": -0.10599106734683542, "FUKUIrad": -0.13297766836708855, "s proportion": 1.5199955336734177, "p proportion": 2.024, "d proportion": 1.0809955336734178, "Coordination numbers": 3.898973202040507, "Dispersion coefficient C6": 145.15273557242278, "Polarizability alpha": 21.64183251275316, "FOD": 0.018997766836708854, "FOD s proportion": 0.003, "FOD p proportion": 0.007000000000000001, "FOD d proportion": 0.008000000000000002, "DBSTEP_Vbur": 59.232401600107615, "total energy": -44.14040340360737, "HOMO-LUMO gap/eV": 3.181561213387048, "electronic energy": -44.53954847616705, "Dipole module/D": 2.462272041375967, "Total charge": 0.0, "HOMO": -10.075950423774938, "LUMO": -6.894439298413037, "Fermi-level/eV": -8.48514497275215, "Total dispersion C6": 13102.592678698014, "Total dispersion C8": 414451.65811453975, "Total polarizability alpha": 180.74912524798634, "Total FOD": 0.16148101811202523, "NHOHCount": 0, "FractionCSP3": 1.0, "NOCount": 2, "NumAliphaticRings": 0, "NumAromaticRings": 0, "NumHAcceptors": 5, "NumHDonors": 0, "NumHeteroatoms": 6, "NumRotatableBonds": 11, "TPSA": 18.46, "MolLogP": 3.727700000000003}