solvent,dG,beta,gamma,dielectric,dispersion,polar,hydrogen,sum,dipole,Sig2,sample,Set,dG_pred
NMP,1.239358686,0.75,57.88,32.0,18.0,12.3,7.2,37.5,5.9686,63.3,TEST,Validation,1.3631241063868127
"1,2-dichlorobenzene",0.461561021,0.04,52.72,9.9949,19.2,6.3,3.3,28.8,3.635,25.2,TRAIN,Validation,0.5657886814792413
dibutyl ether,0.330386051,0.45,35.98,3.0473,14.4,2.9,5.1,22.4,1.6257,28.4947,TRAIN,Validation,0.5236702853752683
mesitylene,0.905895283,0.19,39.65,2.265,18.0,1.0,1.0,20.0,0.1778,24.6,TRAIN,Validation,0.4956198864937278
benzonitrile,0.927365682,0.33,55.83,25.592,17.4,9.0,3.3,29.7,6.3402,47.3,TEST,Validation,0.8491049986327781
pyridine,0.824073987,0.52,52.62,12.978,19.0,8.8,5.9,33.7,3.2306,42.0,TRAIN,Validation,0.9471128270457654
tetralin,0.745981478,0.19,47.74,2.771,19.6,2.0,2.9,24.5,1.2577962,24.0069,TEST,Validation,0.5832645317687685
xylenes,0.234883696,0.16,41.38,2.3879,17.8,1.0,3.1,21.9,0.4794967,24.2107,TEST,Validation,0.4896549791376814
