Name,Target_values,x2,x5,x6,x7,x8,x9,x10,x11,Csub-Csub,Csub-H,Csub-O,H-O,Set,Target_values_pred
8,1.129601283,111.5555725,78.75331879,8.992318787,1,0,1,1,2,1,0,0,0,Validation,1.0125968897861108
13,2.221390241,110.5127563,77.87947083,43.34847083,2,0,0,0,2,1,0,0,0,Validation,2.3391507435662975
15,1.883806797,110.719635,89.83821106,42.27521106,2,0,0,0,2,0,1,0,0,Validation,2.0729050657179116
17,1.902644865,110.7536316,89.6808548,41.8678548,2,0,0,0,2,0,1,0,0,Validation,2.070659317839388
18,2.312908191,110.959137,78.64178467,43.36078467,2,0,0,0,2,1,0,0,0,Validation,2.339266277157206
22,2.391560251,110.9408264,78.66916656,37.94816656,2,0,0,0,2,1,0,0,0,Validation,2.288482832962367
26,1.006818535,112.2061539,67.16915131,4.748151306,1,1,0,1,2,0,0,1,0,Validation,1.016241884174545
35,0.410599034,111.6276932,59.93067169,-76.49032831,0,2,1,3,3,0,0,1,0,Validation,0.31965928592733805
