Name,Target_values,x1,x2,x3,x4,x5,x6,x7,x8,x9,x10,x11,Target_values_pred
1,1.854766065,12.0,110.9270401,70.8240401,Csub-H,89.87553406,49.77253406,1,0,0,0,1,1.8490341042917762
2,2.034511341,11.7,110.6553116,70.25231158,Csub-Csub,78.65235138,55.53135138,1,0,0,0,1,1.8570412738367215
3,0.860667495,-23.05,112.0635071,36.91050708,H-O,88.85021973,13.69721973,0,0,1,1,1,0.82702757489797
4,1.026447198,-16.24,112.101181,43.75818103,Csub-O,69.10329437,18.04229437,0,1,0,1,1,0.9780547991242257
