code_name,solub,smiles,mulliken charges,Dipole module/D,HOMO,Total polarizability alpha,Total FOD,NOCount,NumAliphaticRings,NumHDonors,NumRotatableBonds,TPSA,MolLogP,Set,solub_pred
mol_16,-1.41,CC(C)Cl,0.0,2.341,-11.0571,52.161938,0.0018,0,0,0,2,0.0,1.6336,Validation,-1.5957132651458201
mol_26,-1.81,CCCCCCCO,0.0,1.986401187007285,-11.075120134338066,91.45246200973052,0.0,1,0,1,7,20.23,1.9491,Validation,-1.6057946595577417
mol_45,-0.63,CC(C)OC=O,0.0,2.564,-11.6983,58.275329,0.0206,2,0,0,3,26.3,0.5678000000000001,Validation,-0.6434299440762457
mol_60,-0.19,CCCC(=O)C,0.0,3.399674263410741,-10.730800707513987,64.78935421491506,0.049702040952993,1,0,0,4,17.07,1.3755,Validation,-0.8649449070451181
mol_1127,-3.18,CCC(C)C,0.0,0.023,-11.3667,63.493934,0.0,0,0,0,4,0.0,2.0524,Validation,-2.9087842678198
