Name,Target_values,x2,x5,x6,x7,x8,x9,x10,x11,Csub-Csub,Csub-H,Csub-O,H-O,Set,Target_values_pred
15,1.883806797,110.719635,89.83821106,42.27521106,2,0,0,0,2,0,1,0,0,Validation,2.020452764975
17,1.902644865,110.7536316,89.6808548,41.8678548,2,0,0,0,2,0,1,0,0,Validation,2.0440787128749998
18,2.312908191,110.959137,78.64178467,43.36078467,2,0,0,0,2,1,0,0,0,Validation,2.2596842022749994
35,0.410599034,111.6276932,59.93067169,-76.49032831,0,2,1,3,3,0,0,1,0,Validation,0.3419879788000001
