Name,x1,x2,x3,x4,x5,x6,x7,x8,x9,x10,x11,Target_values_pred,Target_values_pred_sd
38,12.0,110.9270401,70.8240401,Csub-H,89.87553406,49.77253406,1,0,0,0,1,1.9034509396337969,0.23139162530869783
39,11.7,110.6553116,70.25231158,Csub-Csub,78.65235138,55.53135138,1,0,0,0,1,1.8360744667103774,0.2308964179588102
40,-23.05,112.0635071,36.91050708,H-O,88.85021973,13.69721973,0,0,1,1,1,0.8668617007171155,0.23001532945658926
41,-16.24,112.101181,43.75818103,Csub-O,69.10329437,18.04229437,0,1,0,1,1,1.0570764527081868,0.21211857030822653
42,-101.6,111.0308151,-42.67218488,H-O,84.12934875,-69.57365125,2,0,1,1,3,1.1819560528458248,0.24688501408973448
43,-101.6,111.6276932,-42.07530682,Csub-O,59.93067169,-76.49032831,0,2,1,3,3,0.36289164003324986,0.2374141406633137
44,-101.6,110.7593079,-42.94369214,Csub-O,59.81459808,-76.60640192,0,2,1,3,3,0.4249083684301823,0.23741414066331373
45,-101.6,115.2292938,-38.47370618,Csub-O,70.45233154,-65.96866846,0,2,1,3,3,0.39823869490773023,0.2201961248474511
46,4.29,110.7536316,62.94063159,Csub-H,89.6808548,41.8678548,2,0,0,0,2,1.9338569601563709,0.22195320011221784
