Name,x2,x7,x8,x9,x10,x11,Csub-Csub,Csub-H,H-O,Target_values_pred,Target_values_pred_sd
38,110.9270401,1,0,0,0,1,False,True,False,1.753831004793896,0.2
39,110.6553116,1,0,0,0,1,True,False,False,1.6616478853668877,0.19
40,112.0635071,0,0,1,1,1,False,False,True,0.8159464846213476,0.09
41,112.101181,0,1,0,1,1,False,False,False,0.8924375393989473,0.06
42,111.0308151,2,0,1,1,3,False,False,True,1.3215452666479903,0.26
43,111.6276932,0,2,1,3,3,False,False,False,0.3664838773548268,0.04
44,110.7593079,0,2,1,3,3,False,False,False,0.3725433113911357,0.05
45,115.2292938,0,2,1,3,3,False,False,False,0.35194973888994213,0.04
46,110.7536316,2,0,0,0,2,False,True,False,1.9516702590941255,0.07
