Name,x7,x10,x9,Target_values_pred,Target_values_pred_sd
38,1,0,0,1.688580043637469,0.11
39,1,0,0,1.688580043637469,0.11
40,0,1,1,0.81434497731962,0.05
41,0,1,0,0.8725792106127912,0.05
42,2,1,1,1.5057304860621061,0.11
43,0,3,1,0.34861059412849515,0.01
44,0,3,1,0.34861059412849515,0.01
45,0,3,1,0.34861059412849515,0.01
46,2,0,0,2.17565631918241,0.06
